,road_types,avg_speed
0,"['primary', 'trunk']",84.41886548964088
1,"['motorway', 'trunk']",85.09722443099433
2,primary_link,64.24561520740518
3,secondary_link,70.0
4,trunk_link,80.0
5,motorway,99.99999999999999
6,secondary,59.42151345765029
7,primary,64.97973158038891
8,trunk,79.16509893213826
9,motorway_link,100.68905841302528
