,road_types,avg_speed
0,unclassified,50.0
1,secondary,49.99999999999999
2,residential,31.123654775587678
3,tertiary,44.207905571981264
