osmid,name,infra_type,oneway,reversed,length,rfid_c,rfid,avgspeed,time,lanes,ref,maxspeed,junction,access,F_EV1_mi,F_EV1_ma,F_EV1_me,F_EV1_fr,road_type,lanes_copy,dam_EV1_HZ
10879764,South 12th Street,residential,False,False,12.902,1,1,44.0,0.0,2.0,None,None,None,None,0.9700000286102295,1.0299999713897705,1.0,1.0,other,2.0,812.83
10879764,South 12th Street,residential,False,True,12.792,2,2,44.0,0.0,2.0,None,None,None,None,0.9599999785423279,1.0299999713897705,0.9900000095367432,1.0,other,2.0,799.37
128600936,Beach Boulevard,primary,False,False,23.506,3,3,56.0,0.0,5.0,US 90,35 mph,None,None,0.8899999856948853,1.0299999713897705,0.9600000381469727,1.0,primary,5.0,4776.42
128600936,Beach Boulevard,primary,False,True,13.462,4,4,56.0,0.0,5.0,US 90,35 mph,None,None,0.9700000286102295,1.0299999713897705,1.006666660308838,1.0,primary,5.0,2838.69
10886116,11th Street North,residential,False,False,12.704,5,5,44.0,0.0,2.0,None,None,None,None,0.8100000023841858,0.8199999928474426,0.8133333524068197,1.0,other,2.0,679.41
128600936,Beach Boulevard,primary,False,False,19.204,6,6,56.0,0.0,5.0,US 90,35 mph,None,None,0.7200000286102295,0.8100000023841858,0.7699999809265137,1.0,primary,5.0,3281.96
128600936,Beach Boulevard,primary,False,True,6.001,7,7,56.0,0.0,5.0,US 90,35 mph,None,None,0.7799999713897705,0.8100000023841858,0.7949999570846558,1.0,primary,5.0,1051.08
10878786,10th Street South,residential,False,False,13.071,8,8,44.0,0.0,2.0,None,None,None,None,0.44999998807907104,0.6100000143051147,0.5649999976158142,1.0,other,2.0,533.49
10886114,North 10th Street,residential,False,False,13.071,9,9,56.0,0.0,2.0,None,35 mph,None,None,0.6100000143051147,0.6299999952316284,0.6200000047683716,1.0,other,2.0,570.16
128600936,Beach Boulevard,primary,False,False,48.309,10,10,56.0,0.001,5.0,US 90,35 mph,None,None,0.6100000143051147,0.6700000166893005,0.6342857224600655,1.0,primary,5.0,7141.45
128600936,Beach Boulevard,primary,False,True,22.593,11,11,56.0,0.0,5.0,US 90,35 mph,None,None,0.6100000143051147,0.6200000047683716,0.6133333444595337,1.0,primary,5.0,3259.42
10874111,North 9th Street,residential,False,False,12.486,12,12,44.0,0.0,2.0,None,None,None,None,0.7900000214576721,0.8199999928474426,0.8066666920979818,1.0,other,2.0,663.51
10884136,South 9th Street,tertiary,False,False,15.644,13,13,50.0,0.0,2.0,None,None,None,None,0.6299999952316284,0.8199999928474426,0.746666669845581,1.0,tertiary,2.0,914.03
128600936,Beach Boulevard,primary,False,False,8.93,14,14,56.0,0.0,5.0,US 90,35 mph,None,None,0.8199999928474426,0.8399999737739563,0.8299999833106995,1.0,primary,5.0,1617.22
128600936,Beach Boulevard,primary,False,True,11.59,15,15,56.0,0.0,5.0,US 90,35 mph,None,None,0.7699999809265137,0.8199999928474426,0.7933332920074463,1.0,primary,5.0,2026.7
10880336,North 8th Street,residential,False,False,12.428,16,16,44.0,0.0,2.0,None,None,None,None,1.0800000429153442,1.100000023841858,1.090000033378601,1.0,other,2.0,826.59
10894908,South 8th Street,residential,False,False,12.778,17,17,44.0,0.0,2.0,None,None,None,None,1.100000023841858,1.1699999570846558,1.1349999904632568,1.0,other,2.0,872.29
128600936,Beach Boulevard,primary,False,False,42.797,18,18,56.0,0.001,5.0,US 90,35 mph,None,None,1.100000023841858,1.1299999952316284,1.1066667238871257,1.0,primary,5.0,9580.82
128600936,Beach Boulevard,primary,False,True,22.047,19,19,56.0,0.0,5.0,US 90,35 mph,None,None,1.0399999618530273,1.100000023841858,1.0633333524068196,1.0,primary,5.0,4811.39
10884265,7th Street North,residential,False,False,12.23,20,20,44.0,0.0,2.0,None,None,None,None,1.2300000190734863,1.25,1.2400000095367432,1.0,other,2.0,884.96
10884324,7th Street South,residential,False,False,12.973,21,21,44.0,0.0,2.0,None,None,None,None,1.159999966621399,1.2999999523162842,1.2366665999094646,1.0,other,2.0,937.04
435255811,Beach Boulevard,primary,False,False,17.092,22,22,56.0,0.0,4.0,US 90,35 mph,None,None,1.25,1.2799999713897705,1.2633333206176758,1.0,primary,4.0,3548.27
435255811,Beach Boulevard,primary,False,True,9.66,23,23,56.0,0.0,4.0,US 90,35 mph,None,None,1.2300000190734863,1.25,1.2400000095367432,1.0,primary,4.0,1980.49
10879843,South 6th Street,residential,False,False,13.118,24,24,44.0,0.0,2.0,None,None,None,None,1.5099999904632568,1.5299999713897705,1.5199999809265137,1.0,other,2.0,1090.11
10883745,North 6th Street,residential,False,False,12.135,25,25,44.0,0.0,2.0,None,None,None,None,1.4500000476837158,1.5099999904632568,1.4800000190734863,1.0,other,2.0,991.67
435255811,Beach Boulevard,primary,False,False,38.898,26,26,56.0,0.001,4.0,US 90,35 mph,None,None,1.5,1.5399999618530273,1.5139999389648438,1.0,primary,4.0,9138.7
435255811,Beach Boulevard,primary,False,True,18.945,27,27,56.0,0.0,4.0,US 90,35 mph,None,None,1.440000057220459,1.5099999904632568,1.4733333587646484,1.0,primary,4.0,4372.57
10876469,South 5th Street,residential,False,False,12.607,28,29,44.0,0.0,2.0,None,None,None,None,1.5099999904632568,1.7599999904632568,1.6349999904632568,1.0,other,2.0,1091.14
435255811,Beach Boulevard,primary,False,False,108.029,29,28,56.0,0.002,4.0,US 90,35 mph,None,None,1.7599999904632568,2.009999990463257,1.8423077509953425,1.0,primary,4.0,28395.01
435255811,Beach Boulevard,primary,False,True,50.669,30,30,56.0,0.001,4.0,US 90,35 mph,None,None,1.590000033378601,1.7599999904632568,1.6742857524326868,1.0,primary,4.0,12594.5
10874232,3rd Street South,primary,True,False,12.646,31,32,56.0,0.0,2.0,FL A1A,35 mph,None,None,1.7699999809265137,1.809999942779541,1.7899999618530273,1.0,primary,2.0,1922.19
683228798,Beach Boulevard,primary,True,False,17.39,32,31,56.0,0.0,2.0,US 90,35 mph,None,None,1.6799999475479126,1.7699999809265137,1.7399999300638835,1.0,primary,2.0,2599.8
351669852,Beach Boulevard,residential,False,False,5.553,33,33,44.0,0.0,2.0,None,None,None,None,1.9700000286102295,2.0,1.9850000143051147,1.0,other,2.0,538.92
633038681,None,tertiary,True,False,0.934,34,34,50.0,0.0,2.0,None,None,roundabout,None,1.9700000286102295,1.9700000286102295,1.9700000286102295,1.0,tertiary,2.0,105.26
122483548,1st Avenue South,residential,False,False,5.838,35,35,44.0,0.0,2.0,None,None,None,None,2.3399999141693115,2.3499999046325684,2.3449997901916504,1.0,other,2.0,614.52
122483548,1st Avenue South,residential,False,True,5.609,36,36,44.0,0.0,2.0,None,None,None,None,2.3499999046325684,2.3499999046325684,2.3499999046325684,1.0,other,2.0,591.05
683228857,2nd Street South,residential,False,False,22.827,37,37,40.0,0.001,2.0,None,25 mph,None,None,2.2899999618530273,2.3499999046325684,2.3299999237060547,1.0,other,2.0,2395.12
683228857,2nd Street South,residential,False,True,14.984,38,38,40.0,0.0,2.0,None,25 mph,None,None,2.2300000190734863,2.3499999046325684,2.309999942779541,1.0,other,2.0,1565.45
683228845,South 2nd Street,residential,False,False,8.871,39,39,40.0,0.0,2.0,None,25 mph,None,None,2.2799999713897705,2.299999952316284,2.2899999618530273,1.0,other,2.0,922.81
683228849,2nd Avenue South,residential,False,True,6.718,40,40,44.0,0.0,2.0,None,None,None,None,2.259999990463257,2.299999952316284,2.2799999713897705,1.0,other,2.0,697.33
683228850,2nd Avenue South,residential,False,False,5.696,41,41,44.0,0.0,2.0,None,None,None,None,2.2799999713897705,2.299999952316284,2.2899999618530273,1.0,other,2.0,592.53
683228857,2nd Street South,residential,False,True,8.86,42,42,40.0,0.0,2.0,None,25 mph,None,None,2.2200000286102295,2.299999952316284,2.259999990463257,1.0,other,2.0,915.68
10868875,South 2nd Street,residential,False,False,24.753,43,43,40.0,0.001,2.0,None,25 mph,None,None,1.9199999570846558,2.109999895095825,2.0249998569488525,1.0,other,2.0,2427.34
683228845,South 2nd Street,residential,False,True,22.592,44,44,40.0,0.001,2.0,None,25 mph,None,None,2.109999895095825,2.1600000858306885,2.133333206176758,1.0,other,2.0,2270.5
683228853,3rd Avenue South,residential,False,False,6.531,45,45,44.0,0.0,2.0,None,None,None,None,2.109999895095825,2.109999895095825,2.109999895095825,1.0,other,2.0,652.94
683228856,3rd Avenue South,residential,False,True,6.837,46,46,44.0,0.0,2.0,None,None,None,None,2.109999895095825,2.140000104904175,2.125,1.0,other,2.0,685.84
10868875,South 2nd Street,residential,False,False,4.008,47,43,40.0,0.0,2.0,None,25 mph,None,None,1.9299999475479126,1.9299999475479126,1.9299999475479126,1.0,other,2.0,382.36
10868875,South 2nd Street,residential,False,True,10.508,48,48,40.0,0.0,2.0,None,25 mph,None,None,1.9299999475479126,1.9900000095367432,1.9600000381469727,1.0,other,2.0,1011.92
10868875,South 2nd Street,residential,False,False,27.878,49,47,40.0,0.001,2.0,None,25 mph,None,None,1.940000057220459,2.049999952316284,1.9850000143051147,1.0,other,2.0,2705.56
10868875,South 2nd Street,residential,False,True,37.514,50,48,40.0,0.001,2.0,None,25 mph,None,None,1.9299999475479126,2.0899999141693115,2.021666685740153,1.0,other,2.0,3675.9
122483552,4th Avenue South,residential,False,False,7.689,51,49,44.0,0.0,2.0,None,None,None,None,2.009999990463257,2.049999952316284,2.0299999713897705,1.0,other,2.0,754.87
122483552,4th Avenue South,residential,False,True,5.871,52,50,44.0,0.0,2.0,None,None,None,None,2.049999952316284,2.059999942779541,2.054999828338623,1.0,other,2.0,579.69
10868875,South 2nd Street,residential,False,False,50.338,53,51,40.0,0.001,2.0,None,25 mph,None,None,1.8200000524520874,1.8600000143051147,1.8457141603742326,1.0,other,2.0,4674.96
10868875,South 2nd Street,residential,False,True,53.734,54,52,40.0,0.001,2.0,None,25 mph,None,None,1.8600000143051147,1.8899999856948853,1.8771427699497767,1.0,other,2.0,5041.02
83591037,5th Avenue South,residential,False,False,8.02,55,53,44.0,0.0,2.0,None,None,None,None,1.8600000143051147,1.8600000143051147,1.8600000143051147,1.0,other,2.0,748.27
83591037,5th Avenue South,residential,False,True,5.163,56,54,44.0,0.0,2.0,None,None,None,None,1.8200000524520874,1.8600000143051147,1.840000033378601,1.0,other,2.0,478.61
10868875,South 2nd Street,residential,False,False,52.918,57,55,40.0,0.001,2.0,None,25 mph,None,None,1.7100000381469727,1.7899999618530273,1.752857072012765,1.0,other,2.0,4767.16
10868875,South 2nd Street,residential,False,True,52.113,58,56,40.0,0.001,2.0,None,25 mph,None,None,1.7799999713897705,1.8600000143051147,1.8071428026471819,1.0,other,2.0,4779.51
122483553,6th Avenue South,residential,False,False,6.371,59,57,44.0,0.0,2.0,None,None,None,None,1.7799999713897705,1.7899999618530273,1.784999966621399,1.0,other,2.0,580.08
122483553,6th Avenue South,residential,False,True,6.798,60,58,44.0,0.0,2.0,None,None,None,None,1.7899999618530273,1.7899999618530273,1.7899999618530273,1.0,other,2.0,619.98
10868875,South 2nd Street,residential,False,False,48.354,61,59,40.0,0.001,2.0,None,25 mph,None,None,1.7100000381469727,1.7999999523162842,1.7514286041259766,1.0,other,2.0,4353.93
10868875,South 2nd Street,residential,False,True,53.235,62,60,40.0,0.001,2.0,None,25 mph,None,None,1.6299999952316284,1.7699999809265137,1.7157143184116908,1.0,other,2.0,4736.39
10878731,7th Avenue South,residential,False,False,6.599,63,61,44.0,0.0,2.0,None,None,None,None,1.75,1.8700000047683716,1.809999942779541,1.0,other,2.0,605.79
10878731,7th Avenue South,residential,False,True,6.541,64,62,44.0,0.0,2.0,None,None,None,None,1.75,1.75,1.75,1.0,other,2.0,588.69
10868875,South 2nd Street,residential,False,False,40.799,65,59,40.0,0.001,2.0,None,25 mph,None,None,1.6699999570846558,1.8700000047683716,1.8016667366027832,1.0,other,2.0,3735.15
10868875,South 2nd Street,residential,False,True,14.702,66,64,40.0,0.0,2.0,None,25 mph,None,None,1.7799999713897705,1.7999999523162842,1.7899999618530273,1.0,other,2.0,1340.82
10868875,South 2nd Street,residential,False,False,52.156,67,63,40.0,0.001,2.0,None,25 mph,None,None,1.7899999618530273,1.9800000190734863,1.882857186453683,1.0,other,2.0,4901.92
10868875,South 2nd Street,residential,False,True,40.799,68,64,40.0,0.001,2.0,None,25 mph,None,None,1.6699999570846558,1.8700000047683716,1.8016667366027832,1.0,other,2.0,3735.15
122483554,8th Avenue South,residential,False,False,7.235,69,65,44.0,0.0,2.0,None,None,None,None,1.8700000047683716,1.9199999570846558,1.8949999809265137,1.0,other,2.0,682.62
122483554,8th Avenue South,residential,False,True,5.88,70,66,44.0,0.0,2.0,None,None,None,None,1.850000023841858,1.8700000047683716,1.8600000143051147,1.0,other,2.0,548.6
10868875,South 2nd Street,residential,False,False,51.763,71,67,40.0,0.001,2.0,None,25 mph,None,None,1.9800000190734863,2.0899999141693115,2.008571352277483,1.0,other,2.0,5056.88
10868875,South 2nd Street,residential,False,True,51.476,72,68,40.0,0.001,2.0,None,25 mph,None,None,1.9299999475479126,2.0899999141693115,2.0,1.0,other,2.0,5018.91
122483555,9th Avenue South,residential,False,False,8.493,73,69,44.0,0.0,2.0,None,None,None,None,2.0899999141693115,2.190000057220459,2.1399998664855957,1.0,other,2.0,854.82
122483555,9th Avenue South,residential,False,True,4.601,74,70,44.0,0.0,2.0,None,None,None,None,2.0399999618530273,2.0899999141693115,2.065000057220459,1.0,other,2.0,455.33
10868875,South 2nd Street,residential,False,False,52.228,75,71,40.0,0.001,2.0,None,25 mph,None,None,2.0,2.130000114440918,2.0514285223824635,1.0,other,2.0,5152.67
10868875,South 2nd Street,residential,False,True,53.364,76,72,40.0,0.001,2.0,None,25 mph,None,None,1.9199999570846558,2.009999990463257,1.9585715702601842,1.0,other,2.0,5136.67
122483547,10th Avenue South,residential,False,False,7.874,77,73,44.0,0.0,2.0,None,None,None,None,2.0,2.009999990463257,2.005000114440918,1.0,other,2.0,768.6
122483547,10th Avenue South,residential,False,True,5.201,78,74,44.0,0.0,2.0,None,None,None,None,1.9900000095367432,2.009999990463257,2.0,1.0,other,2.0,507.1
10868875,South 2nd Street,residential,False,False,51.612,79,75,40.0,0.001,2.0,None,25 mph,None,None,2.2899999618530273,2.3399999141693115,2.307142802647182,1.0,other,2.0,5388.85
10868875,South 2nd Street,residential,False,True,53.375,80,76,40.0,0.001,2.0,None,25 mph,None,None,2.119999885559082,2.359999895095825,2.2462499141693115,1.0,other,2.0,5499.79
10880199,11th Avenue South,residential,False,False,7.661,81,77,44.0,0.0,2.0,None,None,None,None,2.2899999618530273,2.2899999618530273,2.2899999618530273,1.0,other,2.0,796.94
10880199,11th Avenue South,residential,False,True,5.39,82,78,44.0,0.0,2.0,None,None,None,None,2.2899999618530273,2.3399999141693115,2.315000057220459,1.0,other,2.0,563.73
10868875,South 2nd Street,residential,False,False,54.476,83,79,40.0,0.001,2.0,None,25 mph,None,None,2.2300000190734863,2.4000000953674316,2.338571548461914,1.0,other,2.0,5726.4
10868875,South 2nd Street,residential,False,True,50.958,84,80,40.0,0.001,2.0,None,25 mph,None,None,2.2899999618530273,2.4000000953674316,2.319999967302595,1.0,other,2.0,5335.3
83591067,12th Avenue South,residential,False,False,7.152,85,81,44.0,0.0,2.0,None,None,None,None,2.4000000953674316,2.4000000953674316,2.4000000953674316,1.0,other,2.0,761.69
83591067,12th Avenue South,residential,False,True,5.874,86,82,44.0,0.0,2.0,None,None,None,None,2.359999895095825,2.4000000953674316,2.380000114440918,1.0,other,2.0,622.94
10868875,South 2nd Street,residential,False,False,37.918,87,83,40.0,0.001,2.0,None,25 mph,None,None,2.130000114440918,2.180000066757202,2.148000144958496,1.0,other,2.0,3823.27
10868875,South 2nd Street,residential,False,True,51.165,88,84,40.0,0.001,2.0,None,25 mph,None,None,2.1600000858306885,2.2899999618530273,2.231250047683716,1.0,other,2.0,5254.81
83591029,13th Avenue South,tertiary,False,False,5.702,89,85,50.0,0.0,2.0,None,None,None,None,2.180000066757202,2.180000066757202,2.180000066757202,1.0,tertiary,2.0,675.54
83591029,13th Avenue South,tertiary,False,True,7.294,90,86,50.0,0.0,2.0,None,None,None,None,2.1600000858306885,2.180000066757202,2.1700000762939453,1.0,tertiary,2.0,862.24
10868875,South 2nd Street,residential,False,False,23.445,91,87,40.0,0.001,2.0,None,25 mph,None,None,2.2699999809265137,2.2799999713897705,2.2766666412353516,1.0,other,2.0,2431.83
10868875,South 2nd Street,residential,False,True,55.007,92,88,40.0,0.001,2.0,None,25 mph,None,None,2.1600000858306885,2.3399999141693115,2.2485715321132114,1.0,other,2.0,5670.83
707606486,14th Avenue South,residential,False,False,5.277,93,89,44.0,0.0,2.0,None,None,None,None,2.2799999713897705,2.2799999713897705,2.2799999713897705,1.0,other,2.0,547.75
707606486,14th Avenue South,residential,False,True,7.673,94,90,44.0,0.0,2.0,None,None,None,None,2.2799999713897705,2.3399999141693115,2.309999942779541,1.0,other,2.0,801.64
10868875,South 2nd Street,residential,False,False,51.616,95,91,40.0,0.001,2.0,None,25 mph,None,None,2.4200000762939453,2.630000114440918,2.4828572954450334,1.0,other,2.0,5593.33
10868875,South 2nd Street,residential,False,True,48.334,96,92,40.0,0.001,2.0,None,25 mph,None,None,2.4000000953674316,2.490000009536743,2.4414285932268416,1.0,other,2.0,5192.63
10887552,15th Avenue South,residential,False,False,6.922,97,93,44.0,0.0,2.0,None,None,None,None,2.4600000381469727,2.490000009536743,2.4749999046325684,1.0,other,2.0,748.87
10887552,15th Avenue South,residential,False,True,6.075,98,94,44.0,0.0,2.0,None,None,None,None,2.490000009536743,2.490000009536743,2.490000009536743,1.0,other,2.0,659.29
10868875,South 2nd Street,residential,False,True,6.409,99,95,40.0,0.0,2.0,None,25 mph,None,None,2.7699999809265137,2.8299999237060547,2.799999952316284,1.0,other,2.0,740.24
83591065,16th Avenue South,tertiary,False,False,44.72,100,96,50.0,0.001,2.0,None,None,None,None,2.809999942779541,2.940000057220459,2.8642856052943637,1.0,tertiary,2.0,6101.48
83591065,16th Avenue South,tertiary,False,True,71.005,101,97,50.0,0.001,2.0,None,None,None,None,2.450000047683716,2.9200000762939453,2.77599983215332,1.0,tertiary,2.0,9523.19
10868938,South 10th Street,residential,False,False,45.559,102,98,44.0,0.001,2.0,None,None,None,None,1.340000033378601,1.7000000476837158,1.5457142421177454,1.0,other,2.0,3821.1
10878787,10th Street South,residential,False,False,10.581,103,100,44.0,0.0,2.0,None,None,None,None,1.2699999809265137,1.409999966621399,1.3399999936421711,1.0,other,2.0,806.91
10882793,13th Avenue South,residential,False,False,105.943,104,99,44.0,0.002,2.0,None,None,None,None,0.6600000262260437,1.4500000476837158,0.9919999440511068,1.0,other,2.0,6631.18
10882793,13th Avenue South,residential,False,True,66.607,105,101,44.0,0.002,2.0,None,None,None,None,1.25,1.409999966621399,1.327000045776367,1.0,other,2.0,5045.68
10868938,South 10th Street,residential,False,True,45.559,106,102,44.0,0.001,2.0,None,None,None,None,1.340000033378601,1.7000000476837158,1.5457142421177454,1.0,other,2.0,3821.1
10868998,Gonzales Avenue,residential,False,False,39.59,107,103,44.0,0.001,2.0,None,None,None,None,0.9800000190734863,1.159999966621399,1.0920000076293945,1.0,other,2.0,2636.22
10884324,7th Street South,residential,False,True,17.173,108,104,44.0,0.0,2.0,None,None,None,None,1.1399999856948853,1.190000057220459,1.1666666666666667,1.0,other,2.0,1193.52
122483553,6th Avenue South,residential,False,True,199.529,109,105,44.0,0.005,2.0,None,None,None,None,1.090000033378601,2.109999895095825,1.4620834986368816,1.0,other,2.0,16166.09
10868998,Gonzales Avenue,residential,False,False,38.698,110,106,44.0,0.001,2.0,None,None,None,None,0.9100000262260437,0.9800000190734863,0.9450000524520874,1.0,other,2.0,2329.43
10868998,Gonzales Avenue,residential,False,True,39.59,111,107,44.0,0.001,2.0,None,None,None,None,0.9800000190734863,1.159999966621399,1.0920000076293945,1.0,other,2.0,2636.22
10876202,6th Avenue South,residential,False,False,99.942,112,108,44.0,0.002,2.0,None,None,None,None,0.8999999761581421,1.0399999618530273,0.9784614856426532,1.0,other,2.0,6186.56
10868998,Gonzales Avenue,residential,False,False,61.771,113,111,44.0,0.001,2.0,None,None,None,None,0.8500000238418579,1.0700000524520874,0.9262499809265137,1.0,other,2.0,3659.24
10868998,Gonzales Avenue,residential,False,True,38.698,114,109,44.0,0.001,2.0,None,None,None,None,0.9100000262260437,0.9800000190734863,0.9450000524520874,1.0,other,2.0,2329.43
10878731,7th Avenue South,residential,False,True,196.668,115,110,44.0,0.004,2.0,None,None,None,None,0.9100000262260437,2.119999885559082,1.50041659673055,1.0,other,2.0,16227.57
10868998,Gonzales Avenue,residential,False,False,10.813,116,111,44.0,0.0,2.0,None,None,None,None,0.8999999761581421,1.0,0.949999988079071,1.0,other,2.0,653.65
10868998,Gonzales Avenue,residential,False,True,61.771,117,113,44.0,0.001,2.0,None,None,None,None,0.8500000238418579,1.0700000524520874,0.9262499809265137,1.0,other,2.0,3659.24
10868998,Gonzales Avenue,residential,False,False,14.365,118,112,44.0,0.0,2.0,None,None,None,None,0.8999999761581421,1.0800000429153442,1.0,1.0,other,2.0,905.0
10868998,Gonzales Avenue,residential,False,True,10.813,119,113,44.0,0.0,2.0,None,None,None,None,0.8999999761581421,1.0,0.949999988079071,1.0,other,2.0,653.65
10873483,Upper 8th Avenue South,residential,False,True,6.495,120,114,44.0,0.0,2.0,None,None,None,None,0.8999999761581421,1.0800000429153442,0.9900000095367432,1.0,other,2.0,405.87
10878732,7th Avenue South,residential,False,False,6.509,121,115,44.0,0.0,2.0,None,None,None,None,0.8999999761581421,1.0,0.949999988079071,1.0,other,2.0,393.47
10868998,Gonzales Avenue,residential,False,False,75.847,122,112,44.0,0.002,2.0,None,None,None,None,0.8299999833106995,1.0199999809265137,0.9011110729641385,1.0,other,2.0,4395.84
10868998,Gonzales Avenue,residential,False,True,14.365,123,117,44.0,0.0,2.0,None,None,None,None,0.8999999761581421,1.0800000429153442,1.0,1.0,other,2.0,905.0
10868998,Gonzales Avenue,residential,False,False,68.496,124,116,44.0,0.002,2.0,None,None,None,None,0.8299999833106995,0.9700000286102295,0.8728570938110352,1.0,other,2.0,3871.1
10868998,Gonzales Avenue,residential,False,True,75.847,125,117,44.0,0.002,2.0,None,None,None,None,0.8299999833106995,1.0199999809265137,0.9011110729641385,1.0,other,2.0,4395.84
10886049,Lower 8th Avenue South,residential,False,True,6.151,126,118,44.0,0.0,2.0,None,None,None,None,0.8299999833106995,0.8600000143051147,0.8450000286102295,1.0,other,2.0,338.89
10896800,8th Avenue South,residential,False,False,6.069,127,119,44.0,0.0,2.0,None,None,None,None,0.7900000214576721,0.8299999833106995,0.8100000023841858,1.0,other,2.0,323.54
10868998,Gonzales Avenue,residential,False,False,43.034,128,120,44.0,0.001,2.0,None,None,None,None,0.9599999785423279,1.100000023841858,1.0099999904632568,1.0,other,2.0,2727.93
10868998,Gonzales Avenue,residential,False,True,68.496,129,121,44.0,0.002,2.0,None,None,None,None,0.8299999833106995,0.9700000286102295,0.8728570938110352,1.0,other,2.0,3871.1
122483555,9th Avenue South,residential,False,True,196.301,130,122,44.0,0.004,2.0,None,None,None,None,0.9700000286102295,2.1600000858306885,1.723478068476138,1.0,other,2.0,17510.9
10868998,Gonzales Avenue,residential,False,False,28.257,131,125,44.0,0.001,2.0,None,None,None,None,1.100000023841858,1.1200000047683716,1.1133333841959636,1.0,other,2.0,1905.09
10868998,Gonzales Avenue,residential,False,True,43.034,132,123,44.0,0.001,2.0,None,None,None,None,0.9599999785423279,1.100000023841858,1.0099999904632568,1.0,other,2.0,2727.93
10880864,9th Avenue South,residential,False,False,51.513,133,124,44.0,0.001,2.0,None,None,None,None,0.5600000023841858,1.100000023841858,0.7542857442583356,1.0,other,2.0,2599.79
10868998,Gonzales Avenue,residential,False,False,5.078,134,125,44.0,0.0,2.0,None,None,None,None,0.9800000190734863,1.1200000047683716,1.0499999523162842,1.0,other,2.0,329.82
10868998,Gonzales Avenue,residential,False,True,28.257,135,881,44.0,0.001,2.0,None,None,None,None,1.100000023841858,1.1200000047683716,1.1133333841959636,1.0,other,2.0,1905.09
10868998,Gonzales Avenue,residential,False,True,5.078,136,881,44.0,0.0,2.0,None,None,None,None,0.9800000190734863,1.1200000047683716,1.0499999523162842,1.0,other,2.0,329.82
10889535,10th Place South,residential,False,True,5.466,137,125,44.0,0.0,2.0,None,None,None,None,0.9800000190734863,1.0299999713897705,1.0049999952316284,1.0,other,2.0,345.42
83591067,12th Avenue South,residential,False,False,7.194,138,126,44.0,0.0,2.0,None,None,None,None,2.609999895095825,2.609999895095825,2.609999895095825,1.0,other,2.0,800.15
444454367,1st Street South,tertiary,False,False,21.921,139,127,50.0,0.0,2.0,None,None,None,None,2.5299999713897705,2.6500000953674316,2.5975000858306885,1.0,tertiary,2.0,2837.33
444454367,1st Street South,tertiary,False,True,52.606,140,128,50.0,0.001,2.0,None,None,None,None,2.4200000762939453,2.609999895095825,2.497142791748047,1.0,tertiary,2.0,6670.44
10874232,3rd Street South,primary,True,False,67.908,141,130,56.0,0.001,2.0,FL A1A,35 mph,None,None,2.3299999237060547,2.5899999141693115,2.4912497997283936,1.0,primary,2.0,12286.04
83591067,12th Avenue South,residential,False,False,8.446,142,131,44.0,0.0,2.0,None,None,None,None,2.490000009536743,2.6600000858306885,2.575000047683716,1.0,other,2.0,932.76
83591067,12th Avenue South,residential,False,True,16.601,143,129,44.0,0.0,2.0,None,None,None,None,2.4700000286102295,2.559999942779541,2.50249981880188,1.0,other,2.0,1806.29
10882814,South 4th Street,residential,False,False,6.501,144,133,44.0,0.0,2.0,None,None,None,None,2.190000057220459,2.2100000381469727,2.200000047683716,1.0,other,2.0,663.1
10882814,South 4th Street,residential,False,True,99.685,145,132,44.0,0.002,2.0,None,None,None,None,2.1700000762939453,2.4100000858306885,2.256666819254557,1.0,other,2.0,10294.97
83591067,12th Avenue South,residential,False,False,6.772,146,134,44.0,0.0,2.0,None,None,None,None,2.190000057220459,2.2100000381469727,2.2000001271565757,1.0,other,2.0,690.74
83591067,12th Avenue South,residential,False,True,17.313,147,135,44.0,0.0,2.0,None,None,None,None,2.0799999237060547,2.2100000381469727,2.1433334350585938,1.0,other,2.0,1743.85
83591067,12th Avenue South,residential,False,False,105.095,148,134,44.0,0.002,2.0,None,None,None,None,1.090000033378601,1.809999942779541,1.3960000356038411,1.0,other,2.0,8244.07
83591067,12th Avenue South,residential,False,True,99.608,149,138,44.0,0.002,2.0,None,None,None,None,1.6299999952316284,2.200000047683716,1.9138460892897387,1.0,other,2.0,9454.33
10879842,South 6th Street,residential,False,True,101.614,150,136,44.0,0.002,2.0,None,None,None,None,1.090000033378601,1.6200000047683716,1.3676922137920673,1.0,other,2.0,7858.83
83591067,12th Avenue South,residential,False,False,104.898,151,137,44.0,0.002,2.0,None,None,None,None,0.8799999952316284,1.3799999952316284,1.1086666107177734,1.0,other,2.0,7053.13
83591067,12th Avenue South,residential,False,True,105.095,152,138,44.0,0.002,2.0,None,None,None,None,1.090000033378601,1.809999942779541,1.3960000356038411,1.0,other,2.0,8244.07
10884323,7th Street South,residential,False,True,99.34,153,139,44.0,0.002,2.0,None,None,None,None,0.8399999737739563,1.0099999904632568,0.943846189058744,1.0,other,2.0,5973.93
83591067,12th Avenue South,residential,False,False,111.233,154,140,44.0,0.003,2.0,None,None,None,None,0.6000000238418579,1.190000057220459,0.8213333129882813,1.0,other,2.0,5994.12
83591067,12th Avenue South,residential,False,True,104.898,155,141,44.0,0.002,2.0,None,None,None,None,0.8799999952316284,1.3799999952316284,1.1086666107177734,1.0,other,2.0,7053.13
83591067,12th Avenue South,residential,False,False,104.993,156,142,44.0,0.002,2.0,None,None,None,None,1.0700000524520874,1.2599999904632568,1.1492857251848494,1.0,other,2.0,7225.84
83591067,12th Avenue South,residential,False,True,111.233,157,143,44.0,0.003,2.0,None,None,None,None,0.6000000238418579,1.190000057220459,0.8213333129882813,1.0,other,2.0,5994.12
91487775,South 8th Street,residential,False,True,46.642,158,144,44.0,0.001,2.0,None,None,None,None,0.8700000047683716,1.2799999713897705,1.1185714176722936,1.0,other,2.0,3154.13
10884136,South 9th Street,tertiary,False,False,4.63,159,147,50.0,0.0,2.0,None,None,None,None,1.0399999618530273,1.0700000524520874,1.0550000667572021,1.0,tertiary,2.0,351.89
10884136,South 9th Street,tertiary,False,True,96.183,160,145,50.0,0.002,2.0,None,None,None,None,0.7400000095367432,1.1100000143051147,1.0108332633972168,1.0,tertiary,2.0,7116.86
83591067,12th Avenue South,residential,False,False,104.113,161,148,44.0,0.002,2.0,None,None,None,None,0.46000000834465027,1.0700000524520874,0.7593333562215169,1.0,other,2.0,5281.24
83591067,12th Avenue South,residential,False,True,104.993,162,146,44.0,0.002,2.0,None,None,None,None,1.0700000524520874,1.2599999904632568,1.1492857251848494,1.0,other,2.0,7225.84
10878786,10th Street South,residential,False,True,5.715,163,148,44.0,0.0,2.0,None,None,None,None,0.9399999976158142,0.9399999976158142,0.9399999976158142,1.0,other,2.0,342.56
83591067,12th Avenue South,residential,False,True,104.113,164,716,44.0,0.002,2.0,None,None,None,None,0.46000000834465027,1.0700000524520874,0.7593333562215169,1.0,other,2.0,5281.24
444454376,2nd Avenue North,residential,False,False,8.027,165,149,44.0,0.0,2.0,None,None,None,None,1.659999966621399,1.690000057220459,1.6749999523162842,1.0,other,2.0,704.37
444454376,2nd Avenue North,residential,False,False,7.393,166,150,44.0,0.0,2.0,None,None,None,None,1.7899999618530273,1.7899999618530273,1.7899999618530273,1.0,other,2.0,674.24
444454376,2nd Avenue North,residential,False,True,5.876,167,151,44.0,0.0,2.0,None,None,None,None,1.7899999618530273,1.940000057220459,1.8650000095367432,1.0,other,2.0,549.11
683228866,2nd Street North,residential,False,False,11.915,168,152,40.0,0.0,2.0,None,25 mph,None,None,1.7899999618530273,1.940000057220459,1.8799999554951985,1.0,other,2.0,1118.82
683228866,2nd Street North,residential,False,True,10.173,169,153,40.0,0.0,2.0,None,25 mph,None,None,1.7899999618530273,1.899999976158142,1.8450000286102295,1.0,other,2.0,944.56
10874185,3rd Street North,primary,True,False,51.14,170,154,56.0,0.001,2.0,FL A1A,35 mph,None,None,1.7599999904632568,1.9199999570846558,1.8485713686261858,1.0,primary,2.0,7923.05
444454376,2nd Avenue North,residential,False,True,9.115,171,155,44.0,0.0,2.0,None,None,None,None,1.8300000429153442,2.0399999618530273,1.9600000381469727,1.0,other,2.0,877.77
10873111,North 4th Street,residential,False,False,55.574,172,158,44.0,0.001,2.0,None,None,None,None,1.850000023841858,1.940000057220459,1.8925001621246338,1.0,other,2.0,5239.24
10873111,North 4th Street,residential,False,True,52.825,173,159,44.0,0.001,2.0,None,None,None,None,1.6200000047683716,1.9700000286102295,1.8242859159197127,1.0,other,2.0,4871.97
351754106,2nd Avenue North,residential,False,False,106.786,174,156,44.0,0.002,2.0,None,None,None,None,1.5499999523162842,1.909999966621399,1.7473332722981771,1.0,other,2.0,9602.2
351754106,2nd Avenue North,residential,False,True,107.694,175,157,44.0,0.002,2.0,None,None,None,None,1.7000000476837158,2.0,1.8900001525878907,1.0,other,2.0,10144.78
351669862,North 5th Street,residential,False,False,66.159,176,163,44.0,0.002,2.0,None,None,None,None,1.3600000143051147,1.590000033378601,1.4655556148952908,1.0,other,2.0,5369.24
351669862,North 5th Street,residential,False,True,105.225,177,160,44.0,0.002,2.0,None,None,None,None,1.350000023841858,1.5499999523162842,1.4615384615384615,1.0,other,2.0,8523.22
351754106,2nd Avenue North,residential,False,False,106.836,178,161,44.0,0.002,2.0,None,None,None,None,1.100000023841858,1.5499999523162842,1.3214285714285714,1.0,other,2.0,8069.93
351754106,2nd Avenue North,residential,False,True,106.786,179,162,44.0,0.002,2.0,None,None,None,None,1.5499999523162842,1.909999966621399,1.7473332722981771,1.0,other,2.0,9602.2
10883745,North 6th Street,residential,False,False,103.156,180,164,44.0,0.002,2.0,None,None,None,None,0.9700000286102295,1.1399999856948853,1.0723077333890474,1.0,other,2.0,6789.73
10883745,North 6th Street,residential,False,True,104.784,181,165,44.0,0.002,2.0,None,None,None,None,1.0099999904632568,1.3600000143051147,1.132857050214495,1.0,other,2.0,7144.32
351754106,2nd Avenue North,residential,False,False,106.33,182,166,44.0,0.002,2.0,None,None,None,None,0.9100000262260437,1.25,1.0480000178019206,1.0,other,2.0,6897.84
351754106,2nd Avenue North,residential,False,True,106.836,183,167,44.0,0.002,2.0,None,None,None,None,1.100000023841858,1.5499999523162842,1.3214285714285714,1.0,other,2.0,8069.93
10884265,7th Street North,residential,False,False,61.522,184,169,44.0,0.001,2.0,None,None,None,None,0.7900000214576721,1.25,0.8799999952316284,1.0,other,2.0,3499.37
10884265,7th Street North,residential,False,True,60.989,185,170,44.0,0.001,2.0,None,None,None,None,1.090000033378601,1.3799999952316284,1.2262500524520874,1.0,other,2.0,4380.46
351754106,2nd Avenue North,residential,False,False,14.48,186,171,44.0,0.0,2.0,None,None,None,None,0.8100000023841858,1.25,0.997499942779541,1.0,other,2.0,910.39
351754106,2nd Avenue North,residential,False,True,106.33,187,168,44.0,0.002,2.0,None,None,None,None,0.9100000262260437,1.25,1.0480000178019206,1.0,other,2.0,6897.84
10880336,North 8th Street,residential,False,False,104.693,188,172,44.0,0.002,2.0,None,None,None,None,1.0399999618530273,1.5,1.2584615854116588,1.0,other,2.0,7650.96
10880336,North 8th Street,residential,False,True,45.263,189,174,44.0,0.001,2.0,None,None,None,None,0.8799999952316284,1.3300000429153442,1.2083333333333333,1.0,other,2.0,3219.33
351754106,2nd Avenue North,residential,False,False,107.833,190,173,44.0,0.002,2.0,None,None,None,None,0.8999999761581421,1.3300000429153442,1.0853333791097006,1.0,other,2.0,7152.35
351754106,2nd Avenue North,residential,False,True,11.062,191,175,44.0,0.0,2.0,None,None,None,None,1.3200000524520874,1.3300000429153442,1.3250000476837158,1.0,other,2.0,837.12
10874111,North 9th Street,residential,False,False,104.07,192,176,44.0,0.002,2.0,None,None,None,None,0.47999998927116394,0.9399999976158142,0.5992307296166053,1.0,other,2.0,4429.3
10874111,North 9th Street,residential,False,True,55.184,193,179,44.0,0.001,2.0,None,None,None,None,0.6200000047683716,0.9399999976158142,0.8085714067731585,1.0,other,2.0,2937.84
351754106,2nd Avenue North,residential,False,False,106.065,194,177,44.0,0.002,2.0,None,None,None,None,0.4399999976158142,0.9399999976158142,0.6573333104451498,1.0,other,2.0,4828.5
351754106,2nd Avenue North,residential,False,True,107.833,195,178,44.0,0.002,2.0,None,None,None,None,0.8999999761581421,1.3300000429153442,1.0853333791097006,1.0,other,2.0,7152.35
10886114,North 10th Street,residential,False,False,103.268,196,180,56.0,0.002,2.0,None,35 mph,None,None,0.20999999344348907,0.5299999713897705,0.3800000044015738,1.0,other,2.0,2943.14
10886114,North 10th Street,residential,False,True,103.493,197,181,56.0,0.002,2.0,None,35 mph,None,None,0.28999999165534973,0.6499999761581421,0.4569230813246507,1.0,other,2.0,3546.63
351754106,2nd Avenue North,residential,False,False,56.452,198,183,44.0,0.001,2.0,None,None,None,None,0.4099999964237213,0.44999998807907104,0.4214285782405308,1.0,other,2.0,1784.29
351754106,2nd Avenue North,residential,False,True,106.065,199,182,44.0,0.002,2.0,None,None,None,None,0.4399999976158142,0.9399999976158142,0.6573333104451498,1.0,other,2.0,4828.5
10886116,11th Street North,residential,False,False,97.986,200,184,44.0,0.002,2.0,None,None,None,None,0.07000000029802322,0.4699999988079071,0.23888889948527017,0.7574160119551235,other,2.0,1329.71
10886116,11th Street North,residential,False,True,82.891,201,185,44.0,0.002,2.0,None,None,None,None,0.23000000417232513,0.5299999713897705,0.36545454372059216,1.0,other,2.0,2271.97
351754106,2nd Avenue North,residential,False,False,288.609,202,186,44.0,0.007,2.0,None,None,None,None,0.4699999988079071,0.9200000166893005,0.6735293444465188,1.0,other,2.0,13377.03
351754106,2nd Avenue North,residential,False,True,13.289,203,187,44.0,0.0,2.0,None,None,None,None,0.4699999988079071,0.5600000023841858,0.5199999809265137,1.0,other,2.0,511.89
10875608,Palm Tree Road,residential,False,False,25.547,204,186,44.0,0.001,2.0,None,None,None,None,0.8799999952316284,1.1799999475479126,1.027500033378601,1.0,other,2.0,1636.86
351754106,2nd Avenue North,residential,False,True,288.609,205,515,44.0,0.007,2.0,None,None,None,None,0.4699999988079071,0.9200000166893005,0.6735293444465188,1.0,other,2.0,13377.03
444454367,1st Street South,tertiary,False,False,41.404,206,188,50.0,0.001,2.0,None,None,None,None,2.069999933242798,2.369999885559082,2.234999974568685,1.0,tertiary,2.0,4965.12
444454367,1st Street South,tertiary,False,True,23.702,207,189,50.0,0.0,2.0,None,None,None,None,2.0299999713897705,2.369999885559082,2.197499990463257,1.0,tertiary,2.0,2818.98
683228849,2nd Avenue South,residential,False,False,9.362,208,190,44.0,0.0,2.0,None,None,None,None,2.2300000190734863,2.369999885559082,2.306666692097982,1.0,other,2.0,977.39
10874232,3rd Street South,primary,True,False,7.122,209,192,56.0,0.0,2.0,FL A1A,35 mph,None,None,1.850000023841858,1.9299999475479126,1.8899999856948853,1.0,primary,2.0,1118.15
122483550,2nd Avenue South,residential,False,False,7.858,210,193,44.0,0.0,2.0,None,None,None,None,1.850000023841858,1.9299999475479126,1.903333346048991,1.0,other,2.0,743.37
122483550,2nd Avenue South,residential,False,True,18.535,211,191,44.0,0.0,2.0,None,None,None,None,1.75,1.9299999475479126,1.8233332633972168,1.0,other,2.0,1708.93
10882817,South 4th Street,residential,False,False,34.079,212,195,44.0,0.001,2.0,None,None,None,None,2.0999999046325684,2.2300000190734863,2.163333257039388,1.0,other,2.0,3447.94
10882817,South 4th Street,residential,False,True,12.765,213,196,44.0,0.0,2.0,None,None,None,None,2.0,2.0999999046325684,2.049999952316284,1.0,other,2.0,1258.95
122483550,2nd Avenue South,residential,False,False,105.664,214,194,44.0,0.002,2.0,None,None,None,None,1.2699999809265137,2.0999999046325684,1.6306666056315104,1.0,other,2.0,9131.48
122483550,2nd Avenue South,residential,False,True,16.704,215,197,44.0,0.0,2.0,None,None,None,None,2.0899999141693115,2.1600000858306885,2.116666793823242,1.0,other,2.0,1672.49
10876469,South 5th Street,residential,False,False,41.112,216,201,44.0,0.001,2.0,None,None,None,None,1.0099999904632568,1.3300000429153442,1.1366666158040364,1.0,other,2.0,2809.18
10876469,South 5th Street,residential,False,True,105.0,217,198,44.0,0.002,2.0,None,None,None,None,0.8299999833106995,1.3700000047683716,1.1253845508282,1.0,other,2.0,7128.45
122483550,2nd Avenue South,residential,False,False,107.629,218,199,44.0,0.002,2.0,None,None,None,None,0.949999988079071,1.2699999809265137,1.1146666208902996,1.0,other,2.0,7261.94
122483550,2nd Avenue South,residential,False,True,105.664,219,200,44.0,0.002,2.0,None,None,None,None,1.2699999809265137,2.0999999046325684,1.6306666056315104,1.0,other,2.0,9131.48
10879843,South 6th Street,residential,False,False,104.823,220,202,44.0,0.002,2.0,None,None,None,None,0.9900000095367432,1.2799999713897705,1.1376922313983624,1.0,other,2.0,7166.75
10879843,South 6th Street,residential,False,True,104.136,221,203,44.0,0.002,2.0,None,None,None,None,0.7099999785423279,1.100000023841858,0.8861538813664362,1.0,other,2.0,5955.94
122483550,2nd Avenue South,residential,False,False,106.15,222,204,44.0,0.002,2.0,None,None,None,None,1.0800000429153442,1.350000023841858,1.2113333384195963,1.0,other,2.0,7562.34
122483550,2nd Avenue South,residential,False,True,107.629,223,205,44.0,0.002,2.0,None,None,None,None,0.949999988079071,1.2699999809265137,1.1146666208902996,1.0,other,2.0,7261.94
10884324,7th Street South,residential,False,False,103.719,224,206,44.0,0.002,2.0,None,None,None,None,1.0700000524520874,1.350000023841858,1.2146153083214393,1.0,other,2.0,7402.42
10884324,7th Street South,residential,False,True,68.294,225,209,44.0,0.002,2.0,None,None,None,None,1.0,1.3300000429153442,1.2055555979410808,1.0,other,2.0,4850.01
122483550,2nd Avenue South,residential,False,False,105.481,226,207,44.0,0.002,2.0,None,None,None,None,0.8799999952316284,1.3300000429153442,1.0685714312962122,1.0,other,2.0,6927.39
122483550,2nd Avenue South,residential,False,True,106.15,227,208,44.0,0.002,2.0,None,None,None,None,1.0800000429153442,1.350000023841858,1.2113333384195963,1.0,other,2.0,7562.34
10894908,South 8th Street,residential,False,False,50.76,228,210,44.0,0.001,2.0,None,None,None,None,0.8399999737739563,0.8899999856948853,0.8728571619306292,1.0,other,2.0,2868.74
10894908,South 8th Street,residential,False,True,105.176,229,211,44.0,0.002,2.0,None,None,None,None,0.8299999833106995,0.949999988079071,0.897333272298177,1.0,other,2.0,6075.39
122483550,2nd Avenue South,residential,False,False,108.962,230,212,44.0,0.002,2.0,None,None,None,None,0.25999999046325684,0.8799999952316284,0.578000005086263,1.0,other,2.0,4519.53
122483550,2nd Avenue South,residential,False,True,105.481,231,213,44.0,0.002,2.0,None,None,None,None,0.8799999952316284,1.3300000429153442,1.0685714312962122,1.0,other,2.0,6927.39
10884136,South 9th Street,tertiary,False,False,52.423,232,214,50.0,0.001,2.0,None,None,None,None,0.05999999865889549,0.25999999046325684,0.17249999940395355,1.0,tertiary,2.0,791.26
10884136,South 9th Street,tertiary,False,True,106.432,233,215,50.0,0.002,2.0,None,None,None,None,0.09000000357627869,0.33000001311302185,0.2484615399287297,1.0,tertiary,2.0,2313.87
122483550,2nd Avenue South,residential,False,False,105.393,234,216,44.0,0.002,2.0,None,None,None,None,0.10999999940395355,0.25999999046325684,0.17999998728434244,0.5830854369575369,other,2.0,829.62
122483550,2nd Avenue South,residential,False,True,108.962,235,217,44.0,0.002,2.0,None,None,None,None,0.25999999046325684,0.8799999952316284,0.578000005086263,1.0,other,2.0,4519.53
10878786,10th Street South,residential,False,False,101.927,236,218,44.0,0.002,2.0,None,None,None,None,,,,0.0,other,2.0,
10878786,10th Street South,residential,False,True,106.078,237,219,44.0,0.002,2.0,None,None,None,None,,,,0.0,other,2.0,
122483550,2nd Avenue South,residential,False,False,55.538,238,220,44.0,0.001,2.0,None,None,None,None,,,,0.0,other,2.0,
122483550,2nd Avenue South,residential,False,True,105.393,239,221,44.0,0.002,2.0,None,None,None,None,0.10999999940395355,0.25999999046325684,0.17999998728434244,0.5830854369575369,other,2.0,829.62
10886160,11th Street South,residential,False,True,105.804,240,223,44.0,0.002,2.0,None,None,None,None,,,,0.0,other,2.0,
122483550,2nd Avenue South,residential,False,False,17.431,241,224,44.0,0.0,2.0,None,None,None,None,,,,0.0,other,2.0,
122483550,2nd Avenue South,residential,False,True,55.538,242,222,44.0,0.001,2.0,None,None,None,None,,,,0.0,other,2.0,
10888741,South 11th Street,residential,False,False,49.33,243,224,44.0,0.001,2.0,None,None,None,None,,,,0.0,other,2.0,
122483550,2nd Avenue South,residential,False,True,17.431,244,1082,44.0,0.0,2.0,None,None,None,None,,,,0.0,other,2.0,
83591040,16th Avenue South,residential,False,False,137.35,245,1081,44.0,0.003,2.0,None,None,None,None,,,,0.0,other,2.0,
83591040,16th Avenue South,residential,False,True,77.708,246,101,44.0,0.002,2.0,None,None,None,None,,,,0.0,other,2.0,
10872690,14th Avenue South,residential,False,False,102.515,247,225,44.0,0.002,2.0,None,None,None,None,0.3799999952316284,1.1100000143051147,0.6492856570652553,1.0,other,2.0,4624.82
10878787,10th Street South,residential,False,False,97.36,248,226,44.0,0.002,2.0,None,None,None,None,0.7699999809265137,1.190000057220459,0.9290908466685902,1.0,other,2.0,5781.59
10878787,10th Street South,residential,False,True,95.219,249,227,44.0,0.002,2.0,None,None,None,None,0.7300000190734863,1.340000033378601,0.9783332347869873,1.0,other,2.0,5893.58
10872690,14th Avenue South,residential,False,False,107.53,250,228,44.0,0.002,2.0,None,None,None,None,0.11999999731779099,0.7400000095367432,0.35400002797444663,1.0,other,2.0,2854.92
10872690,14th Avenue South,residential,False,True,102.515,251,229,44.0,0.002,2.0,None,None,None,None,0.3799999952316284,1.1100000143051147,0.6492856570652553,1.0,other,2.0,4624.82
10884136,South 9th Street,tertiary,False,False,104.276,252,230,50.0,0.002,2.0,None,None,None,None,0.20000000298023224,0.3799999952316284,0.26999998092651367,1.0,tertiary,2.0,2463.52
10884136,South 9th Street,tertiary,False,True,105.262,253,231,50.0,0.002,2.0,None,None,None,None,0.3799999952316284,0.6600000262260437,0.49846150324894833,1.0,tertiary,2.0,4591.04
10872690,14th Avenue South,residential,False,False,105.645,254,232,44.0,0.002,2.0,None,None,None,None,0.10999999940395355,0.800000011920929,0.5,1.0,other,2.0,3961.69
10872690,14th Avenue South,residential,False,True,107.53,255,233,44.0,0.002,2.0,None,None,None,None,0.11999999731779099,0.7400000095367432,0.35400002797444663,1.0,other,2.0,2854.92
85691270,South 8th Street,residential,False,False,104.054,256,234,44.0,0.002,2.0,None,None,None,None,0.20999999344348907,0.7400000095367432,0.34099998474121096,0.7911533160867246,other,2.0,2105.4
85691270,South 8th Street,residential,False,True,102.493,257,235,44.0,0.002,2.0,None,None,None,None,0.5699999928474426,1.1299999952316284,0.7376923194298377,1.0,other,2.0,5085.94
10872690,14th Avenue South,residential,False,False,107.025,258,236,44.0,0.002,2.0,None,None,None,None,0.7599999904632568,1.5099999904632568,1.0671428271702357,1.0,other,2.0,7022.83
10872690,14th Avenue South,residential,False,True,105.645,259,237,44.0,0.002,2.0,None,None,None,None,0.10999999940395355,0.800000011920929,0.5,1.0,other,2.0,3961.69
85691281,7th Street South,residential,False,False,104.638,260,238,44.0,0.002,2.0,None,None,None,None,0.4300000071525574,1.0499999523162842,0.6414285387311663,1.0,other,2.0,4678.66
85691281,7th Street South,residential,False,True,102.989,261,239,44.0,0.002,2.0,None,None,None,None,0.6200000047683716,0.9599999785423279,0.7946154521061823,1.0,other,2.0,5409.54
10872690,14th Avenue South,residential,False,False,105.349,262,243,44.0,0.002,2.0,None,None,None,None,1.5099999904632568,2.440000057220459,2.1,1.0,other,2.0,10508.56
10872690,14th Avenue South,residential,False,True,107.025,263,240,44.0,0.002,2.0,None,None,None,None,0.7599999904632568,1.5099999904632568,1.0671428271702357,1.0,other,2.0,7022.83
85691282,South 6th Street,residential,False,False,105.039,264,241,44.0,0.002,2.0,None,None,None,None,1.3200000524520874,1.9800000190734863,1.630000041081355,1.0,other,2.0,9075.37
85691282,South 6th Street,residential,False,True,103.909,265,242,44.0,0.002,2.0,None,None,None,None,1.3799999952316284,1.7000000476837158,1.4853845743032603,1.0,other,2.0,8513.26
10882814,South 4th Street,residential,False,False,82.322,266,244,44.0,0.002,2.0,None,None,None,None,2.1700000762939453,2.6500000953674316,2.4472727342085405,1.0,other,2.0,8854.85
10882814,South 4th Street,residential,False,True,24.602,267,245,44.0,0.001,2.0,None,None,None,None,2.6500000953674316,2.7899999618530273,2.7249999046325684,1.0,other,2.0,2800.02
707606486,14th Avenue South,residential,False,False,38.891,268,246,44.0,0.001,2.0,None,None,None,None,2.640000104904175,2.9100000858306885,2.741666793823242,1.0,other,2.0,4440.87
707606486,14th Avenue South,residential,False,True,106.723,269,247,44.0,0.002,2.0,None,None,None,None,2.430000066757202,2.680000066757202,2.5926666259765625,1.0,other,2.0,11828.64
10874232,3rd Street South,primary,True,False,43.839,270,249,56.0,0.001,2.0,FL A1A,35 mph,None,None,2.450000047683716,2.5999999046325684,2.5266666412353516,1.0,primary,2.0,7989.66
707606486,14th Avenue South,residential,False,False,17.904,271,248,44.0,0.0,2.0,None,None,None,None,2.4100000858306885,2.5999999046325684,2.5266666412353516,1.0,other,2.0,1957.8
707606486,14th Avenue South,residential,False,True,7.294,272,250,44.0,0.0,2.0,None,None,None,None,2.5999999046325684,2.609999895095825,2.6050000190734863,1.0,other,2.0,810.45
444454367,1st Street South,tertiary,False,False,7.072,273,251,50.0,0.0,2.0,None,None,None,None,2.109999895095825,2.200000047683716,2.1549999713897705,1.0,tertiary,2.0,833.21
444454367,1st Street South,tertiary,False,True,6.738,274,252,50.0,0.0,2.0,None,None,None,None,2.109999895095825,2.200000047683716,2.1549999713897705,1.0,tertiary,2.0,793.86
707606486,14th Avenue South,residential,False,True,7.947,275,253,44.0,0.0,2.0,None,None,None,None,2.109999895095825,2.200000047683716,2.1549999713897705,1.0,other,2.0,802.55
444454368,1st Street North,tertiary,False,False,13.435,276,1099,50.0,0.0,2.0,None,None,None,None,1.5499999523162842,1.590000033378601,1.5733334223429363,1.0,tertiary,2.0,1327.6
444454368,1st Street North,tertiary,False,True,4.512,277,973,50.0,0.0,2.0,None,None,None,None,1.590000033378601,1.590000033378601,1.590000033378601,1.0,tertiary,2.0,448.49
10873111,North 4th Street,residential,False,False,40.082,278,255,44.0,0.001,2.0,None,None,None,None,1.850000023841858,1.9900000095367432,1.9066667556762695,1.0,other,2.0,3795.77
10873111,North 4th Street,residential,False,True,12.531,279,256,44.0,0.0,2.0,None,None,None,None,1.8300000429153442,1.8899999856948853,1.8600000143051147,1.0,other,2.0,1169.14
10876762,Pablo Avenue,residential,False,False,106.425,280,254,44.0,0.002,2.0,None,None,None,None,1.75,1.899999976158142,1.8539999643961589,1.0,other,2.0,9910.3
10876762,Pablo Avenue,residential,False,True,33.674,281,257,44.0,0.001,2.0,None,None,None,None,1.7200000286102295,1.8899999856948853,1.8200000762939452,1.0,other,2.0,3101.38
10873111,North 4th Street,residential,False,False,15.346,282,258,44.0,0.0,2.0,None,None,None,None,1.940000057220459,1.9900000095367432,1.9666666984558105,1.0,other,2.0,1480.89
10873111,North 4th Street,residential,False,True,44.026,283,259,44.0,0.001,2.0,None,None,None,None,1.8899999856948853,1.9700000286102295,1.9450000127156575,1.0,other,2.0,4219.89
10874354,1st Avenue North,residential,False,False,64.517,284,260,44.0,0.001,2.0,None,None,None,None,1.7599999904632568,1.9700000286102295,1.826666726006402,1.0,other,2.0,5954.92
10874354,1st Avenue North,residential,False,True,72.876,285,261,44.0,0.002,2.0,None,None,None,None,1.7999999523162842,1.9700000286102295,1.9120000839233398,1.0,other,2.0,6913.02
10873111,North 4th Street,residential,False,False,52.361,286,262,44.0,0.001,2.0,None,None,None,None,1.9199999570846558,2.0299999713897705,1.9757142748151506,1.0,other,2.0,5067.05
10873111,North 4th Street,residential,False,True,47.692,287,263,44.0,0.001,2.0,None,None,None,None,1.8700000047683716,2.009999990463257,1.9600000381469727,1.0,other,2.0,4592.74
444454418,3rd Avenue North,residential,False,False,76.194,288,264,44.0,0.002,2.0,None,None,None,None,1.6299999952316284,2.009999990463257,1.7754544344815342,1.0,other,2.0,6915.64
444454418,3rd Avenue North,residential,False,True,51.843,289,265,44.0,0.001,2.0,None,None,None,None,1.9800000190734863,2.049999952316284,2.009999990463257,1.0,other,2.0,5066.36
10873111,North 4th Street,residential,False,False,53.604,290,266,44.0,0.001,2.0,None,None,None,None,1.940000057220459,2.0,1.9587501287460327,1.0,other,2.0,5160.06
10873111,North 4th Street,residential,False,True,52.837,291,267,44.0,0.001,2.0,None,None,None,None,1.840000033378601,1.9900000095367432,1.930000168936593,1.0,other,2.0,5040.65
83634153,4th Avenue North,residential,False,False,65.518,292,268,44.0,0.001,2.0,None,None,None,None,1.8700000047683716,2.0199999809265137,1.9459999084472657,1.0,other,2.0,6281.87
83634153,4th Avenue North,residential,False,True,64.251,293,269,44.0,0.001,2.0,None,None,None,None,1.6399999856948853,1.9500000476837158,1.7729999542236328,1.0,other,2.0,5826.92
10873111,North 4th Street,residential,False,False,52.721,294,271,44.0,0.001,2.0,None,None,None,None,1.690000057220459,1.899999976158142,1.8128570829119002,1.0,other,2.0,4844.31
10873111,North 4th Street,residential,False,True,20.815,295,272,44.0,0.0,2.0,None,None,None,None,1.8899999856948853,1.9500000476837158,1.9200000762939453,1.0,other,2.0,1979.51
444563942,5th Avenue North,residential,False,False,105.888,296,270,44.0,0.002,2.0,None,None,None,None,1.659999966621399,2.0199999809265137,1.882666524251302,1.0,other,2.0,9951.35
444563942,5th Avenue North,residential,False,True,47.354,297,273,44.0,0.001,2.0,None,None,None,None,1.8899999856948853,1.9700000286102295,1.9283334414164226,1.0,other,2.0,4515.2
10873111,North 4th Street,residential,False,False,51.243,298,275,44.0,0.001,2.0,None,None,None,None,1.440000057220459,1.590000033378601,1.541428565979004,1.0,other,2.0,4291.24
10873111,North 4th Street,residential,False,True,51.402,299,276,44.0,0.001,2.0,None,None,None,None,1.440000057220459,1.690000057220459,1.5199999128069197,1.0,other,2.0,4271.51
10876164,6th Avenue North,residential,False,False,106.638,300,274,44.0,0.002,2.0,None,None,None,None,1.4500000476837158,1.6799999475479126,1.5720001220703126,1.0,other,2.0,9027.97
10876164,6th Avenue North,residential,False,True,20.297,301,277,44.0,0.0,2.0,None,None,None,None,1.5700000524520874,1.7000000476837158,1.6266667048136394,1.0,other,2.0,1751.63
10873111,North 4th Street,residential,False,False,51.803,302,279,44.0,0.001,2.0,None,None,None,None,0.9900000095367432,1.2599999904632568,1.1628571919032507,1.0,other,2.0,3592.61
10873111,North 4th Street,residential,False,True,53.625,303,280,44.0,0.001,2.0,None,None,None,None,1.25,1.4500000476837158,1.3862500190734863,1.0,other,2.0,4186.17
10878701,7th Avenue North,residential,False,False,106.529,304,278,44.0,0.002,2.0,None,None,None,None,1.0800000429153442,1.25,1.1842857088361467,1.0,other,2.0,7476.97
10878701,7th Avenue North,residential,False,True,19.615,305,281,44.0,0.0,2.0,None,None,None,None,1.25,1.350000023841858,1.3174999952316284,1.0,other,2.0,1478.63
10873111,North 4th Street,residential,False,False,21.739,306,282,44.0,0.0,2.0,None,None,None,None,1.0099999904632568,1.2999999523162842,1.1575000286102295,1.0,other,2.0,1503.09
10873111,North 4th Street,residential,False,True,51.873,307,284,44.0,0.001,2.0,None,None,None,None,0.9399999976158142,1.2999999523162842,1.096666653951009,1.0,other,2.0,3463.56
83591046,8th Avenue North,residential,False,False,105.998,308,283,44.0,0.002,2.0,None,None,None,None,0.8299999833106995,1.2999999523162842,1.0066666920979819,1.0,other,2.0,6705.43
83591046,8th Avenue North,residential,False,True,79.808,309,285,44.0,0.002,2.0,None,None,None,None,1.1299999952316284,1.4600000381469727,1.3010000228881835,1.0,other,2.0,5964.77
10873482,Roberts Drive,residential,False,False,6.637,310,101,44.0,0.0,2.0,None,None,None,None,,,,0.0,other,2.0,
10882793,13th Avenue South,residential,False,False,3.492,311,1081,44.0,0.0,2.0,None,None,None,None,,,,0.0,other,2.0,
10873482,Roberts Drive,residential,False,False,17.56,312,101,44.0,0.0,2.0,None,None,None,None,,,,0.0,other,2.0,
10873482,Roberts Drive,residential,False,True,6.637,313,1081,44.0,0.0,2.0,None,None,None,None,,,,0.0,other,2.0,
10873482,Roberts Drive,residential,False,True,31.128,314,1081,44.0,0.001,2.0,None,None,None,None,,,,0.0,other,2.0,
83591040,16th Avenue South,residential,False,True,137.35,315,101,44.0,0.003,2.0,None,None,None,None,,,,0.0,other,2.0,
10873483,Upper 8th Avenue South,residential,False,False,198.593,316,286,44.0,0.005,2.0,None,None,None,None,2.009999990463257,2.2100000381469727,2.0986953403638755,1.0,other,2.0,19803.82
10882814,South 4th Street,residential,False,False,25.267,317,287,44.0,0.001,2.0,None,None,None,None,2.130000114440918,2.180000066757202,2.1575000286102295,1.0,other,2.0,2553.07
10882814,South 4th Street,residential,False,True,78.34,318,288,44.0,0.002,2.0,None,None,None,None,1.7999999523162842,2.1600000858306885,1.9633333418104384,1.0,other,2.0,7551.98
10873483,Upper 8th Avenue South,residential,False,False,171.552,319,292,44.0,0.004,2.0,None,None,None,None,1.0199999809265137,2.109999895095825,1.5966666085379464,1.0,other,2.0,14650.54
10873483,Upper 8th Avenue South,residential,False,True,198.593,320,289,44.0,0.005,2.0,None,None,None,None,2.009999990463257,2.2100000381469727,2.0986953403638755,1.0,other,2.0,19803.82
10876468,South 5th Street,residential,False,False,76.552,321,290,44.0,0.002,2.0,None,None,None,None,1.9299999475479126,2.1500000953674316,2.077777862548828,1.0,other,2.0,7597.79
10876468,South 5th Street,residential,False,True,77.86,322,291,44.0,0.002,2.0,None,None,None,None,2.0399999618530273,2.200000047683716,2.1277779473198786,1.0,other,2.0,7815.2
10873483,Upper 8th Avenue South,residential,False,False,13.274,323,292,44.0,0.0,2.0,None,None,None,None,1.0199999809265137,1.0299999713897705,1.024999976158142,1.0,other,2.0,849.2
10873483,Upper 8th Avenue South,residential,False,True,171.552,324,114,44.0,0.004,2.0,None,None,None,None,1.0199999809265137,2.109999895095825,1.5966666085379464,1.0,other,2.0,14650.54
10873483,Upper 8th Avenue South,residential,False,False,7.354,325,292,44.0,0.0,2.0,None,None,None,None,1.0299999713897705,1.0800000429153442,1.0550000667572021,1.0,other,2.0,479.08
10873483,Upper 8th Avenue South,residential,False,True,13.274,326,114,44.0,0.0,2.0,None,None,None,None,1.0199999809265137,1.0299999713897705,1.024999976158142,1.0,other,2.0,849.2
10873483,Upper 8th Avenue South,residential,False,False,6.495,327,292,44.0,0.0,2.0,None,None,None,None,0.8999999761581421,1.0800000429153442,0.9900000095367432,1.0,other,2.0,405.87
10873483,Upper 8th Avenue South,residential,False,True,7.354,328,114,44.0,0.0,2.0,None,None,None,None,1.0299999713897705,1.0800000429153442,1.0550000667572021,1.0,other,2.0,479.08
683228867,4th Avenue North,residential,False,True,11.552,329,293,44.0,0.0,2.0,None,None,None,None,1.5700000524520874,1.600000023841858,1.5850000381469727,1.0,other,2.0,982.5
351669850,North 2nd Street,residential,False,True,10.709,330,294,40.0,0.0,2.0,None,25 mph,None,None,1.8600000143051147,1.899999976158142,1.8799999952316284,1.0,other,2.0,1005.58
683228866,2nd Street North,residential,False,False,8.522,331,295,40.0,0.0,2.0,None,25 mph,None,None,1.8600000143051147,1.8799999952316284,1.8700000047683716,1.0,other,2.0,797.66
683228867,4th Avenue North,residential,False,False,6.553,332,296,44.0,0.0,2.0,None,None,None,None,1.8600000143051147,1.8799999952316284,1.8700000445048015,1.0,other,2.0,613.36
683228868,4th Avenue North,residential,False,True,8.194,333,297,44.0,0.0,2.0,None,None,None,None,1.8200000524520874,1.8600000143051147,1.840000033378601,1.0,other,2.0,759.58
83634153,4th Avenue North,residential,False,True,12.298,334,298,44.0,0.0,2.0,None,None,None,None,1.9500000476837158,2.059999942779541,2.0233333905537925,1.0,other,2.0,1205.51
351754104,3rd Street North,primary,True,False,105.338,335,299,56.0,0.002,2.0,FL A1A,35 mph,None,None,1.75,1.9600000381469727,1.8592309218186598,1.0,primary,2.0,16376.01
683228868,4th Avenue North,residential,False,False,10.49,336,300,44.0,0.0,2.0,None,None,None,None,1.9500000476837158,2.049999952316284,2.0,1.0,other,2.0,1022.78
83634153,4th Avenue North,residential,False,False,42.176,337,303,44.0,0.001,2.0,None,None,None,None,1.440000057220459,1.6399999856948853,1.5340000152587892,1.0,other,2.0,3522.54
83634153,4th Avenue North,residential,False,True,106.282,338,301,44.0,0.002,2.0,None,None,None,None,1.0,1.4800000190734863,1.2900001525878906,1.0,other,2.0,7897.82
351669862,North 5th Street,residential,False,False,104.309,339,302,44.0,0.002,2.0,None,None,None,None,1.399999976158142,1.6699999570846558,1.559230951162485,1.0,other,2.0,8790.84
351669862,North 5th Street,residential,False,True,52.59,340,304,44.0,0.001,2.0,None,None,None,None,1.2899999618530273,1.4500000476837158,1.4071429116385323,1.0,other,2.0,4148.22
10883745,North 6th Street,residential,False,False,104.697,341,305,44.0,0.002,2.0,None,None,None,None,0.7799999713897705,1.0099999904632568,0.8915384732759916,1.0,other,2.0,6016.78
10883745,North 6th Street,residential,False,True,51.376,342,308,44.0,0.001,2.0,None,None,None,None,0.9200000166893005,1.1200000047683716,1.0228571210588728,1.0,other,2.0,3282.49
83634153,4th Avenue North,residential,False,False,106.282,343,306,44.0,0.002,2.0,None,None,None,None,1.0,1.4800000190734863,1.2900001525878906,1.0,other,2.0,7897.82
83634153,4th Avenue North,residential,False,True,106.272,344,307,44.0,0.002,2.0,None,None,None,None,1.0,1.3300000429153442,1.1513333638509116,1.0,other,2.0,7322.35
10884265,7th Street North,residential,False,False,105.465,345,309,44.0,0.002,2.0,None,None,None,None,0.7099999785423279,1.3300000429153442,1.013846103961651,1.0,other,2.0,6701.25
10884265,7th Street North,residential,False,True,104.239,346,310,44.0,0.002,2.0,None,None,None,None,0.7099999785423279,1.3300000429153442,0.8738461274367112,1.0,other,2.0,5896.4
83634153,4th Avenue North,residential,False,False,106.272,347,311,44.0,0.002,2.0,None,None,None,None,1.0,1.3300000429153442,1.1513333638509116,1.0,other,2.0,7322.35
83634153,4th Avenue North,residential,False,True,107.136,348,312,44.0,0.002,2.0,None,None,None,None,1.190000057220459,1.559999942779541,1.406000010172526,1.0,other,2.0,8445.96
10880336,North 8th Street,residential,False,True,104.287,349,313,44.0,0.002,2.0,None,None,None,None,1.3600000143051147,1.5700000524520874,1.4830768291766827,1.0,other,2.0,8534.85
83634153,4th Avenue North,residential,False,False,107.136,350,314,44.0,0.002,2.0,None,None,None,None,1.190000057220459,1.559999942779541,1.406000010172526,1.0,other,2.0,8445.96
83634153,4th Avenue North,residential,False,True,106.637,351,315,44.0,0.002,2.0,None,None,None,None,0.7400000095367432,1.559999942779541,1.1339998881022135,1.0,other,2.0,7275.42
10874111,North 9th Street,residential,False,False,98.145,352,319,44.0,0.002,2.0,None,None,None,None,0.1899999976158142,0.75,0.4254545731977983,0.820903112762081,other,2.0,2570.84
10874111,North 9th Street,residential,False,True,104.554,353,316,44.0,0.002,2.0,None,None,None,None,0.5400000214576721,0.7400000095367432,0.6492308103121244,1.0,other,2.0,4716.51
83634153,4th Avenue North,residential,False,False,106.637,354,317,44.0,0.002,2.0,None,None,None,None,0.7400000095367432,1.559999942779541,1.1339998881022135,1.0,other,2.0,7275.42
83634153,4th Avenue North,residential,False,True,107.333,355,318,44.0,0.002,2.0,None,None,None,None,0.10000000149011612,0.7400000095367432,0.45428572382245747,1.0,other,2.0,3656.99
10886114,North 10th Street,residential,False,False,97.379,356,320,56.0,0.002,2.0,None,35 mph,None,None,0.10000000149011612,0.11999999731779099,0.10999999940395355,0.15206630577728178,other,2.0,122.17
10886114,North 10th Street,residential,False,True,104.292,357,321,56.0,0.002,2.0,None,35 mph,None,None,0.07999999821186066,0.20999999344348907,0.14300000667572021,0.7023767205581201,other,2.0,785.63
83634153,4th Avenue North,residential,False,False,107.333,358,322,44.0,0.002,2.0,None,None,None,None,0.10000000149011612,0.7400000095367432,0.45428572382245747,1.0,other,2.0,3656.99
83634153,4th Avenue North,residential,False,True,53.39,359,323,44.0,0.001,2.0,None,None,None,None,0.10000000149011612,0.11999999731779099,0.10999999940395355,0.04729702451667507,other,2.0,20.83
10886116,11th Street North,residential,False,False,9.611,360,325,44.0,0.0,2.0,None,None,None,None,,,,0.0,other,2.0,
10886116,11th Street North,residential,False,True,95.453,361,324,44.0,0.002,2.0,None,None,None,None,,,,0.0,other,2.0,
83634153,4th Avenue North,residential,False,False,34.138,362,326,44.0,0.001,2.0,None,None,None,None,,,,0.0,other,2.0,
83634153,4th Avenue North,residential,False,True,171.061,363,327,44.0,0.004,2.0,None,None,None,None,0.1899999976158142,0.44999998807907104,0.3554545532573353,0.5165561868221322,other,2.0,2355.67
10875608,Palm Tree Road,residential,False,False,90.73,364,328,44.0,0.002,2.0,None,None,None,None,0.5099999904632568,0.7099999785423279,0.6100000381469727,1.0,other,2.0,3911.37
10875608,Palm Tree Road,residential,False,True,8.851,365,329,44.0,0.0,2.0,None,None,None,None,0.33000001311302185,0.5099999904632568,0.42000001668930054,1.0,other,2.0,278.81
83634153,4th Avenue North,residential,False,False,106.164,366,330,44.0,0.002,2.0,None,None,None,None,0.3799999952316284,0.5099999904632568,0.4276923399705153,1.0,other,2.0,3405.41
122483552,4th Avenue South,residential,False,False,5.577,367,331,44.0,0.0,2.0,None,None,None,None,2.109999895095825,2.190000057220459,2.1500000953674316,1.0,other,2.0,562.58
444454367,1st Street South,tertiary,False,False,6.951,368,332,50.0,0.0,2.0,None,None,None,None,2.109999895095825,2.109999895095825,2.109999895095825,1.0,tertiary,2.0,810.75
444454367,1st Street South,tertiary,False,True,9.125,369,333,50.0,0.0,2.0,None,None,None,None,2.0999999046325684,2.109999895095825,2.1050000190734863,1.0,tertiary,2.0,1063.12
10874232,3rd Street South,primary,True,False,52.686,370,335,56.0,0.001,2.0,FL A1A,35 mph,None,None,1.9700000286102295,2.119999885559082,2.0271427971976146,1.0,primary,2.0,8615.1
434963585,4th Avenue South,residential,False,False,5.331,371,336,44.0,0.0,2.0,None,None,None,None,2.119999885559082,2.119999885559082,2.119999885559082,1.0,other,2.0,534.17
434963585,4th Avenue South,residential,False,True,17.488,372,334,44.0,0.0,2.0,None,None,None,None,1.9700000286102295,2.119999885559082,2.0399999618530273,1.0,other,2.0,1720.82
10882817,South 4th Street,residential,False,False,50.899,373,337,44.0,0.001,2.0,None,None,None,None,2.130000114440918,2.359999895095825,2.247142791748047,1.0,other,2.0,5245.69
10882817,South 4th Street,residential,False,True,53.501,374,338,44.0,0.001,2.0,None,None,None,None,2.109999895095825,2.259999990463257,2.2071429661342075,1.0,other,2.0,5465.7
434963585,4th Avenue South,residential,False,False,42.523,375,339,44.0,0.001,2.0,None,None,None,None,1.9900000095367432,2.259999990463257,2.123333295186361,1.0,other,2.0,4263.99
434963585,4th Avenue South,residential,False,True,26.697,376,340,44.0,0.001,2.0,None,None,None,None,2.140000104904175,2.369999885559082,2.262500047683716,1.0,other,2.0,2760.64
10876469,South 5th Street,residential,False,False,52.283,377,343,44.0,0.001,2.0,None,None,None,None,1.590000033378601,1.809999942779541,1.7100000381469727,1.0,other,2.0,4642.73
10876469,South 5th Street,residential,False,True,105.6,378,341,44.0,0.002,2.0,None,None,None,None,1.2999999523162842,1.809999942779541,1.4435714994158064,1.0,other,2.0,8479.6
434963585,4th Avenue South,residential,False,False,107.973,379,342,44.0,0.002,2.0,None,None,None,None,1.340000033378601,1.809999942779541,1.5499999523162842,1.0,other,2.0,9069.73
434963585,4th Avenue South,residential,False,True,62.233,380,344,44.0,0.001,2.0,None,None,None,None,1.809999942779541,1.9900000095367432,1.9044445885552301,1.0,other,2.0,5889.32
10879843,South 6th Street,residential,False,False,52.401,381,348,44.0,0.001,2.0,None,None,None,None,1.1699999570846558,1.3700000047683716,1.2662498950958252,1.0,other,2.0,3845.38
10879843,South 6th Street,residential,False,True,105.736,382,345,44.0,0.002,2.0,None,None,None,None,0.9900000095367432,1.3700000047683716,1.1615384908822866,1.0,other,2.0,7327.5
434963585,4th Avenue South,residential,False,False,105.398,383,346,44.0,0.002,2.0,None,None,None,None,1.159999966621399,1.3799999952316284,1.2964285441807337,1.0,other,2.0,7858.55
434963585,4th Avenue South,residential,False,True,107.973,384,347,44.0,0.002,2.0,None,None,None,None,1.340000033378601,1.809999942779541,1.5499999523162842,1.0,other,2.0,9069.73
10884324,7th Street South,residential,False,False,10.406,385,350,44.0,0.0,2.0,None,None,None,None,1.2000000476837158,1.2400000095367432,1.2200000286102295,1.0,other,2.0,744.86
10884324,7th Street South,residential,False,True,32.794,386,351,44.0,0.001,2.0,None,None,None,None,1.159999966621399,1.2699999809265137,1.2100000381469727,1.0,other,2.0,2334.6
434963585,4th Avenue South,residential,False,False,66.759,387,352,44.0,0.002,2.0,None,None,None,None,1.0099999904632568,1.2400000095367432,1.1109999656677245,1.0,other,2.0,4494.82
434963585,4th Avenue South,residential,False,True,105.398,388,349,44.0,0.002,2.0,None,None,None,None,1.159999966621399,1.3799999952316284,1.2964285441807337,1.0,other,2.0,7858.55
10894908,South 8th Street,residential,False,False,51.088,389,354,44.0,0.001,2.0,None,None,None,None,0.7799999713897705,0.9200000166893005,0.851428576878139,1.0,other,2.0,2831.44
10894908,South 8th Street,residential,False,True,51.369,390,355,44.0,0.001,2.0,None,None,None,None,0.7599999904632568,0.9200000166893005,0.8485714367457798,1.0,other,2.0,2839.53
434963585,4th Avenue South,residential,False,False,107.808,391,353,44.0,0.002,2.0,None,None,None,None,0.25,0.9200000166893005,0.5906667073567708,1.0,other,2.0,4541.3
434963585,4th Avenue South,residential,False,True,39.849,392,356,44.0,0.001,2.0,None,None,None,None,0.9200000166893005,1.0099999904632568,0.9516666730244955,1.0,other,2.0,2412.26
10884136,South 9th Street,tertiary,False,False,50.977,393,359,50.0,0.001,2.0,None,None,None,None,0.11999999731779099,0.36000001430511475,0.24285714966910227,1.0,tertiary,2.0,1083.26
10884136,South 9th Street,tertiary,False,True,50.71,394,360,50.0,0.001,2.0,None,None,None,None,0.25,0.4099999964237213,0.3125,1.0,tertiary,2.0,1386.6
434963585,4th Avenue South,residential,False,False,107.407,395,357,44.0,0.002,2.0,None,None,None,None,0.05999999865889549,0.27000001072883606,0.1661538527562068,0.8346183671151463,other,2.0,1117.1
434963585,4th Avenue South,residential,False,True,107.808,396,358,44.0,0.002,2.0,None,None,None,None,0.25,0.9200000166893005,0.5906667073567708,1.0,other,2.0,4541.3
10878786,10th Street South,residential,False,False,49.739,397,363,44.0,0.001,2.0,None,None,None,None,0.05999999865889549,0.17000000178813934,0.09333333373069763,0.8408506685775792,other,2.0,292.76
10878786,10th Street South,residential,False,True,93.265,398,364,44.0,0.002,2.0,None,None,None,None,0.07999999821186066,0.07999999821186066,0.07999999821186066,0.09526832547286342,other,2.0,53.31
434963585,4th Avenue South,residential,False,False,76.648,399,361,44.0,0.002,2.0,None,None,None,None,0.07000000029802322,0.2800000011920929,0.14200000762939452,0.8851925140025264,other,2.0,722.58
434963585,4th Avenue South,residential,False,True,107.407,400,362,44.0,0.002,2.0,None,None,None,None,0.05999999865889549,0.27000001072883606,0.1661538527562068,0.8346183671151463,other,2.0,1117.1
10883108,South 4th Avenue,residential,False,False,17.199,401,367,44.0,0.0,2.0,None,None,None,None,0.12999999523162842,0.17000000178813934,0.14666666587193808,1.0,other,2.0,189.19
10886158,11th Street South,residential,False,False,105.843,402,365,44.0,0.002,2.0,None,None,None,None,0.05000000074505806,0.12999999523162842,0.07555555635028416,0.7077451882792223,other,2.0,424.49
434963585,4th Avenue South,residential,False,True,76.648,403,366,44.0,0.002,2.0,None,None,None,None,0.07000000029802322,0.2800000011920929,0.14200000762939452,0.8851925140025264,other,2.0,722.58
10874111,North 9th Street,residential,False,False,48.973,404,368,44.0,0.001,2.0,None,None,None,None,0.3499999940395355,0.6499999761581421,0.5357142516544887,1.0,other,2.0,1925.69
10874111,North 9th Street,residential,False,True,22.773,405,369,44.0,0.001,2.0,None,None,None,None,0.3799999952316284,0.5600000023841858,0.4699999690055847,1.0,other,2.0,802.75
10874354,1st Avenue North,residential,False,False,31.467,406,370,44.0,0.001,2.0,None,None,None,None,0.46000000834465027,0.5,0.4749999940395355,1.0,other,2.0,1121.01
10874354,1st Avenue North,residential,False,True,16.925,407,371,44.0,0.0,2.0,None,None,None,None,0.5,0.6200000047683716,0.5566666920979818,1.0,other,2.0,683.6
10874111,North 9th Street,residential,False,False,104.554,408,372,44.0,0.002,2.0,None,None,None,None,0.5400000214576721,0.7400000095367432,0.6492308103121244,1.0,other,2.0,4716.51
10874111,North 9th Street,residential,False,True,104.07,409,373,44.0,0.002,2.0,None,None,None,None,0.47999998927116394,0.9399999976158142,0.5992307296166053,1.0,other,2.0,4429.3
444454418,3rd Avenue North,residential,False,False,106.85,410,374,44.0,0.002,2.0,None,None,None,None,0.1899999976158142,0.6600000262260437,0.43400001525878906,1.0,other,2.0,3477.97
444454418,3rd Avenue North,residential,False,True,106.023,411,375,44.0,0.002,2.0,None,None,None,None,0.6600000262260437,1.4600000381469727,1.059333292643229,1.0,other,2.0,6924.79
10874111,North 9th Street,residential,False,False,6.894,412,378,44.0,0.0,2.0,None,None,None,None,0.4300000071525574,0.4300000071525574,0.4300000071525574,1.0,other,2.0,222.33
10874111,North 9th Street,residential,False,True,6.953,413,379,44.0,0.0,2.0,None,None,None,None,0.4000000059604645,0.4300000071525574,0.4150000214576721,1.0,other,2.0,216.41
444563942,5th Avenue North,residential,False,False,108.666,414,376,44.0,0.002,2.0,None,None,None,None,0.14000000059604645,0.4300000071525574,0.28066666920979816,1.0,other,2.0,2287.42
444563942,5th Avenue North,residential,False,True,212.943,415,377,44.0,0.005,2.0,None,None,None,None,0.4300000071525574,1.6100000143051147,1.1828571047101701,1.0,other,2.0,14934.0
10874111,North 9th Street,residential,False,False,105.383,416,380,44.0,0.002,2.0,None,None,None,None,0.2199999988079071,0.8700000047683716,0.4776923106266902,1.0,other,2.0,3775.55
10874111,North 9th Street,residential,False,True,97.523,417,381,44.0,0.002,2.0,None,None,None,None,0.3199999928474426,0.6399999856948853,0.4292307266822228,1.0,other,2.0,3139.49
10876164,6th Avenue North,residential,False,False,100.302,418,382,44.0,0.002,2.0,None,None,None,None,0.12999999523162842,0.6399999856948853,0.3679999669392904,1.0,other,2.0,2768.33
10876164,6th Avenue North,residential,False,True,108.315,419,383,44.0,0.002,2.0,None,None,None,None,0.5600000023841858,1.3799999952316284,0.9,1.0,other,2.0,6271.44
10874111,North 9th Street,residential,False,False,104.315,420,384,44.0,0.002,2.0,None,None,None,None,0.10000000149011612,0.8700000047683716,0.4224999745686849,0.8019080799496476,other,2.0,2650.69
10874111,North 9th Street,residential,False,True,105.383,421,385,44.0,0.002,2.0,None,None,None,None,0.2199999988079071,0.8700000047683716,0.4776923106266902,1.0,other,2.0,3775.55
10878701,7th Avenue North,residential,False,False,108.571,422,386,44.0,0.002,2.0,None,None,None,None,0.10999999940395355,0.8700000047683716,0.5146666844685872,1.0,other,2.0,4152.62
10878701,7th Avenue North,residential,False,True,97.0,423,387,44.0,0.002,2.0,None,None,None,None,0.7400000095367432,1.340000033378601,0.9164285659790039,1.0,other,2.0,5697.57
10874111,North 9th Street,residential,False,True,104.315,424,388,44.0,0.002,2.0,None,None,None,None,0.10000000149011612,0.8700000047683716,0.4224999745686849,0.8019080799496476,other,2.0,2650.69
83591046,8th Avenue North,residential,False,False,99.407,425,389,44.0,0.002,2.0,None,None,None,None,0.07999999821186066,0.3799999952316284,0.20272727446122604,0.740799264295207,other,2.0,1119.67
83591046,8th Avenue North,residential,False,True,95.629,426,390,44.0,0.002,2.0,None,None,None,None,0.28999999165534973,0.8899999856948853,0.523571423121861,1.0,other,2.0,3701.05
10874185,3rd Street North,primary,True,False,30.259,427,983,56.0,0.001,2.0,FL A1A,35 mph,None,None,1.6399999856948853,1.7599999904632568,1.6940000534057618,1.0,primary,2.0,4454.12
10874185,3rd Street North,primary,True,False,105.733,428,391,56.0,0.002,2.0,FL A1A,35 mph,None,None,1.6799999475479126,1.9800000190734863,1.7946155254657452,1.0,primary,2.0,16095.82
10874354,1st Avenue North,residential,False,False,11.479,429,392,44.0,0.0,2.0,None,None,None,None,1.6799999475479126,1.6799999475479126,1.6799999475479126,1.0,other,2.0,1009.0
10874354,1st Avenue North,residential,False,True,8.833,430,393,44.0,0.0,2.0,None,None,None,None,1.6399999856948853,1.6799999475479126,1.659999966621399,1.0,other,2.0,771.12
10874185,3rd Street North,primary,True,False,49.788,431,394,56.0,0.001,2.0,FL A1A,35 mph,None,None,1.6399999856948853,1.9500000476837158,1.7883334159851074,1.0,primary,2.0,7563.63
10889302,3rd Avenue North,residential,False,True,12.19,432,395,44.0,0.0,2.0,None,None,None,None,1.6399999856948853,1.9800000190734863,1.8599999745686848,1.0,other,2.0,1137.33
10876164,6th Avenue North,residential,False,False,12.272,433,396,44.0,0.0,2.0,None,None,None,None,1.9700000286102295,2.0,1.9850000143051147,1.0,other,2.0,1191.0
10876164,6th Avenue North,residential,False,True,10.492,434,397,44.0,0.0,2.0,None,None,None,None,1.9700000286102295,2.119999885559082,2.0450000762939453,1.0,other,2.0,1033.59
351754104,3rd Street North,primary,True,False,52.225,435,398,56.0,0.001,2.0,FL A1A,35 mph,None,None,1.899999976158142,2.0299999713897705,1.9628571101597376,1.0,primary,2.0,8389.57
10878701,7th Avenue North,residential,False,False,12.872,436,399,44.0,0.0,2.0,None,None,None,None,1.7899999618530273,1.909999966621399,1.8499999046325684,1.0,other,2.0,1197.1
10878701,7th Avenue North,residential,False,True,7.431,437,400,44.0,0.0,2.0,None,None,None,None,1.7899999618530273,1.909999966621399,1.8499999046325684,1.0,other,2.0,691.08
351754104,3rd Street North,primary,True,False,33.908,438,401,56.0,0.001,2.0,FL A1A,35 mph,None,None,1.7899999618530273,1.8300000429153442,1.8100000381469727,1.0,primary,2.0,5187.92
83591046,8th Avenue North,residential,False,False,13.42,439,402,44.0,0.0,2.0,None,None,None,None,1.9199999570846558,1.9199999570846558,1.9199999570846558,1.0,other,2.0,1276.24
83591046,8th Avenue North,residential,False,True,8.449,440,403,44.0,0.0,2.0,None,None,None,None,1.9199999570846558,2.0299999713897705,1.9749999046325684,1.0,other,2.0,817.44
10874232,3rd Street South,primary,True,False,21.403,441,404,56.0,0.0,2.0,FL A1A,35 mph,None,None,1.6699999570846558,1.9800000190734863,1.8925000429153442,1.0,primary,2.0,3362.95
288720070,1st Avenue South,residential,False,False,8.943,442,405,44.0,0.0,2.0,None,None,None,None,1.9500000476837158,1.9700000286102295,1.9600000381469727,1.0,other,2.0,861.21
10874232,3rd Street South,primary,True,False,51.626,443,407,56.0,0.001,2.0,FL A1A,35 mph,None,None,2.130000114440918,2.309999942779541,2.2585714885166714,1.0,primary,2.0,8889.81
122483551,3rd Avenue South,residential,False,False,8.313,444,408,44.0,0.0,2.0,None,None,None,None,2.190000057220459,2.2799999713897705,2.246666590372721,1.0,other,2.0,856.65
122483551,3rd Avenue South,residential,False,True,16.929,445,406,44.0,0.0,2.0,None,None,None,None,2.109999895095825,2.2699999809265137,2.183333396911621,1.0,other,2.0,1720.41
10874232,3rd Street South,primary,True,False,104.092,446,409,56.0,0.002,2.0,FL A1A,35 mph,None,None,1.899999976158142,2.180000066757202,2.020714351109096,1.0,primary,2.0,16995.81
83591037,5th Avenue South,residential,False,False,6.393,447,411,44.0,0.0,2.0,None,None,None,None,1.9800000190734863,1.9800000190734863,1.9800000190734863,1.0,other,2.0,619.48
83591037,5th Avenue South,residential,False,True,16.027,448,410,44.0,0.0,2.0,None,None,None,None,1.75,1.9800000190734863,1.903333346048991,1.0,other,2.0,1516.15
10874232,3rd Street South,primary,True,False,49.781,449,413,56.0,0.001,2.0,FL A1A,35 mph,None,None,1.9199999570846558,2.069999933242798,1.9966665903727214,1.0,primary,2.0,8081.12
122483553,6th Avenue South,residential,False,False,7.21,450,414,44.0,0.0,2.0,None,None,None,None,1.9600000381469727,2.069999933242798,2.0149998664855957,1.0,other,2.0,705.41
122483553,6th Avenue South,residential,False,True,15.834,451,412,44.0,0.0,2.0,None,None,None,None,1.9600000381469727,2.069999933242798,2.0149998664855957,1.0,other,2.0,1549.16
10874232,3rd Street South,primary,True,False,103.804,452,415,56.0,0.002,2.0,FL A1A,35 mph,None,None,1.850000023841858,2.190000057220459,2.0169231708233175,1.0,primary,2.0,16934.03
10878731,7th Avenue South,residential,False,False,7.905,453,417,44.0,0.0,2.0,None,None,None,None,1.850000023841858,2.009999990463257,1.9300000667572021,1.0,other,2.0,754.14
10878731,7th Avenue South,residential,False,True,16.093,454,416,44.0,0.0,2.0,None,None,None,None,1.8300000429153442,1.850000023841858,1.840000033378601,1.0,other,2.0,1491.82
10874232,3rd Street South,primary,True,False,56.871,455,419,56.0,0.001,2.0,FL A1A,35 mph,None,None,2.0199999809265137,2.309999942779541,2.182500123977661,1.0,primary,2.0,9630.75
122483554,8th Avenue South,residential,False,False,8.352,456,420,44.0,0.0,2.0,None,None,None,None,2.0199999809265137,2.2100000381469727,2.115000009536743,1.0,other,2.0,835.93
122483554,8th Avenue South,residential,False,True,14.896,457,418,44.0,0.0,2.0,None,None,None,None,2.0199999809265137,2.0899999141693115,2.054999828338623,1.0,other,2.0,1470.79
10874232,3rd Street South,primary,True,False,53.142,458,422,56.0,0.001,2.0,FL A1A,35 mph,None,None,2.180000066757202,2.309999942779541,2.2462501525878906,1.0,primary,2.0,9126.31
122483555,9th Avenue South,residential,False,False,9.875,459,423,44.0,0.0,2.0,None,None,None,None,2.240000009536743,2.3499999046325684,2.2999998728434243,1.0,other,2.0,1029.47
122483555,9th Avenue South,residential,False,True,13.37,460,421,44.0,0.0,2.0,None,None,None,None,2.180000066757202,2.309999942779541,2.244999885559082,1.0,other,2.0,1377.28
10874232,3rd Street South,primary,True,False,43.271,461,425,56.0,0.001,2.0,FL A1A,35 mph,None,None,2.180000066757202,2.2699999809265137,2.236666679382324,1.0,primary,2.0,7415.57
122483547,10th Avenue South,residential,False,False,7.26,462,426,44.0,0.0,2.0,None,None,None,None,2.200000047683716,2.2200000286102295,2.2100000381469727,1.0,other,2.0,742.15
122483547,10th Avenue South,residential,False,True,13.012,463,424,44.0,0.0,2.0,None,None,None,None,2.059999942779541,2.2200000286102295,2.1433334350585938,1.0,other,2.0,1310.63
10874232,3rd Street South,primary,True,False,62.24,464,428,56.0,0.001,2.0,FL A1A,35 mph,None,None,2.3499999046325684,2.5199999809265137,2.432499885559082,1.0,primary,2.0,11123.45
10880199,11th Avenue South,residential,False,False,7.436,465,429,44.0,0.0,2.0,None,None,None,None,2.359999895095825,2.4200000762939453,2.3899998664855957,1.0,other,2.0,790.26
10880199,11th Avenue South,residential,False,True,15.316,466,427,44.0,0.0,2.0,None,None,None,None,2.3399999141693115,2.359999895095825,2.3500000635782876,1.0,other,2.0,1613.92
10874232,3rd Street South,primary,True,False,8.576,467,431,56.0,0.0,2.0,FL A1A,35 mph,None,None,2.450000047683716,2.4600000381469727,2.4549999237060547,1.0,primary,2.0,1539.93
83591029,13th Avenue South,tertiary,False,False,16.831,468,430,50.0,0.0,2.0,None,None,None,None,2.3499999046325684,2.4600000381469727,2.4166666666666665,1.0,tertiary,2.0,2098.62
83591029,13th Avenue South,tertiary,False,True,6.97,469,432,50.0,0.0,2.0,None,None,None,None,2.4200000762939453,2.4600000381469727,2.440000057220459,1.0,tertiary,2.0,873.34
10874232,3rd Street South,primary,True,False,52.133,470,434,56.0,0.001,2.0,FL A1A,35 mph,None,None,2.3399999141693115,2.450000047683716,2.3942857469831194,1.0,primary,2.0,9242.44
10887552,15th Avenue South,residential,False,False,6.149,471,435,44.0,0.0,2.0,None,None,None,None,2.359999895095825,2.5,2.429999828338623,1.0,other,2.0,659.02
10887552,15th Avenue South,residential,False,True,14.552,472,433,44.0,0.0,2.0,None,None,None,None,2.309999942779541,2.359999895095825,2.3266666730244956,1.0,other,2.0,1525.78
83591065,16th Avenue South,tertiary,False,False,8.343,473,437,50.0,0.0,2.0,None,None,None,None,2.619999885559082,2.619999885559082,2.619999885559082,1.0,tertiary,2.0,1084.8
83591065,16th Avenue South,tertiary,False,True,13.585,474,436,50.0,0.0,2.0,None,None,None,None,2.4700000286102295,2.619999885559082,2.5233332316080728,1.0,tertiary,2.0,1731.92
10874354,1st Avenue North,residential,False,False,30.119,475,438,44.0,0.001,2.0,None,None,None,None,1.590000033378601,1.6699999570846558,1.6439998626708985,1.0,other,2.0,2614.93
10874354,1st Avenue North,residential,False,False,8.434,476,439,44.0,0.0,2.0,None,None,None,None,1.809999942779541,1.8600000143051147,1.8350000381469727,1.0,other,2.0,780.57
10874354,1st Avenue North,residential,False,True,6.342,477,440,44.0,0.0,2.0,None,None,None,None,1.8600000143051147,1.8600000143051147,1.8600000143051147,1.0,other,2.0,591.71
683228866,2nd Street North,residential,False,False,11.265,478,441,40.0,0.0,2.0,None,25 mph,None,None,1.8600000143051147,1.899999976158142,1.8799999952316284,1.0,other,2.0,1057.78
683228866,2nd Street North,residential,False,True,9.001,479,442,40.0,0.0,2.0,None,25 mph,None,None,1.809999942779541,1.8700000047683716,1.846666653951009,1.0,other,2.0,836.19
10874354,1st Avenue North,residential,False,False,106.185,480,443,44.0,0.002,2.0,None,None,None,None,1.25,1.4900000095367432,1.3606666564941405,1.0,other,2.0,8183.25
10874354,1st Avenue North,residential,False,True,13.823,481,445,44.0,0.0,2.0,None,None,None,None,1.4900000095367432,1.5700000524520874,1.5299999713897705,1.0,other,2.0,1152.84
351669862,North 5th Street,residential,False,False,105.225,482,444,44.0,0.002,2.0,None,None,None,None,1.350000023841858,1.5499999523162842,1.4615384615384615,1.0,other,2.0,8523.22
351669862,North 5th Street,residential,False,True,46.387,483,446,44.0,0.001,2.0,None,None,None,None,1.2799999713897705,1.590000033378601,1.494999885559082,1.0,other,2.0,3817.88
10874354,1st Avenue North,residential,False,False,63.692,484,450,44.0,0.001,2.0,None,None,None,None,1.340000033378601,1.3899999856948853,1.3666666878594294,1.0,other,2.0,4923.39
10874354,1st Avenue North,residential,False,True,106.185,485,447,44.0,0.002,2.0,None,None,None,None,1.25,1.4900000095367432,1.3606666564941405,1.0,other,2.0,8183.25
10883745,North 6th Street,residential,False,False,104.784,486,448,44.0,0.002,2.0,None,None,None,None,1.0099999904632568,1.3600000143051147,1.132857050214495,1.0,other,2.0,7144.32
10883745,North 6th Street,residential,False,True,105.254,487,449,44.0,0.002,2.0,None,None,None,None,1.2300000190734863,1.4900000095367432,1.383076887864333,1.0,other,2.0,8203.5
10874354,1st Avenue North,residential,False,False,88.189,488,451,44.0,0.002,2.0,None,None,None,None,1.0399999618530273,1.399999976158142,1.13999997652494,1.0,other,2.0,6037.42
10874354,1st Avenue North,residential,False,True,42.222,489,452,44.0,0.001,2.0,None,None,None,None,1.3700000047683716,1.4500000476837158,1.418333371480306,1.0,other,2.0,3348.84
10884265,7th Street North,residential,False,False,41.044,490,453,44.0,0.001,2.0,None,None,None,None,1.350000023841858,1.399999976158142,1.3733332951863606,1.0,other,2.0,3183.37
10884265,7th Street North,residential,False,True,20.901,491,454,44.0,0.0,2.0,None,None,None,None,1.1100000143051147,1.399999976158142,1.2600000699361165,1.0,other,2.0,1528.7
10874354,1st Avenue North,residential,False,False,89.17,492,455,44.0,0.002,2.0,None,None,None,None,0.550000011920929,1.1100000143051147,0.8707692072941706,1.0,other,2.0,5030.01
10874354,1st Avenue North,residential,False,True,18.266,493,456,44.0,0.0,2.0,None,None,None,None,1.0399999618530273,1.1100000143051147,1.0700000127156575,1.0,other,2.0,1200.62
10880336,North 8th Street,residential,False,False,59.645,494,457,44.0,0.001,2.0,None,None,None,None,1.0199999809265137,1.1699999570846558,1.091249942779541,1.0,other,2.0,3969.9
10880336,North 8th Street,residential,False,True,36.878,495,458,44.0,0.001,2.0,None,None,None,None,0.9100000262260437,1.1100000143051147,0.9866665999094645,1.0,other,2.0,2298.24
10874354,1st Avenue North,residential,False,False,18.86,496,460,44.0,0.0,2.0,None,None,None,None,0.4699999988079071,0.6499999761581421,0.5549999475479126,1.0,other,2.0,760.15
10874354,1st Avenue North,residential,False,True,53.283,497,461,44.0,0.001,2.0,None,None,None,None,0.49000000953674316,0.6499999761581421,0.5262500047683716,1.0,other,2.0,2069.45
10886114,North 10th Street,residential,False,False,103.493,498,459,56.0,0.002,2.0,None,35 mph,None,None,0.28999999165534973,0.6499999761581421,0.4569230813246507,1.0,other,2.0,3546.63
10886114,North 10th Street,residential,False,True,24.899,499,462,56.0,0.0,2.0,None,35 mph,None,None,0.5400000214576721,0.6499999761581421,0.6000000238418579,1.0,other,2.0,1060.7
10874354,1st Avenue North,residential,False,False,37.225,500,460,44.0,0.001,2.0,None,None,None,None,0.46000000834465027,0.6200000047683716,0.5366666714350382,1.0,other,2.0,1465.55
10874354,1st Avenue North,residential,False,True,6.103,501,465,44.0,0.0,2.0,None,None,None,None,0.4099999964237213,0.46000000834465027,0.4350000023841858,1.0,other,2.0,199.11
10874354,1st Avenue North,residential,False,False,104.432,502,464,44.0,0.002,2.0,None,None,None,None,0.20999999344348907,0.8399999737739563,0.5153846007127029,1.0,other,2.0,3998.14
10874354,1st Avenue North,residential,False,True,9.493,503,465,44.0,0.0,2.0,None,None,None,None,0.4099999964237213,0.5199999809265137,0.4649999737739563,1.0,other,2.0,331.07
10886116,11th Street North,residential,False,False,82.891,504,463,44.0,0.002,2.0,None,None,None,None,0.23000000417232513,0.5299999713897705,0.36545454372059216,1.0,other,2.0,2271.97
10886116,11th Street North,residential,False,True,48.713,505,466,44.0,0.001,2.0,None,None,None,None,0.3400000035762787,0.6600000262260437,0.4583333333333333,1.0,other,2.0,1674.51
122483548,1st Avenue South,residential,False,False,6.445,506,467,44.0,0.0,2.0,None,None,None,None,2.0,2.0299999713897705,2.013333320617676,1.0,other,2.0,630.32
444454367,1st Street South,tertiary,False,False,50.995,507,468,50.0,0.001,2.0,None,None,None,None,1.9700000286102295,2.049999952316284,2.0114286967686246,1.0,tertiary,2.0,5815.98
444454367,1st Street South,tertiary,False,True,54.612,508,469,50.0,0.001,2.0,None,None,None,None,1.8899999856948853,2.009999990463257,1.9657143184116908,1.0,tertiary,2.0,6146.58
10882817,South 4th Street,residential,False,False,50.193,509,470,44.0,0.001,2.0,None,None,None,None,1.5499999523162842,2.049999952316284,1.822857175554548,1.0,other,2.0,4627.08
10882817,South 4th Street,residential,False,True,44.729,510,471,44.0,0.001,2.0,None,None,None,None,1.6699999570846558,2.1500000953674316,1.961666742960612,1.0,other,2.0,4309.64
288720070,1st Avenue South,residential,False,False,58.462,511,472,44.0,0.001,2.0,None,None,None,None,1.6200000047683716,2.049999952316284,1.7737499475479126,1.0,other,2.0,5303.23
288720070,1st Avenue South,residential,False,True,18.267,512,473,44.0,0.0,2.0,None,None,None,None,2.0,2.069999933242798,2.0399999618530273,1.0,other,2.0,1797.47
10876469,South 5th Street,residential,False,False,105.0,513,474,44.0,0.002,2.0,None,None,None,None,0.8299999833106995,1.3700000047683716,1.1253845508282,1.0,other,2.0,7128.45
10876469,South 5th Street,residential,False,True,24.945,514,476,44.0,0.001,2.0,None,None,None,None,1.3700000047683716,1.4900000095367432,1.4375,1.0,other,2.0,1997.16
288720070,1st Avenue South,residential,False,False,107.517,515,475,44.0,0.002,2.0,None,None,None,None,0.9200000166893005,1.3700000047683716,1.1433333079020183,1.0,other,2.0,7374.59
288720070,1st Avenue South,residential,False,True,18.031,516,477,44.0,0.0,2.0,None,None,None,None,1.3700000047683716,1.409999966621399,1.3833333651224773,1.0,other,2.0,1405.52
10879843,South 6th Street,residential,False,False,104.136,517,478,44.0,0.002,2.0,None,None,None,None,0.7099999785423279,1.100000023841858,0.8861538813664362,1.0,other,2.0,5955.94
10879843,South 6th Street,residential,False,True,45.31,518,480,44.0,0.001,2.0,None,None,None,None,0.9200000166893005,1.100000023841858,1.0242857251848494,1.0,other,2.0,2897.45
288720070,1st Avenue South,residential,False,False,18.884,519,481,44.0,0.0,2.0,None,None,None,None,0.9200000166893005,0.9300000071525574,0.9266666571299235,1.0,other,2.0,1119.07
288720070,1st Avenue South,residential,False,True,107.517,520,479,44.0,0.002,2.0,None,None,None,None,0.9200000166893005,1.3700000047683716,1.1433333079020183,1.0,other,2.0,7374.59
10884324,7th Street South,residential,False,False,24.043,521,483,44.0,0.001,2.0,None,None,None,None,1.1200000047683716,1.2000000476837158,1.1760000228881835,1.0,other,2.0,1679.74
10884324,7th Street South,residential,False,True,102.326,522,482,44.0,0.002,2.0,None,None,None,None,1.0099999904632568,1.190000057220459,1.119999958918645,1.0,other,2.0,6925.42
288720070,1st Avenue South,residential,False,False,24.081,523,484,44.0,0.001,2.0,None,None,None,None,1.1200000047683716,1.1799999475479126,1.14399995803833,1.0,other,2.0,1652.34
288720070,1st Avenue South,residential,False,True,59.165,524,485,44.0,0.001,2.0,None,None,None,None,0.7699999809265137,1.1200000047683716,0.9755556318495009,1.0,other,2.0,3653.64
10894908,South 8th Street,residential,False,False,105.176,525,486,44.0,0.002,2.0,None,None,None,None,0.8299999833106995,0.949999988079071,0.897333272298177,1.0,other,2.0,6075.39
10894908,South 8th Street,residential,False,True,51.429,526,488,44.0,0.001,2.0,None,None,None,None,0.8299999833106995,1.0099999904632568,0.9157142639160156,1.0,other,2.0,3018.96
288720070,1st Avenue South,residential,False,False,106.828,527,487,44.0,0.002,2.0,None,None,None,None,0.25999999046325684,0.949999988079071,0.6333333333333333,1.0,other,2.0,4732.48
288720070,1st Avenue South,residential,False,True,80.609,528,489,44.0,0.002,2.0,None,None,None,None,0.8299999833106995,1.1200000047683716,1.0136363289572976,1.0,other,2.0,5121.24
10884136,South 9th Street,tertiary,False,False,106.432,529,490,50.0,0.002,2.0,None,None,None,None,0.09000000357627869,0.33000001311302185,0.2484615399287297,1.0,tertiary,2.0,2313.87
10884136,South 9th Street,tertiary,False,True,51.033,530,493,50.0,0.001,2.0,None,None,None,None,0.23999999463558197,0.33000001311302185,0.26571428775787354,1.0,tertiary,2.0,1186.52
288720070,1st Avenue South,residential,False,False,106.896,531,491,44.0,0.002,2.0,None,None,None,None,0.05999999865889549,0.25999999046325684,0.1557142734527588,0.49070021542209674,other,2.0,612.59
288720070,1st Avenue South,residential,False,True,106.828,532,492,44.0,0.002,2.0,None,None,None,None,0.25999999046325684,0.949999988079071,0.6333333333333333,1.0,other,2.0,4732.48
10878786,10th Street South,residential,False,False,106.078,533,494,44.0,0.002,2.0,None,None,None,None,,,,0.0,other,2.0,
10878786,10th Street South,residential,False,True,51.108,534,496,44.0,0.001,2.0,None,None,None,None,,,,0.0,other,2.0,
288720070,1st Avenue South,residential,False,False,56.211,535,497,44.0,0.001,2.0,None,None,None,None,,,,0.0,other,2.0,
288720070,1st Avenue South,residential,False,True,106.896,536,495,44.0,0.002,2.0,None,None,None,None,0.05999999865889549,0.25999999046325684,0.1557142734527588,0.49070021542209674,other,2.0,612.59
10886160,11th Street South,residential,False,False,105.804,537,497,44.0,0.002,2.0,None,None,None,None,,,,0.0,other,2.0,
288720070,1st Avenue South,residential,False,True,56.211,538,223,44.0,0.001,2.0,None,None,None,None,,,,0.0,other,2.0,
10875398,16th Avenue South,residential,False,False,36.288,539,498,44.0,0.001,2.0,None,None,None,None,1.9800000190734863,2.2899999618530273,2.1883331934611,1.0,other,2.0,3691.85
83591065,16th Avenue South,tertiary,False,False,12.725,540,917,50.0,0.0,2.0,None,None,None,None,2.369999885559082,2.450000047683716,2.3966665267944336,1.0,tertiary,2.0,1579.97
444454367,1st Street South,tertiary,False,True,8.887,541,97,50.0,0.0,2.0,None,None,None,None,2.440000057220459,2.450000047683716,2.445000171661377,1.0,tertiary,2.0,1114.71
83591065,16th Avenue South,tertiary,False,False,13.5,542,917,50.0,0.0,2.0,None,None,None,None,2.369999885559082,2.4700000286102295,2.4299999872843423,1.0,tertiary,2.0,1688.01
83591065,16th Avenue South,tertiary,False,True,3.457,543,97,50.0,0.0,2.0,None,None,None,None,2.369999885559082,2.4700000286102295,2.4200000762939453,1.0,tertiary,2.0,431.35
83591065,16th Avenue South,tertiary,False,False,105.605,544,499,50.0,0.002,2.0,None,None,None,None,2.190000057220459,2.950000047683716,2.6620000203450522,1.0,tertiary,2.0,13847.72
83591065,16th Avenue South,tertiary,False,True,43.506,545,501,50.0,0.001,2.0,None,None,None,None,2.190000057220459,2.4000000953674316,2.3000000544956754,1.0,tertiary,2.0,5291.42
91487795,South 5th Street,residential,False,True,103.802,546,500,44.0,0.002,2.0,None,None,None,None,2.0399999618530273,2.640000104904175,2.3307691720815806,1.0,other,2.0,10893.22
83591065,16th Avenue South,tertiary,False,False,106.711,547,502,50.0,0.002,2.0,None,None,None,None,0.8500000238418579,2.190000057220459,1.3079999287923176,1.0,tertiary,2.0,9338.71
83591065,16th Avenue South,tertiary,False,True,105.605,548,503,50.0,0.002,2.0,None,None,None,None,2.190000057220459,2.950000047683716,2.6620000203450522,1.0,tertiary,2.0,13847.72
85691282,South 6th Street,residential,False,True,104.678,549,504,44.0,0.002,2.0,None,None,None,None,1.7300000190734863,2.190000057220459,1.9276922666109526,1.0,other,2.0,9979.03
83591065,16th Avenue South,tertiary,False,False,106.532,550,505,50.0,0.002,2.0,None,None,None,None,0.27000001072883606,0.8500000238418579,0.5493333180745442,1.0,tertiary,2.0,4973.48
83591065,16th Avenue South,tertiary,False,True,106.711,551,506,50.0,0.002,2.0,None,None,None,None,0.8500000238418579,2.190000057220459,1.3079999287923176,1.0,tertiary,2.0,9338.71
85691281,7th Street South,residential,False,True,106.729,552,507,44.0,0.002,2.0,None,None,None,None,0.4699999988079071,0.9300000071525574,0.7953846271221454,1.0,other,2.0,5610.17
83591065,16th Avenue South,tertiary,False,False,61.134,553,510,50.0,0.001,2.0,None,None,None,None,0.25999999046325684,0.6000000238418579,0.39777776930067277,1.0,tertiary,2.0,2127.8
83591065,16th Avenue South,tertiary,False,True,106.532,554,508,50.0,0.002,2.0,None,None,None,None,0.27000001072883606,0.8500000238418579,0.5493333180745442,1.0,tertiary,2.0,4973.48
85691270,South 8th Street,residential,False,True,104.843,555,509,44.0,0.002,2.0,None,None,None,None,0.07000000029802322,0.46000000834465027,0.24499998092651368,0.7908985146301487,other,2.0,1523.66
10884136,South 9th Street,tertiary,False,True,104.513,556,511,50.0,0.002,2.0,None,None,None,None,0.17000000178813934,0.6800000071525574,0.3446153494027945,1.0,tertiary,2.0,3151.47
83591040,16th Avenue South,residential,False,False,76.116,557,512,44.0,0.002,2.0,None,None,None,None,0.11999999731779099,0.6800000071525574,0.4190909212285822,1.0,other,2.0,2392.46
83591065,16th Avenue South,tertiary,False,True,46.243,558,513,50.0,0.001,2.0,None,None,None,None,0.30000001192092896,0.7099999785423279,0.5899999539057413,1.0,tertiary,2.0,2270.76
83591040,16th Avenue South,residential,False,False,77.708,559,1081,44.0,0.002,2.0,None,None,None,None,,,,0.0,other,2.0,
83591040,16th Avenue South,residential,False,True,13.004,560,101,44.0,0.0,2.0,None,None,None,None,,,,0.0,other,2.0,
10875608,Palm Tree Road,residential,False,False,87.554,561,514,44.0,0.002,2.0,None,None,None,None,0.05999999865889549,0.4099999964237213,0.23333334922790527,0.88830877662739,other,2.0,1361.06
10875608,Palm Tree Road,residential,False,True,70.434,562,515,44.0,0.002,2.0,None,None,None,None,0.4099999964237213,1.1799999475479126,0.8022221989101834,1.0,other,2.0,3726.9
10889303,3rd Avenue North,residential,False,True,56.719,563,516,44.0,0.001,2.0,None,None,None,None,0.4099999964237213,0.5600000023841858,0.4987499713897705,1.0,other,2.0,2121.64
10875608,Palm Tree Road,residential,False,False,88.459,564,517,44.0,0.002,2.0,None,None,None,None,0.47999998927116394,0.6800000071525574,0.5979999542236328,1.0,other,2.0,3759.33
10875608,Palm Tree Road,residential,False,True,90.73,565,518,44.0,0.002,2.0,None,None,None,None,0.5099999904632568,0.7099999785423279,0.6100000381469727,1.0,other,2.0,3911.37
10888757,5th Avenue North,residential,False,True,214.829,566,519,44.0,0.005,2.0,None,None,None,None,0.05999999865889549,0.8100000023841858,0.4738888740539551,0.7062092494563142,other,2.0,5392.18
10875608,Palm Tree Road,residential,False,False,89.256,567,520,44.0,0.002,2.0,None,None,None,None,0.20999999344348907,0.47999998927116394,0.3799999952316284,0.555733179737076,other,2.0,1413.67
10875608,Palm Tree Road,residential,False,True,88.459,568,521,44.0,0.002,2.0,None,None,None,None,0.47999998927116394,0.6800000071525574,0.5979999542236328,1.0,other,2.0,3759.33
10876164,6th Avenue North,residential,False,True,102.224,569,522,44.0,0.002,2.0,None,None,None,None,0.4000000059604645,0.5099999904632568,0.47153847034160906,1.0,other,2.0,3615.19
10875608,Palm Tree Road,residential,False,False,87.886,570,525,44.0,0.002,2.0,None,None,None,None,,,,0.0,other,2.0,
10875608,Palm Tree Road,residential,False,True,89.256,571,523,44.0,0.002,2.0,None,None,None,None,0.20999999344348907,0.47999998927116394,0.3799999952316284,0.555733179737076,other,2.0,1413.67
10878702,7th Avenue North,residential,False,True,188.979,572,524,44.0,0.004,2.0,None,None,None,None,0.05000000074505806,0.3100000023841858,0.21181817488236862,0.4638517420505222,other,2.0,1392.57
10875608,Palm Tree Road,residential,False,True,87.886,573,915,44.0,0.002,2.0,None,None,None,None,,,,0.0,other,2.0,
10887229,Palm Circle,residential,False,True,182.07,574,525,44.0,0.004,2.0,None,None,None,None,,,,0.0,other,2.0,
10876112,South 5th Avenue,residential,False,False,35.205,575,526,44.0,0.001,2.0,None,None,None,None,0.05999999865889549,0.6499999761581421,0.32599995136260984,1.0,other,2.0,860.76
10886158,11th Street South,residential,False,True,105.843,576,527,44.0,0.002,2.0,None,None,None,None,0.05000000074505806,0.12999999523162842,0.07555555635028416,0.7077451882792223,other,2.0,424.49
83591018,5th Avenue South,residential,False,True,78.003,577,528,44.0,0.002,2.0,None,None,None,None,0.05999999865889549,0.27000001072883606,0.17249999940395355,0.31914982209232545,other,2.0,322.07
10876112,South 5th Avenue,residential,False,True,35.205,578,529,44.0,0.001,2.0,None,None,None,None,0.05999999865889549,0.6499999761581421,0.32599995136260984,1.0,other,2.0,860.76
10876164,6th Avenue North,residential,False,False,63.088,579,530,44.0,0.001,2.0,None,None,None,None,1.0800000429153442,1.2000000476837158,1.1288888719346788,1.0,other,2.0,4291.67
10876164,6th Avenue North,residential,False,False,7.493,580,531,44.0,0.0,2.0,None,None,None,None,1.2400000095367432,1.2400000095367432,1.2400000095367432,1.0,other,2.0,542.19
10876164,6th Avenue North,residential,False,True,7.78,581,532,44.0,0.0,2.0,None,None,None,None,1.159999966621399,1.2400000095367432,1.1899999777475994,1.0,other,2.0,547.79
687641943,1st Street North,tertiary,False,False,12.748,582,533,50.0,0.0,2.0,None,None,None,None,1.1399999856948853,1.2400000095367432,1.1833333174387615,1.0,tertiary,2.0,1043.32
687641943,1st Street North,tertiary,False,True,12.198,583,534,50.0,0.0,2.0,None,None,None,None,1.2400000095367432,1.2599999904632568,1.25,1.0,tertiary,2.0,1035.31
10876164,6th Avenue North,residential,False,False,8.309,584,535,44.0,0.0,2.0,None,None,None,None,2.0199999809265137,2.059999942779541,2.0399999618530273,1.0,other,2.0,817.61
10876164,6th Avenue North,residential,False,True,7.383,585,536,44.0,0.0,2.0,None,None,None,None,1.9600000381469727,2.0199999809265137,1.9900000095367432,1.0,other,2.0,717.63
351669850,North 2nd Street,residential,False,False,9.121,586,537,40.0,0.0,2.0,None,25 mph,None,None,1.8799999952316284,2.0199999809265137,1.9500000476837158,1.0,other,2.0,875.62
351669850,North 2nd Street,residential,False,True,9.619,587,538,40.0,0.0,2.0,None,25 mph,None,None,1.940000057220459,2.0199999809265137,1.9800000190734863,1.0,other,2.0,932.08
10876164,6th Avenue North,residential,False,False,106.11,588,539,44.0,0.002,2.0,None,None,None,None,0.9900000095367432,1.5299999713897705,1.3193333943684895,1.0,other,2.0,8006.42
10876164,6th Avenue North,residential,False,True,106.638,589,540,44.0,0.002,2.0,None,None,None,None,1.4500000476837158,1.6799999475479126,1.5720001220703126,1.0,other,2.0,9027.97
351669862,North 5th Street,residential,False,False,52.814,590,542,44.0,0.001,2.0,None,None,None,None,1.309999942779541,1.5299999713897705,1.4042857033865792,1.0,other,2.0,4160.01
351669862,North 5th Street,residential,False,True,104.348,591,541,44.0,0.002,2.0,None,None,None,None,1.4299999475479126,1.659999966621399,1.5361539400540865,1.0,other,2.0,8721.89
10876164,6th Avenue North,residential,False,False,106.693,592,543,44.0,0.002,2.0,None,None,None,None,0.9700000286102295,1.2000000476837158,1.1046666463216146,1.0,other,2.0,7157.18
10876164,6th Avenue North,residential,False,True,106.11,593,544,44.0,0.002,2.0,None,None,None,None,0.9900000095367432,1.5299999713897705,1.3193333943684895,1.0,other,2.0,8006.42
10883745,North 6th Street,residential,False,False,104.521,594,545,44.0,0.002,2.0,None,None,None,None,0.9399999976158142,1.1299999952316284,1.0469230505136342,1.0,other,2.0,6776.1
10883745,North 6th Street,residential,False,True,104.594,595,546,44.0,0.002,2.0,None,None,None,None,0.6499999761581421,1.0399999618530273,0.805384635925293,1.0,other,2.0,5551.29
10876164,6th Avenue North,residential,False,False,104.902,596,549,44.0,0.002,2.0,None,None,None,None,1.0,1.3700000047683716,1.2271428789411272,1.0,other,2.0,7538.11
10876164,6th Avenue North,residential,False,True,106.693,597,547,44.0,0.002,2.0,None,None,None,None,0.9700000286102295,1.2000000476837158,1.1046666463216146,1.0,other,2.0,7157.18
10884265,7th Street North,residential,False,False,23.256,598,550,44.0,0.001,2.0,None,None,None,None,0.8199999928474426,1.2000000476837158,1.0579999923706054,1.0,other,2.0,1517.73
10884265,7th Street North,residential,False,True,104.361,599,548,44.0,0.002,2.0,None,None,None,None,0.9300000071525574,1.2300000190734863,1.0376922900860126,1.0,other,2.0,6728.15
10876164,6th Avenue North,residential,False,False,10.75,600,553,44.0,0.0,2.0,None,None,None,None,0.07999999821186066,0.12999999523162842,0.10499999672174454,0.28353802881693546,other,2.0,24.0
10876164,6th Avenue North,residential,False,True,7.652,601,554,44.0,0.0,2.0,None,None,None,None,0.12999999523162842,0.12999999523162842,0.12999999523162842,1.0,other,2.0,74.61
10886114,North 10th Street,residential,False,False,99.317,602,551,56.0,0.002,2.0,None,35 mph,None,None,0.07999999821186066,0.12999999523162842,0.10499999672174454,0.08935197412872523,other,2.0,69.88
10886114,North 10th Street,residential,False,True,95.559,603,552,56.0,0.002,2.0,None,35 mph,None,None,0.07000000029802322,0.12999999523162842,0.0925000011920929,0.24570983299673563,other,2.0,162.89
10876164,6th Avenue North,residential,False,False,33.193,604,553,44.0,0.001,2.0,None,None,None,None,,,,0.0,other,2.0,
10876164,6th Avenue North,residential,False,True,10.75,605,557,44.0,0.0,2.0,None,None,None,None,0.07999999821186066,0.12999999523162842,0.10499999672174454,0.28353802881693546,other,2.0,24.0
10876164,6th Avenue North,residential,False,False,18.949,606,553,44.0,0.0,2.0,None,None,None,None,,,,0.0,other,2.0,
10876164,6th Avenue North,residential,False,True,33.193,607,557,44.0,0.001,2.0,None,None,None,None,,,,0.0,other,2.0,
10876164,6th Avenue North,residential,False,False,11.266,608,553,44.0,0.0,2.0,None,None,None,None,,,,0.0,other,2.0,
10876164,6th Avenue North,residential,False,True,18.949,609,557,44.0,0.0,2.0,None,None,None,None,,,,0.0,other,2.0,
10876164,6th Avenue North,residential,False,False,27.39,610,553,44.0,0.001,2.0,None,None,None,None,,,,0.0,other,2.0,
10876164,6th Avenue North,residential,False,True,11.755,611,557,44.0,0.0,2.0,None,None,None,None,,,,0.0,other,2.0,
10876164,6th Avenue North,residential,False,False,18.603,612,553,44.0,0.0,2.0,None,None,None,None,,,,0.0,other,2.0,
10876164,6th Avenue North,residential,False,True,27.39,613,557,44.0,0.001,2.0,None,None,None,None,,,,0.0,other,2.0,
10876164,6th Avenue North,residential,False,False,101.989,614,556,44.0,0.002,2.0,None,None,None,None,0.11999999731779099,0.4000000059604645,0.27799999713897705,0.40729993814523796,other,2.0,866.11
10876164,6th Avenue North,residential,False,True,18.603,615,557,44.0,0.0,2.0,None,None,None,None,,,,0.0,other,2.0,
10886116,11th Street North,residential,False,False,90.647,616,555,44.0,0.002,2.0,None,None,None,None,,,,0.0,other,2.0,
10886116,11th Street North,residential,False,True,80.944,617,558,44.0,0.002,2.0,None,None,None,None,,,,0.0,other,2.0,
122483553,6th Avenue South,residential,False,False,6.876,618,559,44.0,0.0,2.0,None,None,None,None,1.9800000190734863,2.0199999809265137,2.0,1.0,other,2.0,670.41
444454367,1st Street South,tertiary,False,False,4.697,619,560,50.0,0.0,2.0,None,None,None,None,2.0199999809265137,2.0199999809265137,2.0199999809265137,1.0,tertiary,2.0,536.75
444454367,1st Street South,tertiary,False,True,51.286,620,561,50.0,0.001,2.0,None,None,None,None,1.840000033378601,2.049999952316284,1.9700001307896204,1.0,tertiary,2.0,5779.93
10882817,South 4th Street,residential,False,False,22.55,621,562,44.0,0.001,2.0,None,None,None,None,1.9500000476837158,2.109999895095825,2.0233332316080728,1.0,other,2.0,2210.46
10882817,South 4th Street,residential,False,True,103.726,622,563,44.0,0.002,2.0,None,None,None,None,1.9800000190734863,2.140000104904175,2.052142824445452,1.0,other,2.0,10234.98
122483553,6th Avenue South,residential,False,False,27.74,623,564,44.0,0.001,2.0,None,None,None,None,2.109999895095825,2.1700000762939453,2.1259998321533202,1.0,other,2.0,2783.29
122483553,6th Avenue South,residential,False,True,24.448,624,565,44.0,0.001,2.0,None,None,None,None,2.109999895095825,2.140000104904175,2.122499942779541,1.0,other,2.0,2451.06
10876469,South 5th Street,residential,False,True,103.5,625,566,44.0,0.002,2.0,None,None,None,None,1.4700000286102295,2.0799999237060547,1.7792858396257674,1.0,other,2.0,9405.93
122483553,6th Avenue South,residential,False,False,17.182,626,568,44.0,0.0,2.0,None,None,None,None,2.0799999237060547,2.2899999618530273,2.169999837875366,1.0,other,2.0,1740.97
122483553,6th Avenue South,residential,False,True,77.69,627,567,44.0,0.002,2.0,None,None,None,None,2.049999952316284,2.1600000858306885,2.1150001525878905,1.0,other,2.0,7775.8
122483553,6th Avenue South,residential,False,False,199.529,628,568,44.0,0.005,2.0,None,None,None,None,1.090000033378601,2.109999895095825,1.4620834986368816,1.0,other,2.0,16166.09
122483553,6th Avenue South,residential,False,True,17.182,629,105,44.0,0.0,2.0,None,None,None,None,2.0799999237060547,2.2899999618530273,2.169999837875366,1.0,other,2.0,1740.97
10876202,6th Avenue South,residential,False,False,108.908,630,569,44.0,0.002,2.0,None,None,None,None,0.5099999904632568,1.0399999618530273,0.8466666539510092,1.0,other,2.0,6009.54
10876202,6th Avenue South,residential,False,True,99.942,631,570,44.0,0.002,2.0,None,None,None,None,0.8999999761581421,1.0399999618530273,0.9784614856426532,1.0,other,2.0,6186.56
10894908,South 8th Street,residential,False,False,101.732,632,571,44.0,0.002,2.0,None,None,None,None,0.5899999737739563,1.2799999713897705,0.868461535527156,1.0,other,2.0,5726.65
10894908,South 8th Street,residential,False,True,107.218,633,572,44.0,0.002,2.0,None,None,None,None,0.7699999809265137,1.100000023841858,0.9138461626493014,1.0,other,2.0,6283.63
10876202,6th Avenue South,residential,False,False,32.489,634,574,44.0,0.001,2.0,None,None,None,None,0.3499999940395355,0.5099999904632568,0.4059999942779541,1.0,other,2.0,989.29
10876202,6th Avenue South,residential,False,True,108.908,635,573,44.0,0.002,2.0,None,None,None,None,0.5099999904632568,1.0399999618530273,0.8466666539510092,1.0,other,2.0,6009.54
10884136,South 9th Street,tertiary,False,False,19.718,636,575,50.0,0.0,2.0,None,None,None,None,0.5,0.5199999809265137,0.5099999904632568,1.0,tertiary,2.0,874.39
10884136,South 9th Street,tertiary,False,True,56.642,637,576,50.0,0.001,2.0,None,None,None,None,0.41999998688697815,0.5099999904632568,0.45875000953674316,1.0,tertiary,2.0,2273.65
10876202,6th Avenue South,residential,False,True,73.924,638,577,44.0,0.002,2.0,None,None,None,None,0.27000001072883606,0.4099999964237213,0.3259999990463257,1.0,other,2.0,1807.44
10878786,10th Street South,residential,False,False,96.649,639,578,44.0,0.002,2.0,None,None,None,None,0.25999999046325684,0.44999998807907104,0.35692306665273815,1.0,other,2.0,2587.22
10878786,10th Street South,residential,False,True,5.522,640,579,44.0,0.0,2.0,None,None,None,None,0.27000001072883606,0.27000001072883606,0.27000001072883606,1.0,other,2.0,111.82
10876203,6th Avenue South,residential,False,False,19.81,641,581,44.0,0.0,2.0,None,None,None,None,1.9500000476837158,2.109999895095825,2.0399999618530273,1.0,other,2.0,1949.3
10876203,6th Avenue South,residential,False,True,21.772,642,582,44.0,0.0,2.0,None,None,None,None,1.8899999856948853,1.9500000476837158,1.9075000286102295,1.0,other,2.0,2062.35
10882817,South 4th Street,residential,False,True,22.55,643,580,44.0,0.001,2.0,None,None,None,None,1.9500000476837158,2.109999895095825,2.0233332316080728,1.0,other,2.0,2210.46
10876467,South 5th Street,residential,False,False,27.52,644,583,44.0,0.001,2.0,None,None,None,None,1.7699999809265137,1.9500000476837158,1.8899998664855957,1.0,other,2.0,2592.38
10889535,10th Place South,residential,False,False,79.856,645,584,44.0,0.002,2.0,None,None,None,None,1.659999966621399,1.8600000143051147,1.7610000610351562,1.0,other,2.0,7213.39
10889535,10th Place South,residential,False,True,31.506,646,585,44.0,0.001,2.0,None,None,None,None,1.7699999809265137,1.8899999856948853,1.8440000534057617,1.0,other,2.0,2924.39
10876467,South 5th Street,residential,False,False,104.235,647,586,44.0,0.002,2.0,None,None,None,None,1.5199999809265137,1.9500000476837158,1.7523077451265776,1.0,other,2.0,9388.37
10876467,South 5th Street,residential,False,True,27.52,648,587,44.0,0.001,2.0,None,None,None,None,1.7699999809265137,1.9500000476837158,1.8899998664855957,1.0,other,2.0,2592.38
122483547,10th Avenue South,residential,False,False,105.947,649,588,44.0,0.002,2.0,None,None,None,None,1.7599999904632568,2.009999990463257,1.897333272298177,1.0,other,2.0,10003.52
122483547,10th Avenue South,residential,False,True,47.1,650,589,44.0,0.001,2.0,None,None,None,None,1.840000033378601,2.0399999618530273,1.9042857033865792,1.0,other,2.0,4457.01
10876467,South 5th Street,residential,False,True,104.235,651,590,44.0,0.002,2.0,None,None,None,None,1.5199999809265137,1.9500000476837158,1.7523077451265776,1.0,other,2.0,9388.37
10880199,11th Avenue South,residential,False,False,105.795,652,591,44.0,0.002,2.0,None,None,None,None,1.5,1.840000033378601,1.6519999186197916,1.0,other,2.0,9210.51
10880199,11th Avenue South,residential,False,True,105.688,653,592,44.0,0.002,2.0,None,None,None,None,1.8300000429153442,2.2100000381469727,1.9592857360839844,1.0,other,2.0,10175.49
10887552,15th Avenue South,residential,False,False,105.311,654,593,44.0,0.002,2.0,None,None,None,None,1.8200000524520874,2.640000104904175,2.214666748046875,1.0,other,2.0,10776.47
10887552,15th Avenue South,residential,False,True,106.586,655,594,44.0,0.002,2.0,None,None,None,None,2.440000057220459,2.700000047683716,2.5966669718424478,1.0,other,2.0,11823.05
91487795,South 5th Street,residential,False,False,103.802,656,595,44.0,0.002,2.0,None,None,None,None,2.0399999618530273,2.640000104904175,2.3307691720815806,1.0,other,2.0,10893.22
10876468,South 5th Street,residential,False,False,77.36,657,596,44.0,0.002,2.0,None,None,None,None,1.7899999618530273,2.1600000858306885,2.0266668531629772,1.0,other,2.0,7589.02
10889535,10th Place South,residential,False,False,134.441,658,597,44.0,0.003,2.0,None,None,None,None,1.2000000476837158,1.809999942779541,1.4868749380111694,1.0,other,2.0,11022.57
10889535,10th Place South,residential,False,True,79.856,659,598,44.0,0.002,2.0,None,None,None,None,1.659999966621399,1.8600000143051147,1.7610000610351562,1.0,other,2.0,7213.39
10876468,South 5th Street,residential,False,False,74.649,660,599,44.0,0.002,2.0,None,None,None,None,2.0999999046325684,2.200000047683716,2.1600000858306885,1.0,other,2.0,7547.01
10876468,South 5th Street,residential,False,True,77.36,661,600,44.0,0.002,2.0,None,None,None,None,1.7899999618530273,2.1600000858306885,2.0266668531629772,1.0,other,2.0,7589.02
122483555,9th Avenue South,residential,False,False,196.301,662,601,44.0,0.004,2.0,None,None,None,None,0.9700000286102295,2.1600000858306885,1.723478068476138,1.0,other,2.0,17510.9
122483555,9th Avenue South,residential,False,True,182.936,663,602,44.0,0.004,2.0,None,None,None,None,1.8600000143051147,2.2300000190734863,1.9663635600696912,1.0,other,2.0,17651.66
10876468,South 5th Street,residential,False,False,77.86,664,603,44.0,0.002,2.0,None,None,None,None,2.0399999618530273,2.200000047683716,2.1277779473198786,1.0,other,2.0,7815.2
10876468,South 5th Street,residential,False,True,74.649,665,604,44.0,0.002,2.0,None,None,None,None,2.0999999046325684,2.200000047683716,2.1600000858306885,1.0,other,2.0,7547.01
10886049,Lower 8th Avenue South,residential,False,False,184.23,666,605,44.0,0.004,2.0,None,None,None,None,0.8600000143051147,2.1600000858306885,1.5681818181818181,1.0,other,2.0,15575.81
10886049,Lower 8th Avenue South,residential,False,True,150.526,667,606,44.0,0.003,2.0,None,None,None,None,2.059999942779541,2.309999942779541,2.21105274401213,1.0,other,2.0,15391.09
10876468,South 5th Street,residential,False,True,76.552,668,607,44.0,0.002,2.0,None,None,None,None,1.9299999475479126,2.1500000953674316,2.077777862548828,1.0,other,2.0,7597.79
10878731,7th Avenue South,residential,False,False,196.668,669,608,44.0,0.004,2.0,None,None,None,None,0.9100000262260437,2.119999885559082,1.50041659673055,1.0,other,2.0,16227.57
10878731,7th Avenue South,residential,False,True,198.018,670,609,44.0,0.005,2.0,None,None,None,None,1.840000033378601,2.140000104904175,2.0078259343686313,1.0,other,2.0,19341.62
10876469,South 5th Street,residential,False,False,20.061,671,610,44.0,0.0,2.0,None,None,None,None,1.4299999475479126,1.5499999523162842,1.497499942779541,1.0,other,2.0,1653.08
10876469,South 5th Street,residential,False,True,5.144,672,611,44.0,0.0,2.0,None,None,None,None,1.5499999523162842,1.6100000143051147,1.5799999237060547,1.0,other,2.0,436.73
10897442,Shetter Avenue,residential,False,False,33.865,673,612,44.0,0.001,2.0,None,None,None,None,1.340000033378601,1.5499999523162842,1.440000057220459,1.0,other,2.0,2714.62
10876469,South 5th Street,residential,False,False,105.6,674,613,44.0,0.002,2.0,None,None,None,None,1.2999999523162842,1.809999942779541,1.4435714994158064,1.0,other,2.0,8479.6
10876469,South 5th Street,residential,False,True,61.955,675,616,44.0,0.001,2.0,None,None,None,None,1.0,1.4199999570846558,1.1649999618530273,1.0,other,2.0,4301.85
122483551,3rd Avenue South,residential,False,False,107.049,676,614,44.0,0.002,2.0,None,None,None,None,1.2400000095367432,1.4199999570846558,1.3166666666666667,1.0,other,2.0,8066.14
122483551,3rd Avenue South,residential,False,True,107.071,677,615,44.0,0.002,2.0,None,None,None,None,1.4199999570846558,2.309999942779541,1.7986666361490886,1.0,other,2.0,9792.71
10876469,South 5th Street,residential,False,False,103.5,678,617,44.0,0.002,2.0,None,None,None,None,1.4700000286102295,2.0799999237060547,1.7792858396257674,1.0,other,2.0,9405.93
10876469,South 5th Street,residential,False,True,52.104,679,620,44.0,0.001,2.0,None,None,None,None,1.7100000381469727,1.7899999618530273,1.7516667048136394,1.0,other,2.0,4691.97
83591037,5th Avenue South,residential,False,False,105.675,680,618,44.0,0.002,2.0,None,None,None,None,1.3200000524520874,1.7200000286102295,1.4671427862984794,1.0,other,2.0,8582.77
83591037,5th Avenue South,residential,False,True,106.612,681,619,44.0,0.002,2.0,None,None,None,None,1.6100000143051147,2.140000104904175,1.8499999727521623,1.0,other,2.0,9914.92
10876762,Pablo Avenue,residential,False,True,106.425,682,621,44.0,0.002,2.0,None,None,None,None,1.75,1.899999976158142,1.8539999643961589,1.0,other,2.0,9910.3
351669862,North 5th Street,residential,False,False,57.82,683,623,44.0,0.001,2.0,None,None,None,None,1.5399999618530273,1.7799999713897705,1.6637500524520874,1.0,other,2.0,5054.19
351669863,Pablo Avenue,residential,False,False,105.955,684,622,44.0,0.002,2.0,None,None,None,None,1.440000057220459,1.7799999713897705,1.6286666870117188,1.0,other,2.0,9150.27
10883745,North 6th Street,residential,False,False,105.254,685,624,44.0,0.002,2.0,None,None,None,None,1.2300000190734863,1.4900000095367432,1.383076887864333,1.0,other,2.0,8203.5
10883745,North 6th Street,residential,False,True,20.949,686,626,44.0,0.0,2.0,None,None,None,None,1.440000057220459,1.4900000095367432,1.4600000381469727,1.0,other,2.0,1695.61
351669863,Pablo Avenue,residential,False,True,105.955,687,625,44.0,0.002,2.0,None,None,None,None,1.440000057220459,1.7799999713897705,1.6286666870117188,1.0,other,2.0,9150.27
122483547,10th Avenue South,residential,False,False,8.355,688,627,44.0,0.0,2.0,None,None,None,None,1.8700000047683716,1.940000057220459,1.9049999713897705,1.0,other,2.0,790.8
444454367,1st Street South,tertiary,False,False,7.143,689,628,50.0,0.0,2.0,None,None,None,None,1.940000057220459,1.9900000095367432,1.965000033378601,1.0,tertiary,2.0,803.77
444454367,1st Street South,tertiary,False,True,7.159,690,629,50.0,0.0,2.0,None,None,None,None,1.940000057220459,1.9800000190734863,1.9600000381469727,1.0,tertiary,2.0,804.31
10882814,South 4th Street,residential,False,False,9.276,691,631,44.0,0.0,2.0,None,None,None,None,2.2899999618530273,2.2899999618530273,2.2899999618530273,1.0,other,2.0,964.94
10882814,South 4th Street,residential,False,True,12.409,692,632,44.0,0.0,2.0,None,None,None,None,2.25,2.2899999618530273,2.2766666412353516,1.0,other,2.0,1287.12
122483547,10th Avenue South,residential,False,False,64.567,693,630,44.0,0.001,2.0,None,None,None,None,2.0399999618530273,2.2899999618530273,2.134444342719184,1.0,other,2.0,6490.6
122483547,10th Avenue South,residential,False,True,37.589,694,633,44.0,0.001,2.0,None,None,None,None,2.2899999618530273,2.4100000858306885,2.323333263397217,1.0,other,2.0,3938.39
10889535,10th Place South,residential,False,False,9.298,695,636,44.0,0.0,2.0,None,None,None,None,2.0399999618530273,2.0399999618530273,2.0399999618530273,1.0,other,2.0,914.92
122483547,10th Avenue South,residential,False,False,47.1,696,634,44.0,0.001,2.0,None,None,None,None,1.840000033378601,2.0399999618530273,1.9042857033865792,1.0,other,2.0,4457.01
122483547,10th Avenue South,residential,False,True,64.567,697,635,44.0,0.001,2.0,None,None,None,None,2.0399999618530273,2.2899999618530273,2.134444342719184,1.0,other,2.0,6490.6
10879842,South 6th Street,residential,False,False,102.669,698,637,44.0,0.002,2.0,None,None,None,None,1.5,1.7699999809265137,1.637692378117488,1.0,other,2.0,8894.29
122483547,10th Avenue South,residential,False,False,107.257,699,638,44.0,0.002,2.0,None,None,None,None,1.090000033378601,1.7599999904632568,1.406000010172526,1.0,other,2.0,8455.5
122483547,10th Avenue South,residential,False,True,105.947,700,639,44.0,0.002,2.0,None,None,None,None,1.7599999904632568,2.009999990463257,1.897333272298177,1.0,other,2.0,10003.52
10884323,7th Street South,residential,False,False,103.999,701,640,44.0,0.002,2.0,None,None,None,None,0.6800000071525574,1.090000033378601,0.8915384732759916,1.0,other,2.0,5976.66
10884323,7th Street South,residential,False,True,61.758,702,641,44.0,0.001,2.0,None,None,None,None,0.9900000095367432,1.2999999523162842,1.1049998998641968,1.0,other,2.0,4143.65
122483547,10th Avenue South,residential,False,False,106.603,703,642,44.0,0.002,2.0,None,None,None,None,0.4300000071525574,1.090000033378601,0.8259999593098958,1.0,other,2.0,5769.99
122483547,10th Avenue South,residential,False,True,107.257,704,643,44.0,0.002,2.0,None,None,None,None,1.090000033378601,1.7599999904632568,1.406000010172526,1.0,other,2.0,8455.5
91487775,South 8th Street,residential,False,False,104.913,705,644,44.0,0.002,2.0,None,None,None,None,0.17000000178813934,0.5600000023841858,0.3569230299729567,1.0,other,2.0,2808.44
122483547,10th Avenue South,residential,False,False,105.666,706,645,44.0,0.002,2.0,None,None,None,None,0.4399999976158142,1.0099999904632568,0.6460000356038411,1.0,other,2.0,4749.26
122483547,10th Avenue South,residential,False,True,106.603,707,646,44.0,0.002,2.0,None,None,None,None,0.4300000071525574,1.090000033378601,0.8259999593098958,1.0,other,2.0,5769.99
10884136,South 9th Street,tertiary,False,False,105.204,708,647,50.0,0.002,2.0,None,None,None,None,0.8999999761581421,1.1100000143051147,1.00769226367657,1.0,tertiary,2.0,7769.32
10884136,South 9th Street,tertiary,False,True,105.252,709,648,50.0,0.002,2.0,None,None,None,None,0.800000011920929,1.0099999904632568,0.8921429089137486,1.0,tertiary,2.0,7060.57
122483547,10th Avenue South,residential,False,False,106.359,710,649,44.0,0.002,2.0,None,None,None,None,0.30000001192092896,1.0099999904632568,0.6146666208902994,1.0,other,2.0,4610.45
122483547,10th Avenue South,residential,False,True,105.666,711,650,44.0,0.002,2.0,None,None,None,None,0.4399999976158142,1.0099999904632568,0.6460000356038411,1.0,other,2.0,4749.26
10878786,10th Street South,residential,False,False,19.283,712,653,44.0,0.0,2.0,None,None,None,None,0.9599999785423279,1.1200000047683716,1.0399999618530273,1.0,other,2.0,1244.91
10878786,10th Street South,residential,False,True,103.898,713,651,44.0,0.002,2.0,None,None,None,None,0.5,1.0399999618530273,0.8078571728297642,1.0,other,2.0,5527.45
122483547,10th Avenue South,residential,False,True,106.359,714,652,44.0,0.002,2.0,None,None,None,None,0.30000001192092896,1.0099999904632568,0.6146666208902994,1.0,other,2.0,4610.45
10878701,7th Avenue North,residential,False,False,43.336,715,654,44.0,0.001,2.0,None,None,None,None,1.100000023841858,1.4500000476837158,1.294285774230957,1.0,other,2.0,3227.54
10878701,7th Avenue North,residential,False,False,6.997,716,655,44.0,0.0,2.0,None,None,None,None,1.190000057220459,1.25,1.2200000286102295,1.0,other,2.0,500.85
10878701,7th Avenue North,residential,False,True,6.213,717,656,44.0,0.0,2.0,None,None,None,None,1.190000057220459,1.2100000381469727,1.2000000476837158,1.0,other,2.0,439.88
687641943,1st Street North,tertiary,False,False,59.625,718,657,50.0,0.001,2.0,None,None,None,None,1.0199999809265137,1.2599999904632568,1.1685714721679688,1.0,tertiary,2.0,4839.76
687641943,1st Street North,tertiary,False,True,91.848,719,658,50.0,0.002,2.0,None,None,None,None,0.8899999856948853,1.190000057220459,1.0466667811075847,1.0,tertiary,2.0,6945.85
10878701,7th Avenue North,residential,False,False,4.984,720,659,44.0,0.0,2.0,None,None,None,None,1.9800000190734863,2.0,1.9900000095367432,1.0,other,2.0,484.44
10878701,7th Avenue North,residential,False,True,7.894,721,660,44.0,0.0,2.0,None,None,None,None,1.8700000047683716,2.0,1.934999942779541,1.0,other,2.0,754.27
351669850,North 2nd Street,residential,False,False,52.516,722,661,40.0,0.001,2.0,None,25 mph,None,None,1.9600000381469727,2.0,1.9914285114833288,1.0,other,2.0,5106.81
351669850,North 2nd Street,residential,False,True,51.873,723,662,40.0,0.001,2.0,None,25 mph,None,None,1.8600000143051147,2.059999942779541,1.9785714830671037,1.0,other,2.0,5024.27
10878701,7th Avenue North,residential,False,False,106.171,724,663,44.0,0.002,2.0,None,None,None,None,1.1299999952316284,1.2699999809265137,1.1980000813802083,1.0,other,2.0,7508.63
10878701,7th Avenue North,residential,False,True,106.529,725,664,44.0,0.002,2.0,None,None,None,None,1.0800000429153442,1.25,1.1842857088361467,1.0,other,2.0,7476.97
351669862,North 5th Street,residential,False,False,52.163,726,665,44.0,0.001,2.0,None,None,None,None,1.0700000524520874,1.2200000286102295,1.1528572354997908,1.0,other,2.0,3597.24
351669862,North 5th Street,residential,False,True,51.504,727,666,44.0,0.001,2.0,None,None,None,None,1.2000000476837158,1.3300000429153442,1.244285719735282,1.0,other,2.0,3735.44
10878701,7th Avenue North,residential,False,False,106.449,728,667,44.0,0.002,2.0,None,None,None,None,0.9900000095367432,1.3700000047683716,1.1953333536783854,1.0,other,2.0,7517.22
10878701,7th Avenue North,residential,False,True,106.171,729,668,44.0,0.002,2.0,None,None,None,None,1.1299999952316284,1.2699999809265137,1.1980000813802083,1.0,other,2.0,7508.63
10883745,North 6th Street,residential,False,False,104.472,730,669,44.0,0.002,2.0,None,None,None,None,0.9100000262260437,1.2100000381469727,1.0584614827082708,1.0,other,2.0,6819.93
10883745,North 6th Street,residential,False,True,104.521,731,670,44.0,0.002,2.0,None,None,None,None,0.9399999976158142,1.1299999952316284,1.0469230505136342,1.0,other,2.0,6776.1
10878701,7th Avenue North,residential,False,False,115.972,732,673,44.0,0.003,2.0,None,None,None,None,0.8999999761581421,1.4600000381469727,1.2246665954589844,1.0,other,2.0,8322.38
10878701,7th Avenue North,residential,False,True,106.449,733,671,44.0,0.002,2.0,None,None,None,None,0.9900000095367432,1.3700000047683716,1.1953333536783854,1.0,other,2.0,7517.22
10884265,7th Street North,residential,False,False,105.486,734,672,44.0,0.002,2.0,None,None,None,None,0.6499999761581421,1.2400000095367432,0.932142802647182,1.0,other,2.0,6280.56
10884265,7th Street North,residential,False,True,79.919,735,674,44.0,0.002,2.0,None,None,None,None,0.5799999833106995,1.0299999713897705,0.7955555386013455,1.0,other,2.0,4201.61
10878701,7th Avenue North,residential,False,True,108.571,736,675,44.0,0.002,2.0,None,None,None,None,0.10999999940395355,0.8700000047683716,0.5146666844685872,1.0,other,2.0,4152.62
10886114,North 10th Street,residential,False,False,6.739,737,676,56.0,0.0,2.0,None,35 mph,None,None,0.2199999988079071,0.30000001192092896,0.24666666984558105,1.0,other,2.0,124.67
10886114,North 10th Street,residential,False,True,6.885,738,677,56.0,0.0,2.0,None,35 mph,None,None,0.2199999988079071,0.2199999988079071,0.2199999988079071,0.652820224652574,other,2.0,74.16
10878702,7th Avenue North,residential,False,False,188.979,739,678,44.0,0.004,2.0,None,None,None,None,0.05000000074505806,0.3100000023841858,0.21181817488236862,0.4638517420505222,other,2.0,1392.57
10886116,11th Street North,residential,False,False,88.819,740,679,44.0,0.002,2.0,None,None,None,None,,,,0.0,other,2.0,
10886116,11th Street North,residential,False,True,90.647,741,680,44.0,0.002,2.0,None,None,None,None,,,,0.0,other,2.0,
10878731,7th Avenue South,residential,False,False,6.97,742,681,44.0,0.0,2.0,None,None,None,None,2.0799999237060547,2.1600000858306885,2.119999885559082,1.0,other,2.0,698.39
444454367,1st Street South,tertiary,False,False,6.237,743,682,50.0,0.0,2.0,None,None,None,None,1.9900000095367432,2.0799999237060547,2.0349998474121094,1.0,tertiary,2.0,715.19
444454367,1st Street South,tertiary,False,True,7.034,744,683,50.0,0.0,2.0,None,None,None,None,2.0799999237060547,2.0799999237060547,2.0799999237060547,1.0,tertiary,2.0,814.89
10878731,7th Avenue South,residential,False,False,16.627,745,417,44.0,0.0,2.0,None,None,None,None,1.809999942779541,2.009999990463257,1.8966665267944336,1.0,other,2.0,1569.59
10878731,7th Avenue South,residential,False,True,9.275,746,686,44.0,0.0,2.0,None,None,None,None,2.009999990463257,2.0299999713897705,2.0166667302449546,1.0,other,2.0,907.79
10878731,7th Avenue South,residential,False,False,198.018,747,684,44.0,0.005,2.0,None,None,None,None,1.840000033378601,2.140000104904175,2.0078259343686313,1.0,other,2.0,19341.62
10878731,7th Avenue South,residential,False,True,12.731,748,686,44.0,0.0,2.0,None,None,None,None,1.8700000047683716,1.8799999952316284,1.8733332951863606,1.0,other,2.0,1192.89
10882814,South 4th Street,residential,False,False,78.34,749,685,44.0,0.002,2.0,None,None,None,None,1.7999999523162842,2.1600000858306885,1.9633333418104384,1.0,other,2.0,7551.98
10882814,South 4th Street,residential,False,True,42.185,750,687,44.0,0.001,2.0,None,None,None,None,1.7999999523162842,1.8799999952316284,1.8399999618530274,1.0,other,2.0,3910.55
10878732,7th Avenue South,residential,False,False,6.275,751,115,44.0,0.0,2.0,None,None,None,None,0.8799999952316284,1.0,0.9399999976158142,1.0,other,2.0,376.12
10878732,7th Avenue South,residential,False,True,6.509,752,691,44.0,0.0,2.0,None,None,None,None,0.8999999761581421,1.0,0.949999988079071,1.0,other,2.0,393.47
10878732,7th Avenue South,residential,False,False,73.996,753,115,44.0,0.002,2.0,None,None,None,None,0.47999998927116394,0.8799999952316284,0.6920000076293945,1.0,other,2.0,3499.42
10878732,7th Avenue South,residential,False,True,6.275,754,691,44.0,0.0,2.0,None,None,None,None,0.8799999952316284,1.0,0.9399999976158142,1.0,other,2.0,376.12
10878732,7th Avenue South,residential,False,False,107.802,755,688,44.0,0.002,2.0,None,None,None,None,0.4099999964237213,0.6700000166893005,0.5193333307902018,1.0,other,2.0,4148.87
10878732,7th Avenue South,residential,False,True,73.996,756,691,44.0,0.002,2.0,None,None,None,None,0.47999998927116394,0.8799999952316284,0.6920000076293945,1.0,other,2.0,3499.42
10894908,South 8th Street,residential,False,False,106.194,757,689,44.0,0.002,2.0,None,None,None,None,0.38999998569488525,0.6700000166893005,0.552142858505249,1.0,other,2.0,4264.68
10894908,South 8th Street,residential,False,True,101.732,758,690,44.0,0.002,2.0,None,None,None,None,0.5899999737739563,1.2799999713897705,0.868461535527156,1.0,other,2.0,5726.65
10878732,7th Avenue South,residential,False,False,26.01,759,694,44.0,0.001,2.0,None,None,None,None,0.5199999809265137,0.6700000166893005,0.5899999618530274,1.0,other,2.0,1094.76
10878732,7th Avenue South,residential,False,True,107.802,760,692,44.0,0.002,2.0,None,None,None,None,0.4099999964237213,0.6700000166893005,0.5193333307902018,1.0,other,2.0,4148.87
10884136,South 9th Street,tertiary,False,False,104.444,761,693,50.0,0.002,2.0,None,None,None,None,0.6700000166893005,0.7599999904632568,0.7061538696289062,1.0,tertiary,2.0,5850.55
10884136,South 9th Street,tertiary,False,True,65.717,762,695,50.0,0.001,2.0,None,None,None,None,0.49000000953674316,0.6800000071525574,0.5799999833106995,1.0,tertiary,2.0,3187.93
10878732,7th Avenue South,residential,False,True,28.454,763,696,44.0,0.001,2.0,None,None,None,None,0.3700000047683716,0.49000000953674316,0.4440000057220459,1.0,other,2.0,947.52
10878786,10th Street South,residential,False,False,35.852,764,697,44.0,0.001,2.0,None,None,None,None,0.3199999928474426,0.44999998807907104,0.3659999847412109,1.0,other,2.0,984.14
10878786,10th Street South,residential,False,True,11.54,765,698,44.0,0.0,2.0,None,None,None,None,0.3700000047683716,0.38999998569488525,0.3799999952316284,1.0,other,2.0,328.89
10878786,10th Street South,residential,False,False,23.336,766,699,44.0,0.001,2.0,None,None,None,None,,,,0.0,other,2.0,
10878786,10th Street South,residential,False,True,21.62,767,700,44.0,0.0,2.0,None,None,None,None,0.10999999940395355,0.18000000715255737,0.14500001072883606,0.8841740609009381,other,2.0,207.88
10897442,Shetter Avenue,residential,False,False,61.804,768,701,44.0,0.001,2.0,None,None,None,None,,,,0.0,other,2.0,
10897442,Shetter Avenue,residential,False,True,46.248,769,702,44.0,0.001,2.0,None,None,None,None,0.05999999865889549,0.10000000149011612,0.07999999821186066,0.28232102193286385,other,2.0,78.34
10878786,10th Street South,residential,False,False,11.911,770,705,44.0,0.0,2.0,None,None,None,None,,,,0.0,other,2.0,
10878786,10th Street South,residential,False,True,101.927,771,703,44.0,0.002,2.0,None,None,None,None,,,,0.0,other,2.0,
122483551,3rd Avenue South,residential,False,True,105.869,772,704,44.0,0.002,2.0,None,None,None,None,0.05999999865889549,0.2199999988079071,0.1537500023841858,0.6532805682246515,other,2.0,797.53
10878786,10th Street South,residential,False,False,45.09,773,708,44.0,0.001,2.0,None,None,None,None,0.14000000059604645,0.27000001072883606,0.18166667222976685,1.0,other,2.0,614.35
10878786,10th Street South,residential,False,True,58.151,774,709,44.0,0.001,2.0,None,None,None,None,0.17000000178813934,0.27000001072883606,0.2224999964237213,1.0,other,2.0,970.39
83591018,5th Avenue South,residential,False,False,78.003,775,706,44.0,0.002,2.0,None,None,None,None,0.05999999865889549,0.27000001072883606,0.17249999940395355,0.31914982209232545,other,2.0,322.07
83591037,5th Avenue South,residential,False,True,107.055,776,707,44.0,0.002,2.0,None,None,None,None,0.2199999988079071,0.49000000953674316,0.35066668192545575,1.0,other,2.0,2815.55
10878786,10th Street South,residential,False,False,50.972,777,711,44.0,0.001,2.0,None,None,None,None,0.27000001072883606,0.36000001430511475,0.3299999918256487,1.0,other,2.0,1261.56
10878786,10th Street South,residential,False,True,66.328,778,712,44.0,0.002,2.0,None,None,None,None,0.23999999463558197,0.44999998807907104,0.36666666136847603,1.0,other,2.0,1824.02
10896800,8th Avenue South,residential,False,True,106.469,779,710,44.0,0.002,2.0,None,None,None,None,0.36000001430511475,0.7699999809265137,0.6206666310628255,1.0,other,2.0,4647.8
10878786,10th Street South,residential,False,False,103.898,780,713,44.0,0.002,2.0,None,None,None,None,0.5,1.0399999618530273,0.8078571728297642,1.0,other,2.0,5527.45
10878786,10th Street South,residential,False,True,58.81,781,715,44.0,0.001,2.0,None,None,None,None,0.36000001430511475,0.5,0.4142857279096331,1.0,other,2.0,1827.31
10880864,9th Avenue South,residential,False,True,106.698,782,714,44.0,0.002,2.0,None,None,None,None,0.4300000071525574,0.8899999856948853,0.7019999821980795,1.0,other,2.0,5100.38
10878786,10th Street South,residential,False,False,42.218,783,716,44.0,0.001,2.0,None,None,None,None,0.5099999904632568,0.8799999952316284,0.5883333285649618,1.0,other,2.0,1773.37
10878786,10th Street South,residential,False,True,29.588,784,717,44.0,0.001,2.0,None,None,None,None,0.5099999904632568,0.7300000190734863,0.5779999732971192,1.0,other,2.0,1227.25
10880199,11th Avenue South,residential,False,True,18.377,785,718,44.0,0.0,2.0,None,None,None,None,0.3799999952316284,0.5099999904632568,0.4350000023841858,1.0,other,2.0,599.55
10878786,10th Street South,residential,False,False,5.715,786,716,44.0,0.0,2.0,None,None,None,None,0.9399999976158142,0.9399999976158142,0.9399999976158142,1.0,other,2.0,342.56
10878786,10th Street South,residential,False,True,8.365,787,148,44.0,0.0,2.0,None,None,None,None,0.75,0.9399999976158142,0.8450000286102295,1.0,other,2.0,460.87
10878787,10th Street South,residential,False,False,95.219,788,100,44.0,0.002,2.0,None,None,None,None,0.7300000190734863,1.340000033378601,0.9783332347869873,1.0,other,2.0,5893.58
10878787,10th Street South,residential,False,True,10.581,789,227,44.0,0.0,2.0,None,None,None,None,1.2699999809265137,1.409999966621399,1.3399999936421711,1.0,other,2.0,806.91
10878787,10th Street South,residential,False,True,97.36,790,867,44.0,0.002,2.0,None,None,None,None,0.7699999809265137,1.190000057220459,0.9290908466685902,1.0,other,2.0,5781.59
10887552,15th Avenue South,residential,False,True,13.125,791,226,44.0,0.0,2.0,None,None,None,None,0.7099999785423279,0.800000011920929,0.7599999904632568,1.0,other,2.0,666.22
10879764,South 12th Street,residential,False,True,76.465,792,719,44.0,0.002,2.0,None,None,None,None,0.49000000953674316,0.6899999976158142,0.6000000105963813,1.0,other,2.0,3257.41
10897442,Shetter Avenue,residential,False,False,39.422,793,720,44.0,0.001,2.0,None,None,None,None,0.11999999731779099,0.5600000023841858,0.35666664441426593,1.0,other,2.0,1054.54
10897442,Shetter Avenue,residential,False,True,32.198,794,721,44.0,0.001,2.0,None,None,None,None,0.1899999976158142,0.49000000953674316,0.34600000381469725,1.0,other,2.0,835.54
10879842,South 6th Street,residential,False,False,101.614,795,722,44.0,0.002,2.0,None,None,None,None,1.090000033378601,1.6200000047683716,1.3676922137920673,1.0,other,2.0,7858.83
10879842,South 6th Street,residential,False,True,102.669,796,723,44.0,0.002,2.0,None,None,None,None,1.5,1.7699999809265137,1.637692378117488,1.0,other,2.0,8894.29
10880199,11th Avenue South,residential,False,False,105.927,797,724,44.0,0.002,2.0,None,None,None,None,0.9100000262260437,1.6200000047683716,1.2826666514078775,1.0,other,2.0,7841.14
10880199,11th Avenue South,residential,False,True,105.795,798,725,44.0,0.002,2.0,None,None,None,None,1.5,1.840000033378601,1.6519999186197916,1.0,other,2.0,9210.51
83591029,13th Avenue South,tertiary,False,False,103.862,799,729,50.0,0.002,2.0,None,None,None,None,1.5,2.0999999046325684,1.7633333841959635,1.0,tertiary,2.0,10953.98
83591029,13th Avenue South,tertiary,False,True,107.65,800,726,50.0,0.002,2.0,None,None,None,None,0.9100000262260437,1.5,1.1685714721679688,1.0,tertiary,2.0,8737.95
85691282,South 6th Street,residential,False,False,103.909,801,727,44.0,0.002,2.0,None,None,None,None,1.3799999952316284,1.7000000476837158,1.4853845743032603,1.0,other,2.0,8513.26
85691282,South 6th Street,residential,False,True,37.293,802,728,44.0,0.001,2.0,None,None,None,None,1.0,1.649999976158142,1.3666666348775227,1.0,other,2.0,2882.75
10887552,15th Avenue South,residential,False,False,107.262,803,730,44.0,0.002,2.0,None,None,None,None,0.6899999976158142,1.8600000143051147,1.3359999338785806,1.0,other,2.0,8163.07
10887552,15th Avenue South,residential,False,True,105.311,804,731,44.0,0.002,2.0,None,None,None,None,1.8200000524520874,2.640000104904175,2.214666748046875,1.0,other,2.0,10776.47
85691282,South 6th Street,residential,False,False,104.678,805,732,44.0,0.002,2.0,None,None,None,None,1.7300000190734863,2.190000057220459,1.9276922666109526,1.0,other,2.0,9979.03
85691282,South 6th Street,residential,False,True,105.039,806,733,44.0,0.002,2.0,None,None,None,None,1.3200000524520874,1.9800000190734863,1.630000041081355,1.0,other,2.0,9075.37
10879843,South 6th Street,residential,False,False,51.638,807,734,44.0,0.001,2.0,None,None,None,None,0.9800000190734863,1.190000057220459,1.1228572300502233,1.0,other,2.0,3500.61
10879843,South 6th Street,residential,False,True,52.716,808,735,44.0,0.001,2.0,None,None,None,None,1.149999976158142,1.4600000381469727,1.3537499904632568,1.0,other,2.0,4048.39
10897442,Shetter Avenue,residential,False,False,20.792,809,736,44.0,0.0,2.0,None,None,None,None,1.0700000524520874,1.149999976158142,1.096666653951009,1.0,other,2.0,1388.28
10897442,Shetter Avenue,residential,False,True,15.732,810,737,44.0,0.0,2.0,None,None,None,None,1.149999976158142,1.2599999904632568,1.1924999952316284,1.0,other,2.0,1109.22
10879843,South 6th Street,residential,False,False,105.736,811,738,44.0,0.002,2.0,None,None,None,None,0.9900000095367432,1.3700000047683716,1.1615384908822866,1.0,other,2.0,7327.5
10879843,South 6th Street,residential,False,True,104.823,812,739,44.0,0.002,2.0,None,None,None,None,0.9900000095367432,1.2799999713897705,1.1376922313983624,1.0,other,2.0,7166.75
122483551,3rd Avenue South,residential,False,False,105.792,813,740,44.0,0.002,2.0,None,None,None,None,1.0700000524520874,1.2400000095367432,1.1533332824707032,1.0,other,2.0,7297.53
122483551,3rd Avenue South,residential,False,True,107.049,814,741,44.0,0.002,2.0,None,None,None,None,1.2400000095367432,1.4199999570846558,1.3166666666666667,1.0,other,2.0,8066.14
10879843,South 6th Street,residential,False,False,42.817,815,742,44.0,0.001,2.0,None,None,None,None,1.2200000286102295,1.3600000143051147,1.275000015894572,1.0,other,2.0,3156.68
10879843,South 6th Street,residential,False,True,51.982,816,745,44.0,0.001,2.0,None,None,None,None,1.2100000381469727,1.3899999856948853,1.2885713577270508,1.0,other,2.0,3859.89
83591037,5th Avenue South,residential,False,False,106.782,817,743,44.0,0.002,2.0,None,None,None,None,1.0800000429153442,1.3600000143051147,1.1833333333333333,1.0,other,2.0,7490.76
83591037,5th Avenue South,residential,False,True,105.675,818,744,44.0,0.002,2.0,None,None,None,None,1.3200000524520874,1.7200000286102295,1.4671427862984794,1.0,other,2.0,8582.77
10880199,11th Avenue South,residential,False,False,7.072,819,746,44.0,0.0,2.0,None,None,None,None,2.1700000762939453,2.1700000762939453,2.1700000762939453,1.0,other,2.0,716.57
444454367,1st Street South,tertiary,False,False,17.038,820,747,50.0,0.0,2.0,None,None,None,None,2.1700000762939453,2.190000057220459,2.1799999872843423,1.0,tertiary,2.0,2018.58
444454367,1st Street South,tertiary,False,True,52.484,821,748,50.0,0.001,2.0,None,None,None,None,1.7899999618530273,2.1700000762939453,1.9642857142857142,1.0,tertiary,2.0,5904.45
10880199,11th Avenue South,residential,False,False,105.688,822,749,44.0,0.002,2.0,None,None,None,None,1.8300000429153442,2.2100000381469727,1.9592857360839844,1.0,other,2.0,10175.49
10880199,11th Avenue South,residential,False,True,18.307,823,751,44.0,0.0,2.0,None,None,None,None,2.200000047683716,2.2300000190734863,2.2125000953674316,1.0,other,2.0,1872.46
10882814,South 4th Street,residential,False,False,99.685,824,750,44.0,0.002,2.0,None,None,None,None,2.1700000762939453,2.4100000858306885,2.256666819254557,1.0,other,2.0,10294.97
10882814,South 4th Street,residential,False,True,89.371,825,752,44.0,0.002,2.0,None,None,None,None,2.0399999618530273,2.2100000381469727,2.115000089009603,1.0,other,2.0,8944.92
10880199,11th Avenue South,residential,False,False,108.38,826,753,44.0,0.002,2.0,None,None,None,None,0.3400000035762787,0.9100000262260437,0.5640000025431315,1.0,other,2.0,4418.0
10880199,11th Avenue South,residential,False,True,105.927,827,754,44.0,0.002,2.0,None,None,None,None,0.9100000262260437,1.6200000047683716,1.2826666514078775,1.0,other,2.0,7841.14
10884323,7th Street South,residential,False,False,99.34,828,755,44.0,0.002,2.0,None,None,None,None,0.8399999737739563,1.0099999904632568,0.943846189058744,1.0,other,2.0,5973.93
10884323,7th Street South,residential,False,True,103.999,829,756,44.0,0.002,2.0,None,None,None,None,0.6800000071525574,1.090000033378601,0.8915384732759916,1.0,other,2.0,5976.66
10880199,11th Avenue South,residential,False,False,104.171,830,757,44.0,0.002,2.0,None,None,None,None,0.49000000953674316,1.1100000143051147,0.8246667226155598,1.0,other,2.0,5631.28
10880199,11th Avenue South,residential,False,True,108.38,831,758,44.0,0.002,2.0,None,None,None,None,0.3400000035762787,0.9100000262260437,0.5640000025431315,1.0,other,2.0,4418.0
91487775,South 8th Street,residential,False,False,50.831,832,760,44.0,0.001,2.0,None,None,None,None,0.49000000953674316,1.090000033378601,0.7114285741533551,1.0,other,2.0,2454.27
91487775,South 8th Street,residential,False,True,104.913,833,759,44.0,0.002,2.0,None,None,None,None,0.17000000178813934,0.5600000023841858,0.3569230299729567,1.0,other,2.0,2808.44
10880199,11th Avenue South,residential,False,False,43.625,834,764,44.0,0.001,2.0,None,None,None,None,0.25,1.1100000143051147,0.5985714367457798,1.0,other,2.0,1855.25
10880199,11th Avenue South,residential,False,True,104.171,835,761,44.0,0.002,2.0,None,None,None,None,0.49000000953674316,1.1100000143051147,0.8246667226155598,1.0,other,2.0,5631.28
10884136,South 9th Street,tertiary,False,False,96.183,836,762,50.0,0.002,2.0,None,None,None,None,0.7400000095367432,1.1100000143051147,1.0108332633972168,1.0,tertiary,2.0,7116.86
10884136,South 9th Street,tertiary,False,True,105.204,837,763,50.0,0.002,2.0,None,None,None,None,0.8999999761581421,1.1100000143051147,1.00769226367657,1.0,tertiary,2.0,7769.32
10880336,North 8th Street,residential,False,False,104.287,838,765,44.0,0.002,2.0,None,None,None,None,1.3600000143051147,1.5700000524520874,1.4830768291766827,1.0,other,2.0,8534.85
10880336,North 8th Street,residential,False,True,104.693,839,766,44.0,0.002,2.0,None,None,None,None,1.0399999618530273,1.5,1.2584615854116588,1.0,other,2.0,7650.96
444454418,3rd Avenue North,residential,False,False,106.023,840,767,44.0,0.002,2.0,None,None,None,None,0.6600000262260437,1.4600000381469727,1.059333292643229,1.0,other,2.0,6924.79
444454418,3rd Avenue North,residential,False,True,107.38,841,768,44.0,0.002,2.0,None,None,None,None,0.9100000262260437,1.590000033378601,1.259999974568685,1.0,other,2.0,7853.77
122483555,9th Avenue South,residential,False,False,7.535,842,769,44.0,0.0,2.0,None,None,None,None,1.8300000429153442,2.1600000858306885,1.9733333587646484,1.0,other,2.0,728.63
444454367,1st Street South,tertiary,False,False,6.854,843,770,50.0,0.0,2.0,None,None,None,None,1.9299999475479126,2.1600000858306885,2.0450000762939453,1.0,tertiary,2.0,787.74
444454367,1st Street South,tertiary,False,True,4.4,844,771,50.0,0.0,2.0,None,None,None,None,2.1600000858306885,2.1600000858306885,2.1600000858306885,1.0,tertiary,2.0,518.98
122483555,9th Avenue South,residential,False,False,11.208,845,423,44.0,0.0,2.0,None,None,None,None,1.9900000095367432,2.0299999713897705,2.009999990463257,1.0,other,2.0,1095.3
122483555,9th Avenue South,residential,False,True,47.097,846,775,44.0,0.001,2.0,None,None,None,None,2.0299999713897705,2.200000047683716,2.1242858341761996,1.0,other,2.0,4723.66
122483555,9th Avenue South,residential,False,False,6.65,847,423,44.0,0.0,2.0,None,None,None,None,1.9900000095367432,2.0899999141693115,2.0399999618530273,1.0,other,2.0,654.36
122483555,9th Avenue South,residential,False,True,11.208,848,775,44.0,0.0,2.0,None,None,None,None,1.9900000095367432,2.0299999713897705,2.009999990463257,1.0,other,2.0,1095.3
10882814,South 4th Street,residential,False,False,40.012,849,773,44.0,0.001,2.0,None,None,None,None,1.9600000381469727,2.0899999141693115,2.0420000076293947,1.0,other,2.0,3938.98
10882814,South 4th Street,residential,False,True,65.855,850,772,44.0,0.001,2.0,None,None,None,None,1.9199999570846558,2.0899999141693115,1.9888888465033636,1.0,other,2.0,6398.91
122483555,9th Avenue South,residential,False,False,9.223,851,774,44.0,0.0,2.0,None,None,None,None,2.0899999141693115,2.0899999141693115,2.0899999141693115,1.0,other,2.0,917.92
122483555,9th Avenue South,residential,False,True,6.65,852,775,44.0,0.0,2.0,None,None,None,None,1.9900000095367432,2.0899999141693115,2.0399999618530273,1.0,other,2.0,654.36
122483555,9th Avenue South,residential,False,False,4.296,853,774,44.0,0.0,2.0,None,None,None,None,2.049999952316284,2.0899999141693115,2.069999933242798,1.0,other,2.0,425.63
122483555,9th Avenue South,residential,False,True,9.223,854,602,44.0,0.0,2.0,None,None,None,None,2.0899999141693115,2.0899999141693115,2.0899999141693115,1.0,other,2.0,917.92
122483555,9th Avenue South,residential,False,False,6.685,855,774,44.0,0.0,2.0,None,None,None,None,1.8899999856948853,2.049999952316284,1.9700000286102295,1.0,other,2.0,645.77
122483555,9th Avenue South,residential,False,True,4.296,856,602,44.0,0.0,2.0,None,None,None,None,2.049999952316284,2.0899999141693115,2.069999933242798,1.0,other,2.0,425.63
122483555,9th Avenue South,residential,False,False,182.936,857,774,44.0,0.004,2.0,None,None,None,None,1.8600000143051147,2.2300000190734863,1.9663635600696912,1.0,other,2.0,17651.66
122483555,9th Avenue South,residential,False,True,6.685,858,602,44.0,0.0,2.0,None,None,None,None,1.8899999856948853,2.049999952316284,1.9700000286102295,1.0,other,2.0,645.77
10880864,9th Avenue South,residential,False,False,105.853,859,776,44.0,0.002,2.0,None,None,None,None,0.2199999988079071,0.8299999833106995,0.46066662470499675,1.0,other,2.0,3657.22
10880864,9th Avenue South,residential,False,True,51.513,860,777,44.0,0.001,2.0,None,None,None,None,0.5600000023841858,1.100000023841858,0.7542857442583356,1.0,other,2.0,2599.79
10894908,South 8th Street,residential,False,True,102.182,861,778,44.0,0.002,2.0,None,None,None,None,0.1599999964237213,0.5799999833106995,0.28083332379659015,1.0,other,2.0,2152.21
10880864,9th Avenue South,residential,False,False,106.698,862,779,44.0,0.002,2.0,None,None,None,None,0.4300000071525574,0.8899999856948853,0.7019999821980795,1.0,other,2.0,5100.38
10880864,9th Avenue South,residential,False,True,105.853,863,780,44.0,0.002,2.0,None,None,None,None,0.2199999988079071,0.8299999833106995,0.46066662470499675,1.0,other,2.0,3657.22
10884136,South 9th Street,tertiary,False,False,105.252,864,781,50.0,0.002,2.0,None,None,None,None,0.800000011920929,1.0099999904632568,0.8921429089137486,1.0,tertiary,2.0,7060.57
10884136,South 9th Street,tertiary,False,True,104.95,865,782,50.0,0.002,2.0,None,None,None,None,0.5699999928474426,0.8299999833106995,0.6815384351290189,1.0,tertiary,2.0,5725.18
10882149,Lincoln Court South,residential,False,False,108.225,866,783,44.0,0.002,2.0,None,None,None,None,0.05999999865889549,0.8399999737739563,0.4593749940395355,1.0,other,2.0,3728.69
10894908,South 8th Street,residential,False,False,53.355,867,784,44.0,0.001,2.0,None,None,None,None,0.7099999785423279,0.8399999737739563,0.781428609575544,1.0,other,2.0,2766.61
10894908,South 8th Street,residential,False,True,50.76,868,785,44.0,0.001,2.0,None,None,None,None,0.8399999737739563,0.8899999856948853,0.8728571619306292,1.0,other,2.0,2868.74
10882149,Lincoln Court South,residential,False,True,108.225,869,786,44.0,0.002,2.0,None,None,None,None,0.05999999865889549,0.8399999737739563,0.4593749940395355,1.0,other,2.0,3728.69
10884136,South 9th Street,tertiary,False,False,52.086,870,787,50.0,0.001,2.0,None,None,None,None,0.05999999865889549,0.30000001192092896,0.22571427481515066,1.0,tertiary,2.0,1028.7
10884136,South 9th Street,tertiary,False,True,52.423,871,788,50.0,0.001,2.0,None,None,None,None,0.05999999865889549,0.25999999046325684,0.17249999940395355,1.0,tertiary,2.0,791.26
10882793,13th Avenue South,residential,False,False,11.044,872,1081,44.0,0.0,2.0,None,None,None,None,,,,0.0,other,2.0,
10882793,13th Avenue South,residential,False,True,9.408,873,101,44.0,0.0,2.0,None,None,None,None,,,,0.0,other,2.0,
10882793,13th Avenue South,residential,False,False,70.685,874,1081,44.0,0.002,2.0,None,None,None,None,,,,0.0,other,2.0,
10882793,13th Avenue South,residential,False,True,11.044,875,101,44.0,0.0,2.0,None,None,None,None,,,,0.0,other,2.0,
10882793,13th Avenue South,residential,False,False,32.009,876,1081,44.0,0.001,2.0,None,None,None,None,0.6899999976158142,0.9900000095367432,0.8420000076293945,1.0,other,2.0,1758.64
10882793,13th Avenue South,residential,False,True,35.434,877,101,44.0,0.001,2.0,None,None,None,None,0.5099999904632568,0.6899999976158142,0.5940000057220459,1.0,other,2.0,1498.65
10882793,13th Avenue South,residential,False,False,22.095,878,1081,44.0,0.001,2.0,None,None,None,None,0.9900000095367432,1.159999966621399,1.059999942779541,1.0,other,2.0,1443.69
10882793,13th Avenue South,residential,False,True,32.009,879,101,44.0,0.001,2.0,None,None,None,None,0.6899999976158142,0.9900000095367432,0.8420000076293945,1.0,other,2.0,1758.64
10882793,13th Avenue South,residential,False,False,26.334,880,1081,44.0,0.001,2.0,None,None,None,None,1.0700000524520874,1.25,1.1679999351501464,1.0,other,2.0,1831.58
10882793,13th Avenue South,residential,False,True,22.095,881,101,44.0,0.001,2.0,None,None,None,None,0.9900000095367432,1.159999966621399,1.059999942779541,1.0,other,2.0,1443.69
10882793,13th Avenue South,residential,False,True,105.943,882,789,44.0,0.002,2.0,None,None,None,None,0.6600000262260437,1.4500000476837158,0.9919999440511068,1.0,other,2.0,6631.18
10884136,South 9th Street,tertiary,False,False,105.262,883,790,50.0,0.002,2.0,None,None,None,None,0.3799999952316284,0.6600000262260437,0.49846150324894833,1.0,tertiary,2.0,4591.04
10884136,South 9th Street,tertiary,False,True,64.519,884,792,50.0,0.001,2.0,None,None,None,None,0.550000011920929,0.8799999952316284,0.6599999666213989,1.0,tertiary,2.0,3436.93
83591029,13th Avenue South,tertiary,False,False,107.21,885,791,50.0,0.002,2.0,None,None,None,None,0.6399999856948853,1.1299999952316284,0.8253333409627278,1.0,tertiary,2.0,6765.74
83591029,13th Avenue South,tertiary,False,False,106.79,886,793,50.0,0.002,2.0,None,None,None,None,0.6000000238418579,1.1299999952316284,0.8860000610351563,1.0,tertiary,2.0,7124.71
83591029,13th Avenue South,tertiary,False,True,107.21,887,794,50.0,0.002,2.0,None,None,None,None,0.6399999856948853,1.1299999952316284,0.8253333409627278,1.0,tertiary,2.0,6765.74
85691270,South 8th Street,residential,False,False,102.493,888,795,44.0,0.002,2.0,None,None,None,None,0.5699999928474426,1.1299999952316284,0.7376923194298377,1.0,other,2.0,5085.94
85691270,South 8th Street,residential,False,True,52.241,889,796,44.0,0.001,2.0,None,None,None,None,0.8999999761581421,1.5399999618530273,1.1028571810041154,1.0,other,2.0,3500.74
83591029,13th Avenue South,tertiary,False,False,107.65,890,797,50.0,0.002,2.0,None,None,None,None,0.9100000262260437,1.5,1.1685714721679688,1.0,tertiary,2.0,8737.95
83591029,13th Avenue South,tertiary,False,True,106.79,891,798,50.0,0.002,2.0,None,None,None,None,0.6000000238418579,1.1299999952316284,0.8860000610351563,1.0,tertiary,2.0,7124.71
85691281,7th Street South,residential,False,False,102.989,892,799,44.0,0.002,2.0,None,None,None,None,0.6200000047683716,0.9599999785423279,0.7946154521061823,1.0,other,2.0,5409.54
10882814,South 4th Street,residential,False,False,17.719,893,800,44.0,0.0,2.0,None,None,None,None,2.6500000953674316,2.6700000762939453,2.6600000063578286,1.0,other,2.0,1990.73
10882814,South 4th Street,residential,False,True,100.24,894,801,44.0,0.002,2.0,None,None,None,None,2.190000057220459,2.6700000762939453,2.4038461538461537,1.0,other,2.0,10684.23
83591029,13th Avenue South,tertiary,False,False,20.387,895,802,50.0,0.0,2.0,None,None,None,None,2.5299999713897705,2.6700000762939453,2.572499990463257,1.0,tertiary,2.0,2625.4
83591029,13th Avenue South,tertiary,False,True,106.762,896,803,50.0,0.002,2.0,None,None,None,None,2.0999999046325684,2.6700000762939453,2.3899998982747395,1.0,tertiary,2.0,13237.15
83591029,13th Avenue South,tertiary,False,True,7.782,897,804,50.0,0.0,2.0,None,None,None,None,2.430000066757202,2.490000009536743,2.4600000381469727,1.0,tertiary,2.0,979.17
444454367,1st Street South,tertiary,False,False,20.349,898,805,50.0,0.0,2.0,None,None,None,None,2.4600000381469727,2.490000009536743,2.4733333587646484,1.0,tertiary,2.0,2567.54
444454367,1st Street South,tertiary,False,True,15.086,899,806,50.0,0.0,2.0,None,None,None,None,2.430000066757202,2.490000009536743,2.4633334477742515,1.0,tertiary,2.0,1899.52
10882814,South 4th Street,residential,False,False,49.801,900,807,44.0,0.001,2.0,None,None,None,None,2.009999990463257,2.130000114440918,2.0457143783569336,1.0,other,2.0,4906.82
10882814,South 4th Street,residential,False,True,25.267,901,808,44.0,0.001,2.0,None,None,None,None,2.130000114440918,2.180000066757202,2.1575000286102295,1.0,other,2.0,2553.07
122483554,8th Avenue South,residential,False,True,29.517,902,809,44.0,0.001,2.0,None,None,None,None,1.9800000190734863,2.130000114440918,2.055000066757202,1.0,other,2.0,2914.43
10882814,South 4th Street,residential,False,False,65.855,903,810,44.0,0.001,2.0,None,None,None,None,1.9199999570846558,2.0899999141693115,1.9888888465033636,1.0,other,2.0,6398.91
10882814,South 4th Street,residential,False,True,49.801,904,811,44.0,0.001,2.0,None,None,None,None,2.009999990463257,2.130000114440918,2.0457143783569336,1.0,other,2.0,4906.82
10886049,Lower 8th Avenue South,residential,False,False,46.256,905,812,44.0,0.001,2.0,None,None,None,None,2.0299999713897705,2.190000057220459,2.0883332888285318,1.0,other,2.0,4601.89
10882814,South 4th Street,residential,False,False,12.409,906,773,44.0,0.0,2.0,None,None,None,None,2.25,2.2899999618530273,2.2766666412353516,1.0,other,2.0,1287.12
10882814,South 4th Street,residential,False,True,46.061,907,632,44.0,0.001,2.0,None,None,None,None,2.0799999237060547,2.25,2.160000038146973,1.0,other,2.0,4656.77
10882814,South 4th Street,residential,False,False,9.787,908,631,44.0,0.0,2.0,None,None,None,None,2.200000047683716,2.2899999618530273,2.244999885559082,1.0,other,2.0,1008.18
10882814,South 4th Street,residential,False,True,9.276,909,752,44.0,0.0,2.0,None,None,None,None,2.2899999618530273,2.2899999618530273,2.2899999618530273,1.0,other,2.0,964.94
10882814,South 4th Street,residential,False,False,89.371,910,631,44.0,0.002,2.0,None,None,None,None,2.0399999618530273,2.2100000381469727,2.115000089009603,1.0,other,2.0,8944.92
10882814,South 4th Street,residential,False,True,9.787,911,752,44.0,0.0,2.0,None,None,None,None,2.200000047683716,2.2899999618530273,2.244999885559082,1.0,other,2.0,1008.18
10882814,South 4th Street,residential,False,False,32.765,912,814,44.0,0.001,2.0,None,None,None,None,2.5199999809265137,2.5799999237060547,2.5559999465942385,1.0,other,2.0,3604.48
10882814,South 4th Street,residential,False,True,23.092,913,815,44.0,0.001,2.0,None,None,None,None,2.5,2.5799999237060547,2.5499998728434243,1.0,other,2.0,2537.23
10887552,15th Avenue South,residential,False,False,106.586,914,813,44.0,0.002,2.0,None,None,None,None,2.440000057220459,2.700000047683716,2.5966669718424478,1.0,other,2.0,11823.05
10887552,15th Avenue South,residential,False,True,31.2,915,816,44.0,0.001,2.0,None,None,None,None,2.5399999618530273,2.5799999237060547,2.567499876022339,1.0,other,2.0,3440.38
10882817,South 4th Street,residential,False,False,50.274,916,980,44.0,0.001,2.0,None,None,None,None,1.5,2.200000047683716,1.8942857469831194,1.0,other,2.0,4742.27
10882817,South 4th Street,residential,False,True,1.301,917,471,44.0,0.0,2.0,None,None,None,None,1.5,1.5,1.5,1.0,other,2.0,107.33
10882817,South 4th Street,residential,False,False,51.034,918,818,44.0,0.001,2.0,None,None,None,None,2.130000114440918,2.309999942779541,2.2514286041259766,1.0,other,2.0,5264.52
10882817,South 4th Street,residential,False,True,68.746,919,819,44.0,0.002,2.0,None,None,None,None,2.130000114440918,2.309999942779541,2.234999895095825,1.0,other,2.0,7066.23
122483551,3rd Avenue South,residential,False,False,107.071,920,817,44.0,0.002,2.0,None,None,None,None,1.4199999570846558,2.309999942779541,1.7986666361490886,1.0,other,2.0,9792.71
122483551,3rd Avenue South,residential,False,True,13.279,921,820,44.0,0.0,2.0,None,None,None,None,2.25,2.309999942779541,2.2899999618530273,1.0,other,2.0,1381.35
10882817,South 4th Street,residential,False,False,103.726,922,821,44.0,0.002,2.0,None,None,None,None,1.9800000190734863,2.140000104904175,2.052142824445452,1.0,other,2.0,10234.98
10882817,South 4th Street,residential,False,True,33.134,923,823,44.0,0.001,2.0,None,None,None,None,2.140000104904175,2.25,2.214000129699707,1.0,other,2.0,3390.11
83591037,5th Avenue South,residential,False,False,106.612,924,822,44.0,0.002,2.0,None,None,None,None,1.6100000143051147,2.140000104904175,1.8499999727521623,1.0,other,2.0,9914.92
83591037,5th Avenue South,residential,False,True,63.19,925,824,44.0,0.001,2.0,None,None,None,None,1.9199999570846558,2.1500000953674316,2.019999885559082,1.0,other,2.0,6189.46
10883108,South 4th Avenue,residential,False,True,9.059,926,825,44.0,0.0,2.0,None,None,None,None,0.17000000178813934,0.25,0.21000000834465027,1.0,other,2.0,142.68
683228866,2nd Street North,residential,False,False,22.011,927,441,40.0,0.001,2.0,None,25 mph,None,None,1.6699999570846558,1.899999976158142,1.7966666221618652,1.0,other,2.0,2011.81
683228866,2nd Street North,residential,False,True,27.747,928,1071,40.0,0.001,2.0,None,25 mph,None,None,1.5299999713897705,1.6699999570846558,1.5959999084472656,1.0,other,2.0,2369.04
10889302,3rd Avenue North,residential,False,False,8.124,929,826,44.0,0.0,2.0,None,None,None,None,1.850000023841858,1.850000023841858,1.850000023841858,1.0,other,2.0,755.53
10889302,3rd Avenue North,residential,False,True,5.189,930,827,44.0,0.0,2.0,None,None,None,None,1.850000023841858,1.850000023841858,1.850000023841858,1.0,other,2.0,482.58
683228866,2nd Street North,residential,False,False,7.584,931,828,40.0,0.0,2.0,None,25 mph,None,None,1.850000023841858,1.850000023841858,1.850000023841858,1.0,other,2.0,705.31
683228866,2nd Street North,residential,False,True,10.22,932,829,40.0,0.0,2.0,None,25 mph,None,None,1.850000023841858,1.850000023841858,1.850000023841858,1.0,other,2.0,950.46
10888754,5th Avenue North,residential,False,False,6.897,933,830,44.0,0.0,2.0,None,None,None,None,1.7300000190734863,1.840000033378601,1.7899999618530273,1.0,other,2.0,629.01
10888754,5th Avenue North,residential,False,True,5.183,934,831,44.0,0.0,2.0,None,None,None,None,1.840000033378601,1.8700000047683716,1.8550000190734863,1.0,other,2.0,482.8
351669850,North 2nd Street,residential,False,False,6.775,935,832,40.0,0.0,2.0,None,25 mph,None,None,1.7999999523162842,1.840000033378601,1.8199999332427979,1.0,other,2.0,623.98
351669850,North 2nd Street,residential,False,True,8.781,936,833,40.0,0.0,2.0,None,25 mph,None,None,1.840000033378601,1.840000033378601,1.840000033378601,1.0,other,2.0,814.0
83591046,8th Avenue North,residential,False,False,5.607,937,834,44.0,0.0,2.0,None,None,None,None,1.8600000143051147,1.8700000047683716,1.8650000095367432,1.0,other,2.0,523.97
83591046,8th Avenue North,residential,False,True,7.597,938,835,44.0,0.0,2.0,None,None,None,None,1.8700000047683716,1.8899999856948853,1.8799999952316284,1.0,other,2.0,713.36
351669850,North 2nd Street,residential,False,False,52.629,939,836,40.0,0.001,2.0,None,25 mph,None,None,1.7999999523162842,2.059999942779541,1.9228570120675224,1.0,other,2.0,5009.53
10883745,North 6th Street,residential,False,False,54.363,940,839,44.0,0.001,2.0,None,None,None,None,1.0099999904632568,1.0499999523162842,1.0300000054495675,1.0,other,2.0,3488.47
10883745,North 6th Street,residential,False,True,103.156,941,837,44.0,0.002,2.0,None,None,None,None,0.9700000286102295,1.1399999856948853,1.0723077333890474,1.0,other,2.0,6789.73
444454418,3rd Avenue North,residential,False,False,105.54,942,838,44.0,0.002,2.0,None,None,None,None,0.7400000095367432,1.090000033378601,0.9393333435058594,1.0,other,2.0,6322.48
444454418,3rd Avenue North,residential,False,True,51.587,943,840,44.0,0.001,2.0,None,None,None,None,1.0299999713897705,1.340000033378601,1.161428587777274,1.0,other,2.0,3574.76
10883745,North 6th Street,residential,False,False,104.594,944,841,44.0,0.002,2.0,None,None,None,None,0.6499999761581421,1.0399999618530273,0.805384635925293,1.0,other,2.0,5551.29
10883745,North 6th Street,residential,False,True,104.697,945,842,44.0,0.002,2.0,None,None,None,None,0.7799999713897705,1.0099999904632568,0.8915384732759916,1.0,other,2.0,6016.78
444563942,5th Avenue North,residential,False,False,106.985,946,843,44.0,0.002,2.0,None,None,None,None,0.8100000023841858,1.2200000286102295,1.0373332977294922,1.0,other,2.0,6895.83
444563942,5th Avenue North,residential,False,True,106.436,947,844,44.0,0.002,2.0,None,None,None,None,0.8100000023841858,1.659999966621399,1.3106666564941407,1.0,other,2.0,7995.05
10883745,North 6th Street,residential,False,True,104.472,948,845,44.0,0.002,2.0,None,None,None,None,0.9100000262260437,1.2100000381469727,1.0584614827082708,1.0,other,2.0,6819.93
83591046,8th Avenue North,residential,False,False,107.151,949,846,44.0,0.002,2.0,None,None,None,None,0.8100000023841858,1.2400000095367432,0.9928571837288993,1.0,other,2.0,6711.48
83591046,8th Avenue North,residential,False,True,106.61,950,847,44.0,0.002,2.0,None,None,None,None,0.9900000095367432,1.1699999570846558,1.0746665954589845,1.0,other,2.0,7026.88
10884136,South 9th Street,tertiary,False,False,52.027,951,848,50.0,0.001,2.0,None,None,None,None,0.28999999165534973,0.4000000059604645,0.3414285523550851,1.0,tertiary,2.0,1554.31
10884136,South 9th Street,tertiary,False,True,43.86,952,849,50.0,0.001,2.0,None,None,None,None,0.28999999165534973,0.49000000953674316,0.37599997520446776,1.0,tertiary,2.0,1442.99
10897442,Shetter Avenue,residential,False,False,28.139,953,850,44.0,0.001,2.0,None,None,None,None,0.07999999821186066,0.28999999165534973,0.17999998331069947,1.0,other,2.0,379.88
10897442,Shetter Avenue,residential,False,True,61.669,954,851,44.0,0.001,2.0,None,None,None,None,0.28999999165534973,0.75,0.5199999809265137,1.0,other,2.0,2375.49
10884136,South 9th Street,tertiary,False,False,53.185,955,855,50.0,0.001,2.0,None,None,None,None,0.2199999988079071,0.3799999952316284,0.30428573063441683,1.0,tertiary,2.0,1416.05
10884136,South 9th Street,tertiary,False,True,52.086,956,852,50.0,0.001,2.0,None,None,None,None,0.05999999865889549,0.30000001192092896,0.22571427481515066,1.0,tertiary,2.0,1028.7
122483551,3rd Avenue South,residential,False,False,105.869,957,853,44.0,0.002,2.0,None,None,None,None,0.05999999865889549,0.2199999988079071,0.1537500023841858,0.6532805682246515,other,2.0,797.53
122483551,3rd Avenue South,residential,False,True,108.039,958,854,44.0,0.002,2.0,None,None,None,None,0.2199999988079071,0.8299999833106995,0.5587499737739563,1.0,other,2.0,4375.17
10884136,South 9th Street,tertiary,False,False,45.543,959,857,50.0,0.001,2.0,None,None,None,None,0.4000000059604645,0.47999998927116394,0.4350000222524007,1.0,tertiary,2.0,1733.48
10884136,South 9th Street,tertiary,False,True,55.765,960,858,50.0,0.001,2.0,None,None,None,None,0.33000001311302185,0.4399999976158142,0.37428573199680876,1.0,tertiary,2.0,1826.3
83591037,5th Avenue South,residential,False,False,107.055,961,856,44.0,0.002,2.0,None,None,None,None,0.2199999988079071,0.49000000953674316,0.35066668192545575,1.0,other,2.0,2815.55
83591037,5th Avenue South,residential,False,True,50.13,962,859,44.0,0.001,2.0,None,None,None,None,0.4399999976158142,0.6399999856948853,0.557142836706979,1.0,other,2.0,2025.97
10884136,South 9th Street,tertiary,False,False,104.95,963,860,50.0,0.002,2.0,None,None,None,None,0.5699999928474426,0.8299999833106995,0.6815384351290189,1.0,tertiary,2.0,5725.18
10884136,South 9th Street,tertiary,False,True,104.444,964,861,50.0,0.002,2.0,None,None,None,None,0.6700000166893005,0.7599999904632568,0.7061538696289062,1.0,tertiary,2.0,5850.55
10896800,8th Avenue South,residential,False,False,106.469,965,862,44.0,0.002,2.0,None,None,None,None,0.36000001430511475,0.7699999809265137,0.6206666310628255,1.0,other,2.0,4647.8
10896800,8th Avenue South,residential,False,True,106.813,966,863,44.0,0.002,2.0,None,None,None,None,0.2800000011920929,0.7599999904632568,0.48285715920584543,1.0,other,2.0,3868.16
10884136,South 9th Street,tertiary,False,False,64.519,967,147,50.0,0.001,2.0,None,None,None,None,0.550000011920929,0.8799999952316284,0.6599999666213989,1.0,tertiary,2.0,3436.93
10884136,South 9th Street,tertiary,False,True,40.374,968,792,50.0,0.001,2.0,None,None,None,None,0.8799999952316284,1.190000057220459,1.0183334350585938,1.0,tertiary,2.0,3001.17
10884136,South 9th Street,tertiary,False,False,104.513,969,864,50.0,0.002,2.0,None,None,None,None,0.17000000178813934,0.6800000071525574,0.3446153494027945,1.0,tertiary,2.0,3151.47
10884136,South 9th Street,tertiary,False,True,104.276,970,865,50.0,0.002,2.0,None,None,None,None,0.20000000298023224,0.3799999952316284,0.26999998092651367,1.0,tertiary,2.0,2463.52
10887552,15th Avenue South,residential,False,False,7.607,971,867,44.0,0.0,2.0,None,None,None,None,0.28999999165534973,0.28999999165534973,0.28999999165534973,1.0,other,2.0,165.45
10887552,15th Avenue South,residential,False,True,107.552,972,866,44.0,0.002,2.0,None,None,None,None,0.07999999821186066,0.3499999940395355,0.18125000596046448,0.4875444048448951,other,2.0,712.81
10884265,7th Street North,residential,False,False,104.239,973,868,44.0,0.002,2.0,None,None,None,None,0.7099999785423279,1.3300000429153442,0.8738461274367112,1.0,other,2.0,5896.4
10884265,7th Street North,residential,False,True,43.927,974,871,44.0,0.001,2.0,None,None,None,None,0.7799999713897705,0.9300000071525574,0.875,1.0,other,2.0,2487.37
444454418,3rd Avenue North,residential,False,False,107.38,975,869,44.0,0.002,2.0,None,None,None,None,0.9100000262260437,1.590000033378601,1.259999974568685,1.0,other,2.0,7853.77
444454418,3rd Avenue North,residential,False,True,105.54,976,870,44.0,0.002,2.0,None,None,None,None,0.7400000095367432,1.090000033378601,0.9393333435058594,1.0,other,2.0,6322.48
10884265,7th Street North,residential,False,False,104.361,977,872,44.0,0.002,2.0,None,None,None,None,0.9300000071525574,1.2300000190734863,1.0376922900860126,1.0,other,2.0,6728.15
10884265,7th Street North,residential,False,True,105.465,978,873,44.0,0.002,2.0,None,None,None,None,0.7099999785423279,1.3300000429153442,1.013846103961651,1.0,other,2.0,6701.25
444563942,5th Avenue North,residential,False,False,212.943,979,874,44.0,0.005,2.0,None,None,None,None,0.4300000071525574,1.6100000143051147,1.1828571047101701,1.0,other,2.0,14934.0
444563942,5th Avenue North,residential,False,True,106.985,980,875,44.0,0.002,2.0,None,None,None,None,0.8100000023841858,1.2200000286102295,1.0373332977294922,1.0,other,2.0,6895.83
10884265,7th Street North,residential,False,True,105.486,981,876,44.0,0.002,2.0,None,None,None,None,0.6499999761581421,1.2400000095367432,0.932142802647182,1.0,other,2.0,6280.56
83591046,8th Avenue North,residential,False,False,118.645,982,878,44.0,0.003,2.0,None,None,None,None,0.8899999856948853,1.4299999475479126,1.2029412213493795,1.0,other,2.0,8413.68
83591046,8th Avenue North,residential,False,True,107.151,983,877,44.0,0.002,2.0,None,None,None,None,0.8100000023841858,1.2400000095367432,0.9928571837288993,1.0,other,2.0,6711.48
10884323,7th Street South,residential,False,False,61.758,984,879,44.0,0.001,2.0,None,None,None,None,0.9900000095367432,1.2999999523162842,1.1049998998641968,1.0,other,2.0,4143.65
10889535,10th Place South,residential,False,False,54.835,985,881,44.0,0.001,2.0,None,None,None,None,1.0299999713897705,1.2999999523162842,1.1299999782017298,1.0,other,2.0,3732.62
10889535,10th Place South,residential,False,True,134.441,986,880,44.0,0.003,2.0,None,None,None,None,1.2000000476837158,1.809999942779541,1.4868749380111694,1.0,other,2.0,11022.57
10887552,15th Avenue South,residential,False,False,105.756,987,882,44.0,0.002,2.0,None,None,None,None,0.27000001072883606,0.6899999976158142,0.4771428789411272,1.0,other,2.0,3784.55
10887552,15th Avenue South,residential,False,True,107.262,988,883,44.0,0.002,2.0,None,None,None,None,0.6899999976158142,1.8600000143051147,1.3359999338785806,1.0,other,2.0,8163.07
85691281,7th Street South,residential,False,False,106.729,989,884,44.0,0.002,2.0,None,None,None,None,0.4699999988079071,0.9300000071525574,0.7953846271221454,1.0,other,2.0,5610.17
85691281,7th Street South,residential,False,True,104.638,990,885,44.0,0.002,2.0,None,None,None,None,0.4300000071525574,1.0499999523162842,0.6414285387311663,1.0,other,2.0,4678.66
10884324,7th Street South,residential,False,False,102.326,991,886,44.0,0.002,2.0,None,None,None,None,1.0099999904632568,1.190000057220459,1.119999958918645,1.0,other,2.0,6925.42
10884324,7th Street South,residential,False,True,62.031,992,887,44.0,0.001,2.0,None,None,None,None,1.0,1.1799999475479126,1.118749976158142,1.0,other,2.0,4195.23
10897442,Shetter Avenue,residential,False,False,20.869,993,888,44.0,0.0,2.0,None,None,None,None,1.0099999904632568,1.059999942779541,1.024999976158142,1.0,other,2.0,1335.09
10897442,Shetter Avenue,residential,False,True,69.209,994,889,44.0,0.002,2.0,None,None,None,None,0.9599999785423279,1.2000000476837158,1.075999927520752,1.0,other,2.0,4565.3
10884324,7th Street South,residential,False,False,51.908,995,893,44.0,0.001,2.0,None,None,None,None,1.0499999523162842,1.090000033378601,1.0750000476837158,1.0,other,2.0,3422.03
10884324,7th Street South,residential,False,True,103.719,996,890,44.0,0.002,2.0,None,None,None,None,1.0700000524520874,1.350000023841858,1.2146153083214393,1.0,other,2.0,7402.42
122483551,3rd Avenue South,residential,False,False,106.604,997,891,44.0,0.002,2.0,None,None,None,None,0.8299999833106995,1.0700000524520874,0.9749999727521624,1.0,other,2.0,6580.13
122483551,3rd Avenue South,residential,False,True,105.792,998,892,44.0,0.002,2.0,None,None,None,None,1.0700000524520874,1.2400000095367432,1.1533332824707032,1.0,other,2.0,7297.53
10884324,7th Street South,residential,False,False,50.238,999,896,44.0,0.001,2.0,None,None,None,None,1.0800000429153442,1.2100000381469727,1.1557143075125558,1.0,other,2.0,3470.08
10884324,7th Street South,residential,False,True,13.078,1000,897,44.0,0.0,2.0,None,None,None,None,1.1100000143051147,1.149999976158142,1.1366666158040364,1.0,other,2.0,893.62
83591037,5th Avenue South,residential,False,False,105.39,1001,894,44.0,0.002,2.0,None,None,None,None,0.8500000238418579,1.149999976158142,1.0399999618530273,1.0,other,2.0,6803.98
83591037,5th Avenue South,residential,False,True,106.782,1002,895,44.0,0.002,2.0,None,None,None,None,1.0800000429153442,1.3600000143051147,1.1833333333333333,1.0,other,2.0,7490.76
10886049,Lower 8th Avenue South,residential,False,False,7.571,1003,605,44.0,0.0,2.0,None,None,None,None,0.8600000143051147,0.8600000143051147,0.8600000143051147,1.0,other,2.0,422.92
10886049,Lower 8th Avenue South,residential,False,True,184.23,1004,118,44.0,0.004,2.0,None,None,None,None,0.8600000143051147,2.1600000858306885,1.5681818181818181,1.0,other,2.0,15575.81
10886049,Lower 8th Avenue South,residential,False,False,6.151,1005,605,44.0,0.0,2.0,None,None,None,None,0.8299999833106995,0.8600000143051147,0.8450000286102295,1.0,other,2.0,338.89
10886049,Lower 8th Avenue South,residential,False,True,7.571,1006,118,44.0,0.0,2.0,None,None,None,None,0.8600000143051147,0.8600000143051147,0.8600000143051147,1.0,other,2.0,422.92
10886114,North 10th Street,residential,False,False,104.292,1007,898,56.0,0.002,2.0,None,35 mph,None,None,0.07999999821186066,0.20999999344348907,0.14300000667572021,0.7023767205581201,other,2.0,785.63
10886114,North 10th Street,residential,False,True,103.268,1008,899,56.0,0.002,2.0,None,35 mph,None,None,0.20999999344348907,0.5299999713897705,0.3800000044015738,1.0,other,2.0,2943.14
444454418,3rd Avenue North,residential,False,True,106.85,1009,900,44.0,0.002,2.0,None,None,None,None,0.1899999976158142,0.6600000262260437,0.43400001525878906,1.0,other,2.0,3477.97
10886114,North 10th Street,residential,False,False,7.036,1010,901,56.0,0.0,2.0,None,35 mph,None,None,0.07000000029802322,0.18000000715255737,0.125,1.0,other,2.0,65.96
10886114,North 10th Street,residential,False,True,7.263,1011,902,56.0,0.0,2.0,None,35 mph,None,None,0.11999999731779099,0.18000000715255737,0.15000000596046448,1.0,other,2.0,81.71
444563942,5th Avenue North,residential,False,True,108.666,1012,903,44.0,0.002,2.0,None,None,None,None,0.14000000059604645,0.4300000071525574,0.28066666920979816,1.0,other,2.0,2287.42
10886114,North 10th Street,residential,False,True,100.49,1013,904,56.0,0.002,2.0,None,35 mph,None,None,0.07999999821186066,0.30000001192092896,0.17416667938232422,1.0,other,2.0,1312.65
83591046,8th Avenue North,residential,False,False,7.614,1014,905,44.0,0.0,2.0,None,None,None,None,0.07999999821186066,0.07999999821186066,0.07999999821186066,1.0,other,2.0,45.68
83591046,8th Avenue North,residential,False,True,7.115,1015,906,44.0,0.0,2.0,None,None,None,None,0.07999999821186066,0.17000000178813934,0.125,1.0,other,2.0,66.7
10886116,11th Street North,residential,False,False,95.453,1016,907,44.0,0.002,2.0,None,None,None,None,,,,0.0,other,2.0,
10886116,11th Street North,residential,False,True,97.986,1017,908,44.0,0.002,2.0,None,None,None,None,0.07000000029802322,0.4699999988079071,0.23888889948527017,0.7574160119551235,other,2.0,1329.71
10889303,3rd Avenue North,residential,False,False,89.875,1018,909,44.0,0.002,2.0,None,None,None,None,0.05000000074505806,0.1599999964237213,0.10499999672174454,0.12636519779718114,other,2.0,89.44
10886116,11th Street North,residential,False,False,14.064,1019,325,44.0,0.0,2.0,None,None,None,None,,,,0.0,other,2.0,
10886116,11th Street North,residential,False,True,9.611,1020,912,44.0,0.0,2.0,None,None,None,None,,,,0.0,other,2.0,
10886116,11th Street North,residential,False,False,29.894,1021,325,44.0,0.001,2.0,None,None,None,None,,,,0.0,other,2.0,
10886116,11th Street North,residential,False,True,14.064,1022,912,44.0,0.0,2.0,None,None,None,None,,,,0.0,other,2.0,
10886116,11th Street North,residential,False,False,12.363,1023,325,44.0,0.0,2.0,None,None,None,None,,,,0.0,other,2.0,
10886116,11th Street North,residential,False,True,29.894,1024,912,44.0,0.001,2.0,None,None,None,None,,,,0.0,other,2.0,
10886116,11th Street North,residential,False,False,10.961,1025,325,44.0,0.0,2.0,None,None,None,None,,,,0.0,other,2.0,
10886116,11th Street North,residential,False,True,12.363,1026,912,44.0,0.0,2.0,None,None,None,None,,,,0.0,other,2.0,
10886116,11th Street North,residential,False,False,10.637,1027,325,44.0,0.0,2.0,None,None,None,None,,,,0.0,other,2.0,
10886116,11th Street North,residential,False,True,10.961,1028,912,44.0,0.0,2.0,None,None,None,None,,,,0.0,other,2.0,
10886116,11th Street North,residential,False,False,6.902,1029,325,44.0,0.0,2.0,None,None,None,None,,,,0.0,other,2.0,
10886116,11th Street North,residential,False,True,9.798,1030,912,44.0,0.0,2.0,None,None,None,None,,,,0.0,other,2.0,
10886116,11th Street North,residential,False,False,10.137,1031,911,44.0,0.0,2.0,None,None,None,None,,,,0.0,other,2.0,
10886116,11th Street North,residential,False,True,7.702,1032,912,44.0,0.0,2.0,None,None,None,None,,,,0.0,other,2.0,
10888757,5th Avenue North,residential,False,False,214.829,1033,910,44.0,0.005,2.0,None,None,None,None,0.05999999865889549,0.8100000023841858,0.4738888740539551,0.7062092494563142,other,2.0,5392.18
10886116,11th Street North,residential,False,False,9.849,1034,914,44.0,0.0,2.0,None,None,None,None,,,,0.0,other,2.0,
10886116,11th Street North,residential,False,True,88.819,1035,913,44.0,0.002,2.0,None,None,None,None,,,,0.0,other,2.0,
10887229,Palm Circle,residential,False,False,182.07,1036,915,44.0,0.004,2.0,None,None,None,None,,,,0.0,other,2.0,
10886116,11th Street North,residential,False,False,12.229,1037,914,44.0,0.0,2.0,None,None,None,None,,,,0.0,other,2.0,
10886116,11th Street North,residential,False,True,9.849,1038,905,44.0,0.0,2.0,None,None,None,None,,,,0.0,other,2.0,
10886116,11th Street North,residential,False,False,10.47,1039,914,44.0,0.0,2.0,None,None,None,None,,,,0.0,other,2.0,
10886116,11th Street North,residential,False,True,12.229,1040,905,44.0,0.0,2.0,None,None,None,None,,,,0.0,other,2.0,
10886116,11th Street North,residential,False,False,17.467,1041,914,44.0,0.0,2.0,None,None,None,None,,,,0.0,other,2.0,
10886116,11th Street North,residential,False,True,10.47,1042,905,44.0,0.0,2.0,None,None,None,None,,,,0.0,other,2.0,
10886116,11th Street North,residential,False,False,27.972,1043,914,44.0,0.001,2.0,None,None,None,None,,,,0.0,other,2.0,
10886116,11th Street North,residential,False,True,17.467,1044,905,44.0,0.0,2.0,None,None,None,None,,,,0.0,other,2.0,
10886116,11th Street North,residential,False,True,27.972,1045,905,44.0,0.001,2.0,None,None,None,None,,,,0.0,other,2.0,
83591046,8th Avenue North,residential,False,True,62.713,1046,914,44.0,0.001,2.0,None,None,None,None,0.07999999821186066,0.07999999821186066,0.07999999821186066,0.017511833842181232,other,2.0,6.59
10887552,15th Avenue South,residential,False,False,8.0,1047,916,44.0,0.0,2.0,None,None,None,None,2.049999952316284,2.0799999237060547,2.065000057220459,1.0,other,2.0,791.7
444454367,1st Street South,tertiary,False,False,6.458,1048,917,50.0,0.0,2.0,None,None,None,None,2.069999933242798,2.0799999237060547,2.0749998092651367,1.0,tertiary,2.0,747.31
444454367,1st Street South,tertiary,False,True,6.948,1049,918,50.0,0.0,2.0,None,None,None,None,2.0799999237060547,2.0799999237060547,2.0799999237060547,1.0,tertiary,2.0,804.93
10887552,15th Avenue South,residential,False,False,107.552,1050,919,44.0,0.002,2.0,None,None,None,None,0.07999999821186066,0.3499999940395355,0.18125000596046448,0.4875444048448951,other,2.0,712.81
10887552,15th Avenue South,residential,False,True,105.756,1051,920,44.0,0.002,2.0,None,None,None,None,0.27000001072883606,0.6899999976158142,0.4771428789411272,1.0,other,2.0,3784.55
85691270,South 8th Street,residential,False,False,104.843,1052,921,44.0,0.002,2.0,None,None,None,None,0.07000000029802322,0.46000000834465027,0.24499998092651368,0.7908985146301487,other,2.0,1523.66
85691270,South 8th Street,residential,False,True,104.054,1053,922,44.0,0.002,2.0,None,None,None,None,0.20999999344348907,0.7400000095367432,0.34099998474121096,0.7911533160867246,other,2.0,2105.4
10887552,15th Avenue South,residential,False,False,13.125,1054,867,44.0,0.0,2.0,None,None,None,None,0.7099999785423279,0.800000011920929,0.7599999904632568,1.0,other,2.0,666.22
10887552,15th Avenue South,residential,False,True,83.669,1055,226,44.0,0.002,2.0,None,None,None,None,0.28999999165534973,0.8199999928474426,0.6341666777928671,1.0,other,2.0,3710.09
10888754,5th Avenue North,residential,False,False,9.287,1056,1104,44.0,0.0,2.0,None,None,None,None,1.5700000524520874,1.5800000429153442,1.5750000476837158,1.0,other,2.0,787.07
10888754,5th Avenue North,residential,False,True,6.454,1057,831,44.0,0.0,2.0,None,None,None,None,1.5700000524520874,1.5700000524520874,1.5700000524520874,1.0,other,2.0,546.01
351669862,North 5th Street,residential,False,False,104.348,1058,923,44.0,0.002,2.0,None,None,None,None,1.4299999475479126,1.659999966621399,1.5361539400540865,1.0,other,2.0,8721.89
351669862,North 5th Street,residential,False,True,104.309,1059,924,44.0,0.002,2.0,None,None,None,None,1.399999976158142,1.6699999570846558,1.559230951162485,1.0,other,2.0,8790.84
444563942,5th Avenue North,residential,False,False,106.436,1060,925,44.0,0.002,2.0,None,None,None,None,0.8100000023841858,1.659999966621399,1.3106666564941407,1.0,other,2.0,7995.05
444563942,5th Avenue North,residential,False,True,105.888,1061,926,44.0,0.002,2.0,None,None,None,None,1.659999966621399,2.0199999809265137,1.882666524251302,1.0,other,2.0,9951.35
83591037,5th Avenue South,residential,False,False,8.179,1062,927,44.0,0.0,2.0,None,None,None,None,1.7899999618530273,1.7899999618530273,1.7899999618530273,1.0,other,2.0,745.92
444454367,1st Street South,tertiary,False,False,11.215,1063,928,50.0,0.0,2.0,None,None,None,None,1.2100000381469727,1.7899999618530273,1.5,1.0,tertiary,2.0,1079.44
444454367,1st Street South,tertiary,False,True,12.647,1064,929,50.0,0.0,2.0,None,None,None,None,1.7899999618530273,1.9299999475479126,1.8599998950958252,1.0,tertiary,2.0,1376.63
10894908,South 8th Street,residential,False,False,107.218,1065,930,44.0,0.002,2.0,None,None,None,None,0.7699999809265137,1.100000023841858,0.9138461626493014,1.0,other,2.0,6283.63
10894908,South 8th Street,residential,False,True,53.843,1066,932,44.0,0.001,2.0,None,None,None,None,0.7599999904632568,0.8700000047683716,0.8285713876996722,1.0,other,2.0,2921.37
83591037,5th Avenue South,residential,False,False,56.871,1067,933,44.0,0.001,2.0,None,None,None,None,0.6399999856948853,0.8500000238418579,0.7111111746893989,1.0,other,2.0,2744.97
83591037,5th Avenue South,residential,False,True,105.39,1068,931,44.0,0.002,2.0,None,None,None,None,0.8500000238418579,1.149999976158142,1.0399999618530273,1.0,other,2.0,6803.98
10889302,3rd Avenue North,residential,False,False,18.397,1069,934,44.0,0.0,2.0,None,None,None,None,1.590000033378601,1.6299999952316284,1.6166666348775227,1.0,other,2.0,1582.14
351669862,North 5th Street,residential,False,False,52.963,1070,935,44.0,0.001,2.0,None,None,None,None,1.440000057220459,1.5499999523162842,1.4725000858306885,1.0,other,2.0,4312.64
351669862,North 5th Street,residential,False,True,18.695,1071,936,44.0,0.0,2.0,None,None,None,None,1.3600000143051147,1.4800000190734863,1.4200000762939453,1.0,other,2.0,1484.01
444454418,3rd Avenue North,residential,False,False,34.306,1072,937,44.0,0.001,2.0,None,None,None,None,1.409999966621399,1.4900000095367432,1.4539999961853027,1.0,other,2.0,2768.7
444454418,3rd Avenue North,residential,False,True,15.327,1073,938,44.0,0.0,2.0,None,None,None,None,1.4800000190734863,1.6699999570846558,1.5700000524520874,1.0,other,2.0,1296.66
83591046,8th Avenue North,residential,False,False,6.662,1074,940,44.0,0.0,2.0,None,None,None,None,1.4199999570846558,1.4199999570846558,1.4199999570846558,1.0,other,2.0,528.83
687641943,1st Street North,tertiary,False,False,11.734,1075,939,50.0,0.0,2.0,None,None,None,None,1.409999966621399,1.4199999570846558,1.4149999618530273,1.0,tertiary,2.0,1084.02
687641943,1st Street North,tertiary,False,True,44.549,1076,941,50.0,0.001,2.0,None,None,None,None,1.190000057220459,1.4299999475479126,1.3271429879324776,1.0,tertiary,2.0,3937.46
444454367,1st Street South,tertiary,False,False,53.007,1077,942,50.0,0.001,2.0,None,None,None,None,2.130000114440918,2.4800000190734863,2.304999828338623,1.0,tertiary,2.0,6453.93
444454367,1st Street South,tertiary,False,True,22.127,1078,943,50.0,0.0,2.0,None,None,None,None,2.3299999237060547,2.4800000190734863,2.4100000063578286,1.0,tertiary,2.0,2755.09
683228856,3rd Avenue South,residential,False,False,9.755,1079,944,44.0,0.0,2.0,None,None,None,None,2.319999933242798,2.4800000190734863,2.4133334159851074,1.0,other,2.0,1041.83
10894908,South 8th Street,residential,False,False,24.453,1080,948,44.0,0.001,2.0,None,None,None,None,0.7900000214576721,0.8299999833106995,0.8100000222524008,1.0,other,2.0,1303.59
10894908,South 8th Street,residential,False,True,53.355,1081,945,44.0,0.001,2.0,None,None,None,None,0.7099999785423279,0.8399999737739563,0.781428609575544,1.0,other,2.0,2766.61
122483551,3rd Avenue South,residential,False,False,108.039,1082,946,44.0,0.002,2.0,None,None,None,None,0.2199999988079071,0.8299999833106995,0.5587499737739563,1.0,other,2.0,4375.17
122483551,3rd Avenue South,residential,False,True,106.604,1083,947,44.0,0.002,2.0,None,None,None,None,0.8299999833106995,1.0700000524520874,0.9749999727521624,1.0,other,2.0,6580.13
444454367,1st Street South,tertiary,False,False,33.788,1084,942,50.0,0.001,2.0,None,None,None,None,2.0999999046325684,2.2100000381469727,2.1639999389648437,1.0,tertiary,2.0,3988.84
444454367,1st Street South,tertiary,False,True,10.525,1085,333,50.0,0.0,2.0,None,None,None,None,2.200000047683716,2.2200000286102295,2.2100000381469727,1.0,tertiary,2.0,1255.24
444454367,1st Street South,tertiary,False,False,41.762,1086,332,50.0,0.001,2.0,None,None,None,None,1.8600000143051147,1.9500000476837158,1.8933334350585938,1.0,tertiary,2.0,4594.52
444454367,1st Street South,tertiary,False,True,43.154,1087,929,50.0,0.001,2.0,None,None,None,None,1.9500000476837158,2.109999895095825,2.0271427971976146,1.0,tertiary,2.0,4939.51
444454367,1st Street South,tertiary,False,False,14.15,1088,682,50.0,0.0,2.0,None,None,None,None,2.0199999809265137,2.0399999618530273,2.0333333015441895,1.0,tertiary,2.0,1621.94
444454367,1st Street South,tertiary,False,True,5.751,1089,951,50.0,0.0,2.0,None,None,None,None,2.0199999809265137,2.0299999713897705,2.0250000953674316,1.0,tertiary,2.0,657.95
122483554,8th Avenue South,residential,False,False,7.625,1090,949,44.0,0.0,2.0,None,None,None,None,2.259999990463257,2.2899999618530273,2.2750000953674316,1.0,other,2.0,790.62
444454367,1st Street South,tertiary,False,False,42.682,1091,950,50.0,0.001,2.0,None,None,None,None,2.2200000286102295,2.2899999618530273,2.2600000699361167,1.0,tertiary,2.0,5146.38
444454367,1st Street South,tertiary,False,True,22.182,1092,951,50.0,0.0,2.0,None,None,None,None,2.0999999046325684,2.259999990463257,2.1799999872843423,1.0,tertiary,2.0,2628.01
444454367,1st Street South,tertiary,False,False,3.506,1093,917,50.0,0.0,2.0,None,None,None,None,2.440000057220459,2.440000057220459,2.440000057220459,1.0,tertiary,2.0,439.3
444454367,1st Street South,tertiary,False,True,11.618,1094,97,50.0,0.0,2.0,None,None,None,None,2.369999885559082,2.440000057220459,2.4049999713897705,1.0,tertiary,2.0,1445.06
10889535,10th Place South,residential,False,False,8.68,1095,636,44.0,0.0,2.0,None,None,None,None,2.0199999809265137,2.0399999618530273,2.0266666412353516,1.0,other,2.0,851.51
10889535,10th Place South,residential,False,True,9.298,1096,585,44.0,0.0,2.0,None,None,None,None,2.0399999618530273,2.0399999618530273,2.0399999618530273,1.0,other,2.0,914.92
10889535,10th Place South,residential,False,False,4.553,1097,636,44.0,0.0,2.0,None,None,None,None,2.0199999809265137,2.0199999809265137,2.0199999809265137,1.0,other,2.0,445.97
10889535,10th Place South,residential,False,True,8.68,1098,585,44.0,0.0,2.0,None,None,None,None,2.0199999809265137,2.0399999618530273,2.0266666412353516,1.0,other,2.0,851.51
10889535,10th Place South,residential,False,False,9.147,1099,636,44.0,0.0,2.0,None,None,None,None,1.8700000047683716,2.0199999809265137,1.9449999332427979,1.0,other,2.0,876.74
10889535,10th Place South,residential,False,True,4.553,1100,585,44.0,0.0,2.0,None,None,None,None,2.0199999809265137,2.0199999809265137,2.0199999809265137,1.0,other,2.0,445.97
10889535,10th Place South,residential,False,False,31.506,1101,636,44.0,0.001,2.0,None,None,None,None,1.7699999809265137,1.8899999856948853,1.8440000534057617,1.0,other,2.0,2924.39
10889535,10th Place South,residential,False,True,9.147,1102,585,44.0,0.0,2.0,None,None,None,None,1.8700000047683716,2.0199999809265137,1.9449999332427979,1.0,other,2.0,876.74
10889535,10th Place South,residential,False,False,5.466,1103,881,44.0,0.0,2.0,None,None,None,None,0.9800000190734863,1.0299999713897705,1.0049999952316284,1.0,other,2.0,345.42
10889535,10th Place South,residential,False,True,54.835,1104,125,44.0,0.001,2.0,None,None,None,None,1.0299999713897705,1.2999999523162842,1.1299999782017298,1.0,other,2.0,3732.62
83591046,8th Avenue North,residential,False,False,106.61,1105,952,44.0,0.002,2.0,None,None,None,None,0.9900000095367432,1.1699999570846558,1.0746665954589845,1.0,other,2.0,7026.88
83591046,8th Avenue North,residential,False,True,105.998,1106,953,44.0,0.002,2.0,None,None,None,None,0.8299999833106995,1.2999999523162842,1.0066666920979819,1.0,other,2.0,6705.43
351669862,North 5th Street,residential,False,True,52.033,1107,954,44.0,0.001,2.0,None,None,None,None,1.0,1.1699999570846558,1.0671428271702357,1.0,other,2.0,3414.33
10894908,South 8th Street,residential,False,False,53.166,1108,955,44.0,0.001,2.0,None,None,None,None,1.0099999904632568,1.149999976158142,1.0657142911638533,1.0,other,2.0,3485.71
10894908,South 8th Street,residential,False,True,56.575,1109,956,44.0,0.001,2.0,None,None,None,None,0.5199999809265137,1.100000023841858,0.9414285932268415,1.0,other,2.0,3395.23
10897442,Shetter Avenue,residential,False,False,45.421,1110,957,44.0,0.001,2.0,None,None,None,None,0.75,1.0499999523162842,0.8814285142081124,1.0,other,2.0,2586.86
10897442,Shetter Avenue,residential,False,True,61.352,1111,958,44.0,0.001,2.0,None,None,None,None,0.8799999952316284,1.149999976158142,1.0111111534966364,1.0,other,2.0,3891.76
10894908,South 8th Street,residential,False,False,28.395,1112,948,44.0,0.001,2.0,None,None,None,None,0.75,0.8500000238418579,0.8020000457763672,1.0,other,2.0,1502.15
10894908,South 8th Street,residential,False,True,24.453,1113,355,44.0,0.001,2.0,None,None,None,None,0.7900000214576721,0.8299999833106995,0.8100000222524008,1.0,other,2.0,1303.59
10894908,South 8th Street,residential,False,False,102.182,1114,959,44.0,0.002,2.0,None,None,None,None,0.1599999964237213,0.5799999833106995,0.28083332379659015,1.0,other,2.0,2152.21
10894908,South 8th Street,residential,False,True,106.194,1115,960,44.0,0.002,2.0,None,None,None,None,0.38999998569488525,0.6700000166893005,0.552142858505249,1.0,other,2.0,4264.68
10896800,8th Avenue South,residential,False,False,106.813,1116,961,44.0,0.002,2.0,None,None,None,None,0.2800000011920929,0.7599999904632568,0.48285715920584543,1.0,other,2.0,3868.16
10896800,8th Avenue South,residential,False,True,59.028,1117,962,44.0,0.001,2.0,None,None,None,None,0.3799999952316284,0.6499999761581421,0.4577777650621202,1.0,other,2.0,2026.63
83591046,8th Avenue North,residential,False,False,95.629,1118,878,44.0,0.002,2.0,None,None,None,None,0.28999999165534973,0.8899999856948853,0.523571423121861,1.0,other,2.0,3701.05
83591046,8th Avenue North,residential,False,True,118.645,1119,390,44.0,0.003,2.0,None,None,None,None,0.8899999856948853,1.4299999475479126,1.2029412213493795,1.0,other,2.0,8413.68
10896800,8th Avenue South,residential,False,False,4.273,1120,119,44.0,0.0,2.0,None,None,None,None,0.7900000214576721,0.7900000214576721,0.7900000214576721,1.0,other,2.0,223.44
10896800,8th Avenue South,residential,False,True,6.069,1121,962,44.0,0.0,2.0,None,None,None,None,0.7900000214576721,0.8299999833106995,0.8100000023841858,1.0,other,2.0,323.54
10896800,8th Avenue South,residential,False,False,4.982,1122,119,44.0,0.0,2.0,None,None,None,None,0.6499999761581421,0.7900000214576721,0.7200000286102295,1.0,other,2.0,242.72
10896800,8th Avenue South,residential,False,True,4.273,1123,962,44.0,0.0,2.0,None,None,None,None,0.7900000214576721,0.7900000214576721,0.7900000214576721,1.0,other,2.0,223.44
10896800,8th Avenue South,residential,False,False,59.028,1124,119,44.0,0.001,2.0,None,None,None,None,0.3799999952316284,0.6499999761581421,0.4577777650621202,1.0,other,2.0,2026.63
10896800,8th Avenue South,residential,False,True,4.982,1125,962,44.0,0.0,2.0,None,None,None,None,0.6499999761581421,0.7900000214576721,0.7200000286102295,1.0,other,2.0,242.72
435255811,Beach Boulevard,primary,False,False,4.34,1126,26,56.0,0.0,4.0,US 90,35 mph,None,None,1.590000033378601,1.590000033378601,1.590000033378601,1.0,primary,4.0,1047.68
435255811,Beach Boulevard,primary,False,True,14.441,1127,30,56.0,0.0,4.0,US 90,35 mph,None,None,1.5399999618530273,1.590000033378601,1.5633333524068196,1.0,primary,4.0,3453.32
10876203,6th Avenue South,residential,False,True,11.933,1128,965,44.0,0.0,2.0,None,None,None,None,2.119999885559082,2.1500000953674316,2.1299999554951987,1.0,other,2.0,1198.37
122483553,6th Avenue South,residential,False,False,77.69,1129,963,44.0,0.002,2.0,None,None,None,None,2.049999952316284,2.1600000858306885,2.1150001525878905,1.0,other,2.0,7775.8
122483553,6th Avenue South,residential,False,True,27.74,1130,964,44.0,0.001,2.0,None,None,None,None,2.109999895095825,2.1700000762939453,2.1259998321533202,1.0,other,2.0,2783.29
10876203,6th Avenue South,residential,False,False,36.943,1131,687,44.0,0.001,2.0,None,None,None,None,1.8300000429153442,1.899999976158142,1.8480001449584962,1.0,other,2.0,3433.48
10876203,6th Avenue South,residential,False,True,9.491,1132,582,44.0,0.0,2.0,None,None,None,None,1.8300000429153442,1.8600000143051147,1.8450000286102295,1.0,other,2.0,881.24
10876203,6th Avenue South,residential,False,False,10.019,1133,581,44.0,0.0,2.0,None,None,None,None,2.109999895095825,2.1500000953674316,2.1366666158040366,1.0,other,2.0,1007.66
10876203,6th Avenue South,residential,False,True,19.81,1134,965,44.0,0.0,2.0,None,None,None,None,1.9500000476837158,2.109999895095825,2.0399999618530273,1.0,other,2.0,1949.3
10882814,South 4th Street,residential,False,False,6.406,1135,582,44.0,0.0,2.0,None,None,None,None,1.850000023841858,1.850000023841858,1.850000023841858,1.0,other,2.0,595.76
10882814,South 4th Street,residential,False,True,5.758,1136,687,44.0,0.0,2.0,None,None,None,None,1.850000023841858,1.8600000143051147,1.8550000190734863,1.0,other,2.0,536.36
10879843,South 6th Street,residential,False,True,42.817,1137,966,44.0,0.001,2.0,None,None,None,None,1.2200000286102295,1.3600000143051147,1.275000015894572,1.0,other,2.0,3156.68
687641943,1st Street North,tertiary,False,False,12.673,1138,1108,50.0,0.0,2.0,None,None,None,None,1.3799999952316284,1.4500000476837158,1.413333257039388,1.0,tertiary,2.0,1169.8
687641943,1st Street North,tertiary,False,True,5.938,1139,534,50.0,0.0,2.0,None,None,None,None,1.4500000476837158,1.4500000476837158,1.4500000476837158,1.0,tertiary,2.0,558.02
10875398,16th Avenue South,residential,False,True,36.288,1140,967,44.0,0.001,2.0,None,None,None,None,1.9800000190734863,2.2899999618530273,2.1883331934611,1.0,other,2.0,3691.85
444454367,1st Street South,tertiary,False,False,14.379,1141,917,50.0,0.0,2.0,None,None,None,None,2.069999933242798,2.140000104904175,2.1050000190734863,1.0,tertiary,2.0,1675.24
444454367,1st Street South,tertiary,False,True,6.458,1142,97,50.0,0.0,2.0,None,None,None,None,2.069999933242798,2.0799999237060547,2.0749998092651367,1.0,tertiary,2.0,747.31
444454367,1st Street South,tertiary,False,False,6.948,1143,251,50.0,0.0,2.0,None,None,None,None,2.0799999237060547,2.0799999237060547,2.0799999237060547,1.0,tertiary,2.0,804.93
444454367,1st Street South,tertiary,False,True,46.227,1144,918,50.0,0.001,2.0,None,None,None,None,2.0399999618530273,2.0899999141693115,2.067142759050642,1.0,tertiary,2.0,5339.8
444454367,1st Street South,tertiary,False,False,44.702,1145,251,50.0,0.001,2.0,None,None,None,None,2.0399999618530273,2.109999895095825,2.0783333778381348,1.0,tertiary,2.0,5176.77
444454367,1st Street South,tertiary,False,True,7.072,1146,918,50.0,0.0,2.0,None,None,None,None,2.109999895095825,2.200000047683716,2.1549999713897705,1.0,tertiary,2.0,833.21
444454367,1st Street South,tertiary,False,False,6.738,1147,805,50.0,0.0,2.0,None,None,None,None,2.109999895095825,2.200000047683716,2.1549999713897705,1.0,tertiary,2.0,793.86
444454367,1st Street South,tertiary,False,True,15.586,1148,252,50.0,0.0,2.0,None,None,None,None,2.109999895095825,2.1600000858306885,2.1366666158040366,1.0,tertiary,2.0,1828.82
444454367,1st Street South,tertiary,False,False,15.086,1149,127,50.0,0.0,2.0,None,None,None,None,2.430000066757202,2.490000009536743,2.4633334477742515,1.0,tertiary,2.0,1899.52
444454367,1st Street South,tertiary,False,True,13.729,1150,806,50.0,0.0,2.0,None,None,None,None,2.4700000286102295,2.569999933242798,2.506666819254557,1.0,tertiary,2.0,1744.27
444454367,1st Street South,tertiary,False,False,13.729,1151,127,50.0,0.0,2.0,None,None,None,None,2.4700000286102295,2.569999933242798,2.506666819254557,1.0,tertiary,2.0,1744.27
444454367,1st Street South,tertiary,False,True,15.21,1152,806,50.0,0.0,2.0,None,None,None,None,2.569999933242798,2.5799999237060547,2.5749998092651367,1.0,tertiary,2.0,1959.71
444454367,1st Street South,tertiary,False,False,39.244,1153,628,50.0,0.001,2.0,None,None,None,None,1.9900000095367432,2.0399999618530273,2.015999984741211,1.0,tertiary,2.0,4480.49
444454367,1st Street South,tertiary,False,True,7.143,1154,748,50.0,0.0,2.0,None,None,None,None,1.940000057220459,1.9900000095367432,1.965000033378601,1.0,tertiary,2.0,803.77
444454367,1st Street South,tertiary,False,False,7.159,1155,770,50.0,0.0,2.0,None,None,None,None,1.940000057220459,1.9800000190734863,1.9600000381469727,1.0,tertiary,2.0,804.31
444454367,1st Street South,tertiary,False,True,25.283,1156,629,50.0,0.001,2.0,None,None,None,None,1.9800000190734863,2.0,1.9875000715255737,1.0,tertiary,2.0,2864.88
444454367,1st Street South,tertiary,False,False,45.491,1157,770,50.0,0.001,2.0,None,None,None,None,1.7999999523162842,2.069999933242798,1.9599998792012532,1.0,tertiary,2.0,5110.91
444454367,1st Street South,tertiary,False,True,6.854,1158,629,50.0,0.0,2.0,None,None,None,None,1.9299999475479126,2.1600000858306885,2.0450000762939453,1.0,tertiary,2.0,787.74
444454367,1st Street South,tertiary,False,False,4.4,1159,950,50.0,0.0,2.0,None,None,None,None,2.1600000858306885,2.1600000858306885,2.1600000858306885,1.0,tertiary,2.0,518.98
444454367,1st Street South,tertiary,False,True,18.199,1160,771,50.0,0.0,2.0,None,None,None,None,2.130000114440918,2.200000047683716,2.163333257039388,1.0,tertiary,2.0,2148.16
444454367,1st Street South,tertiary,False,False,14.696,1161,682,50.0,0.0,2.0,None,None,None,None,1.940000057220459,1.9900000095367432,1.9699999491373699,1.0,tertiary,2.0,1656.24
444454367,1st Street South,tertiary,False,True,6.237,1162,951,50.0,0.0,2.0,None,None,None,None,1.9900000095367432,2.0799999237060547,2.0349998474121094,1.0,tertiary,2.0,715.19
444454367,1st Street South,tertiary,False,False,7.034,1163,560,50.0,0.0,2.0,None,None,None,None,2.0799999237060547,2.0799999237060547,2.0799999237060547,1.0,tertiary,2.0,814.89
444454367,1st Street South,tertiary,False,True,15.2,1164,683,50.0,0.0,2.0,None,None,None,None,1.9600000381469727,2.0799999237060547,2.0266666412353516,1.0,tertiary,2.0,1739.64
444454367,1st Street South,tertiary,False,False,17.808,1165,560,50.0,0.0,2.0,None,None,None,None,1.8799999952316284,2.0199999809265137,1.9299999872843425,1.0,tertiary,2.0,1982.03
444454367,1st Street South,tertiary,False,True,4.697,1166,683,50.0,0.0,2.0,None,None,None,None,2.0199999809265137,2.0199999809265137,2.0199999809265137,1.0,tertiary,2.0,536.75
444454367,1st Street South,tertiary,False,False,43.154,1167,332,50.0,0.001,2.0,None,None,None,None,1.9500000476837158,2.109999895095825,2.0271427971976146,1.0,tertiary,2.0,4939.51
444454367,1st Street South,tertiary,False,True,6.951,1168,929,50.0,0.0,2.0,None,None,None,None,2.109999895095825,2.109999895095825,2.109999895095825,1.0,tertiary,2.0,810.75
444454367,1st Street South,tertiary,False,False,9.125,1169,942,50.0,0.0,2.0,None,None,None,None,2.0999999046325684,2.109999895095825,2.1050000190734863,1.0,tertiary,2.0,1063.12
444454367,1st Street South,tertiary,False,True,33.788,1170,333,50.0,0.001,2.0,None,None,None,None,2.0999999046325684,2.2100000381469727,2.1639999389648437,1.0,tertiary,2.0,3988.84
351669853,Beach Boulevard,residential,True,False,3.116,1171,1076,44.0,0.0,2.0,None,None,None,None,1.7300000190734863,1.7300000190734863,1.7300000190734863,1.0,other,2.0,278.57
444454368,1st Street North,tertiary,False,False,45.865,1172,1099,50.0,0.001,2.0,None,None,None,None,1.5399999618530273,1.7000000476837158,1.6028571810041154,1.0,tertiary,2.0,4579.62
444454368,1st Street North,tertiary,False,True,20.305,1173,973,50.0,0.0,2.0,None,None,None,None,1.5099999904632568,1.5700000524520874,1.543333371480306,1.0,tertiary,2.0,1985.15
683228866,2nd Street North,residential,False,False,19.088,1174,441,40.0,0.0,2.0,None,25 mph,None,None,1.7300000190734863,1.840000033378601,1.777500033378601,1.0,other,2.0,1733.67
683228866,2nd Street North,residential,False,True,4.923,1175,1071,40.0,0.0,2.0,None,25 mph,None,None,1.840000033378601,1.840000033378601,1.840000033378601,1.0,other,2.0,456.36
10874354,1st Avenue North,residential,False,False,15.16,1176,438,44.0,0.0,2.0,None,None,None,None,1.7100000381469727,1.8600000143051147,1.786666711171468,1.0,other,2.0,1381.08
10874354,1st Avenue North,residential,False,True,12.449,1177,440,44.0,0.0,2.0,None,None,None,None,1.7100000381469727,1.7100000381469727,1.7100000381469727,1.0,other,2.0,1105.47
10874354,1st Avenue North,residential,False,False,12.367,1178,438,44.0,0.0,2.0,None,None,None,None,1.5499999523162842,1.7100000381469727,1.6333332061767578,1.0,other,2.0,1069.75
10874354,1st Avenue North,residential,False,True,30.367,1179,440,44.0,0.001,2.0,None,None,None,None,1.5499999523162842,1.7699999809265137,1.6760000228881835,1.0,other,2.0,2665.62
10874354,1st Avenue North,residential,False,False,30.367,1180,438,44.0,0.001,2.0,None,None,None,None,1.5499999523162842,1.7699999809265137,1.6760000228881835,1.0,other,2.0,2665.62
10874354,1st Avenue North,residential,False,True,30.119,1181,440,44.0,0.001,2.0,None,None,None,None,1.590000033378601,1.6699999570846558,1.6439998626708985,1.0,other,2.0,2614.93
10889302,3rd Avenue North,residential,False,False,2.103,1182,826,44.0,0.0,2.0,None,None,None,None,1.9800000190734863,1.9800000190734863,1.9800000190734863,1.0,other,2.0,203.78
10889302,3rd Avenue North,residential,False,True,14.33,1183,395,44.0,0.0,2.0,None,None,None,None,1.9299999475479126,1.9800000190734863,1.9549999237060547,1.0,other,2.0,1377.83
10889302,3rd Avenue North,residential,False,False,7.683,1184,826,44.0,0.0,2.0,None,None,None,None,1.840000033378601,1.8600000143051147,1.850000023841858,1.0,other,2.0,714.52
10889302,3rd Avenue North,residential,False,True,23.379,1185,395,44.0,0.001,2.0,None,None,None,None,1.7200000286102295,1.840000033378601,1.7766666412353516,1.0,other,2.0,2122.81
10889302,3rd Avenue North,residential,False,False,23.379,1186,826,44.0,0.001,2.0,None,None,None,None,1.7200000286102295,1.840000033378601,1.7766666412353516,1.0,other,2.0,2122.81
10889302,3rd Avenue North,residential,False,True,3.205,1187,395,44.0,0.0,2.0,None,None,None,None,1.7200000286102295,1.7400000095367432,1.7300000190734863,1.0,other,2.0,286.53
683228868,4th Avenue North,residential,False,False,49.176,1188,300,44.0,0.001,2.0,None,None,None,None,1.7400000095367432,1.8200000524520874,1.791428565979004,1.0,other,2.0,4486.96
683228868,4th Avenue North,residential,False,True,7.453,1189,297,44.0,0.0,2.0,None,None,None,None,1.7400000095367432,1.840000033378601,1.7899999618530273,1.0,other,2.0,679.71
10888754,5th Avenue North,residential,False,False,9.16,1190,830,44.0,0.0,2.0,None,None,None,None,1.8600000143051147,1.9800000190734863,1.933333396911621,1.0,other,2.0,874.78
10888754,5th Avenue North,residential,False,True,32.543,1191,999,44.0,0.001,2.0,None,None,None,None,1.7599999904632568,1.9500000476837158,1.8579999923706054,1.0,other,2.0,3034.31
122885307,None,residential,False,True,29.528,1192,968,44.0,0.001,2.0,None,None,None,private,0.10999999940395355,0.2800000011920929,0.17799999713897705,1.0,other,2.0,394.2
122885310,None,residential,False,True,145.243,1193,969,44.0,0.003,2.0,None,None,None,None,0.07999999821186066,0.3499999940395355,0.1887499988079071,1.0,other,2.0,2056.1
122885311,None,residential,False,False,21.72,1194,970,44.0,0.0,2.0,None,None,None,None,0.14000000059604645,0.20999999344348907,0.17333332697550455,1.0,other,2.0,282.36
122885311,None,residential,False,True,19.838,1195,971,44.0,0.0,2.0,None,None,None,None,0.10999999940395355,0.20999999344348907,0.1599999964237213,0.5051604209988481,other,2.0,120.26
122885307,None,residential,False,False,29.528,1196,970,44.0,0.001,2.0,None,None,None,private,0.10999999940395355,0.2800000011920929,0.17799999713897705,1.0,other,2.0,394.2
122885311,None,residential,False,True,1.815,1197,968,44.0,0.0,2.0,None,None,None,None,0.14000000059604645,0.14000000059604645,0.14000000059604645,1.0,other,2.0,19.06
122885308,None,residential,False,True,31.024,1198,971,44.0,0.001,2.0,None,None,None,private,0.12999999523162842,0.12999999523162842,0.12999999523162842,0.28254615087675605,other,2.0,85.47
122885311,None,residential,False,False,19.838,1199,972,44.0,0.0,2.0,None,None,None,None,0.10999999940395355,0.20999999344348907,0.1599999964237213,0.5051604209988481,other,2.0,120.26
122885308,None,residential,False,False,31.024,1200,972,44.0,0.001,2.0,None,None,None,private,0.12999999523162842,0.12999999523162842,0.12999999523162842,0.28254615087675605,other,2.0,85.47
10897442,Shetter Avenue,residential,False,True,81.924,1201,969,44.0,0.002,2.0,None,None,None,None,0.28999999165534973,0.550000011920929,0.40000000866976654,1.0,other,2.0,2457.72
122885310,None,residential,False,False,145.243,1202,720,44.0,0.003,2.0,None,None,None,None,0.07999999821186066,0.3499999940395355,0.1887499988079071,1.0,other,2.0,2056.1
683228866,2nd Street North,residential,False,False,9.206,1203,441,40.0,0.0,2.0,None,25 mph,None,None,1.6299999952316284,1.7000000476837158,1.6649999618530273,1.0,other,2.0,805.06
683228866,2nd Street North,residential,False,True,9.244,1204,1071,40.0,0.0,2.0,None,25 mph,None,None,1.7000000476837158,1.75,1.725000023841858,1.0,other,2.0,825.03
444454368,1st Street North,tertiary,False,True,13.435,1205,973,50.0,0.0,2.0,None,None,None,None,1.5499999523162842,1.590000033378601,1.5733334223429363,1.0,tertiary,2.0,1327.6
683228866,2nd Street North,residential,False,False,22.985,1206,441,40.0,0.001,2.0,None,25 mph,None,None,1.8899999856948853,1.899999976158142,1.896666685740153,1.0,other,2.0,2169.78
683228866,2nd Street North,residential,False,True,11.265,1207,1071,40.0,0.0,2.0,None,25 mph,None,None,1.8600000143051147,1.899999976158142,1.8799999952316284,1.0,other,2.0,1057.78
123282843,Beach Boulevard,primary,True,False,15.426,1208,974,56.0,0.0,2.0,US 90,35 mph,None,None,0.8299999833106995,0.8399999737739563,0.8366666634877523,1.0,primary,2.0,1405.57
128600936,Beach Boulevard,primary,False,False,33.118,1209,975,56.0,0.001,5.0,US 90,35 mph,None,None,0.8399999737739563,0.9200000166893005,0.8780000686645508,1.0,primary,5.0,6267.91
444454376,2nd Avenue North,residential,False,False,8.423,1210,150,44.0,0.0,2.0,None,None,None,None,2.0399999618530273,2.0399999618530273,2.0399999618530273,1.0,other,2.0,828.82
444454376,2nd Avenue North,residential,False,True,5.739,1211,155,44.0,0.0,2.0,None,None,None,None,1.940000057220459,2.0399999618530273,1.9900000095367432,1.0,other,2.0,557.83
444454376,2nd Avenue North,residential,False,False,28.117,1212,150,44.0,0.001,2.0,None,None,None,None,1.7599999904632568,1.940000057220459,1.8500001430511475,1.0,other,2.0,2614.88
444454376,2nd Avenue North,residential,False,True,13.049,1213,155,44.0,0.0,2.0,None,None,None,None,1.7400000095367432,1.7599999904632568,1.7533334096272786,1.0,other,2.0,1175.71
444454376,2nd Avenue North,residential,False,False,3.902,1214,150,44.0,0.0,2.0,None,None,None,None,1.6699999570846558,1.6699999570846558,1.6699999570846558,1.0,other,2.0,341.82
444454376,2nd Avenue North,residential,False,True,17.824,1215,155,44.0,0.0,2.0,None,None,None,None,1.6699999570846558,1.8600000143051147,1.8125,1.0,other,2.0,1637.58
444454376,2nd Avenue North,residential,False,False,15.316,1216,149,44.0,0.0,2.0,None,None,None,None,1.8300000429153442,1.940000057220459,1.8833333651224773,1.0,other,2.0,1439.7
444454376,2nd Avenue North,residential,False,True,23.139,1217,151,44.0,0.001,2.0,None,None,None,None,1.7000000476837158,1.8300000429153442,1.747499942779541,1.0,other,2.0,2080.77
444454376,2nd Avenue North,residential,False,False,23.139,1218,149,44.0,0.001,2.0,None,None,None,None,1.7000000476837158,1.8300000429153442,1.747499942779541,1.0,other,2.0,2080.77
444454376,2nd Avenue North,residential,False,True,6.438,1219,151,44.0,0.0,2.0,None,None,None,None,1.7000000476837158,1.7000000476837158,1.7000000476837158,1.0,other,2.0,569.76
444454376,2nd Avenue North,residential,False,False,25.271,1220,149,44.0,0.001,2.0,None,None,None,None,1.4600000381469727,1.7000000476837158,1.6180000305175781,1.0,other,2.0,2174.32
444454376,2nd Avenue North,residential,False,True,9.754,1221,151,44.0,0.0,2.0,None,None,None,None,1.659999966621399,1.6799999475479126,1.6699999570846558,1.0,other,2.0,854.45
126448299,Beach Boulevard,primary,True,False,49.795,1222,976,56.0,0.001,2.0,US 90,35 mph,None,None,0.47999998927116394,0.8399999737739563,0.7271428789411273,1.0,primary,2.0,4073.59
83591040,16th Avenue South,residential,False,True,76.116,1223,977,44.0,0.002,2.0,None,None,None,None,0.11999999731779099,0.6800000071525574,0.4190909212285822,1.0,other,2.0,2392.46
10884136,South 9th Street,tertiary,False,False,40.374,1224,147,50.0,0.001,2.0,None,None,None,None,0.8799999952316284,1.190000057220459,1.0183334350585938,1.0,tertiary,2.0,3001.17
10884136,South 9th Street,tertiary,False,True,4.63,1225,792,50.0,0.0,2.0,None,None,None,None,1.0399999618530273,1.0700000524520874,1.0550000667572021,1.0,tertiary,2.0,351.89
83591067,12th Avenue South,residential,False,False,99.608,1226,134,44.0,0.002,2.0,None,None,None,None,1.6299999952316284,2.200000047683716,1.9138460892897387,1.0,other,2.0,9454.33
83591067,12th Avenue South,residential,False,True,6.772,1227,138,44.0,0.0,2.0,None,None,None,None,2.190000057220459,2.2100000381469727,2.2000001271565757,1.0,other,2.0,690.74
10882814,South 4th Street,residential,False,False,9.153,1228,814,44.0,0.0,2.0,None,None,None,None,2.680000066757202,2.680000066757202,2.680000066757202,1.0,other,2.0,1032.46
10882814,South 4th Street,residential,False,True,12.796,1229,1077,44.0,0.0,2.0,None,None,None,None,2.5199999809265137,2.680000066757202,2.5799999237060547,1.0,other,2.0,1414.6
10882793,13th Avenue South,residential,False,False,35.434,1230,1081,44.0,0.001,2.0,None,None,None,None,0.5099999904632568,0.6899999976158142,0.5940000057220459,1.0,other,2.0,1498.65
10882793,13th Avenue South,residential,False,True,57.478,1231,101,44.0,0.001,2.0,None,None,None,None,0.10999999940395355,0.5400000214576721,0.3460000276565552,0.6694557724084773,other,2.0,998.53
10878786,10th Street South,residential,False,False,8.365,1232,716,44.0,0.0,2.0,None,None,None,None,0.75,0.9399999976158142,0.8450000286102295,1.0,other,2.0,460.87
10878786,10th Street South,residential,False,True,40.141,1233,148,44.0,0.001,2.0,None,None,None,None,0.5299999713897705,0.9200000166893005,0.7266666889190674,1.0,other,2.0,1969.32
444563942,5th Avenue North,residential,False,False,39.23,1234,1106,44.0,0.001,2.0,None,None,None,None,1.8899999856948853,2.0,1.9579999923706055,1.0,other,2.0,3775.5
444563942,5th Avenue North,residential,False,True,11.543,1235,273,44.0,0.0,2.0,None,None,None,None,1.7100000381469727,1.9500000476837158,1.8650000095367432,1.0,other,2.0,1078.69
10876203,6th Avenue South,residential,False,False,11.933,1236,581,44.0,0.0,2.0,None,None,None,None,2.119999885559082,2.1500000953674316,2.1299999554951987,1.0,other,2.0,1198.37
10876203,6th Avenue South,residential,False,True,10.019,1237,965,44.0,0.0,2.0,None,None,None,None,2.109999895095825,2.1500000953674316,2.1366666158040366,1.0,other,2.0,1007.66
202526447,Beach Boulevard,primary,True,False,19.176,1238,981,56.0,0.0,2.0,US 90,35 mph,None,None,1.8700000047683716,1.9199999570846558,1.903333346048991,1.0,primary,2.0,3023.42
123282843,Beach Boulevard,primary,True,False,27.711,1239,974,56.0,0.0,2.0,US 90,35 mph,None,None,0.6899999976158142,0.75,0.7250000238418579,1.0,primary,2.0,2261.91
10873111,North 4th Street,residential,False,False,13.99,1240,979,44.0,0.0,2.0,None,None,None,None,1.9500000476837158,2.009999990463257,1.9800000190734863,1.0,other,2.0,1355.63
10882817,South 4th Street,residential,False,False,12.09,1241,980,44.0,0.0,2.0,None,None,None,None,1.9500000476837158,2.009999990463257,1.9900000890096028,1.0,other,2.0,1175.15
202526447,Beach Boulevard,primary,True,False,42.247,1242,981,56.0,0.001,2.0,US 90,35 mph,None,None,1.9199999570846558,2.009999990463257,1.9649999936421711,1.0,primary,2.0,6791.21
435255811,Beach Boulevard,primary,False,True,108.029,1243,978,56.0,0.002,4.0,US 90,35 mph,None,None,1.7599999904632568,2.009999990463257,1.8423077509953425,1.0,primary,4.0,28395.01
1126937650,Beach Boulevard,primary,True,False,65.745,1244,985,56.0,0.001,2.0,US 90,35 mph,None,None,1.8600000143051147,2.009999990463257,1.9329999923706054,1.0,primary,2.0,10463.32
10874185,3rd Street North,primary,True,False,14.204,1245,983,56.0,0.0,2.0,FL A1A,35 mph,None,None,1.7000000476837158,1.7799999713897705,1.7400000095367432,1.0,primary,2.0,2123.5
202526445,Beach Boulevard,primary,True,False,17.302,1246,982,56.0,0.0,2.0,US 90,35 mph,None,None,1.7000000476837158,1.7699999809265137,1.7300000190734863,1.0,primary,2.0,2578.0
10874185,3rd Street North,primary,True,False,19.116,1247,983,56.0,0.0,2.0,FL A1A,35 mph,None,None,1.7000000476837158,1.8300000429153442,1.7466667493184407,1.0,primary,2.0,2864.21
10874185,3rd Street North,primary,True,False,21.63,1248,983,56.0,0.0,2.0,FL A1A,35 mph,None,None,1.7300000190734863,1.7599999904632568,1.75,1.0,primary,2.0,3244.5
1126937650,Beach Boulevard,primary,True,False,10.936,1249,985,56.0,0.0,2.0,US 90,35 mph,None,None,1.7699999809265137,1.8300000429153442,1.7999999523162842,1.0,primary,2.0,1667.74
1126937651,3rd Street North,primary,True,False,12.311,1250,984,56.0,0.0,2.0,FL A1A,35 mph,None,None,1.7200000286102295,1.7699999809265137,1.7533334096272786,1.0,primary,2.0,1848.7
1311372008,3rd Street North,primary,True,False,31.858,1251,987,56.0,0.001,2.0,FL A1A,35 mph,None,None,1.690000057220459,1.840000033378601,1.7949999173482258,1.0,primary,2.0,4850.38
10876762,Pablo Avenue,residential,False,False,21.817,1252,986,44.0,0.0,2.0,None,None,None,None,1.7400000095367432,1.8600000143051147,1.7749998569488525,1.0,other,2.0,1979.89
1311372008,3rd Street North,primary,True,False,22.529,1253,987,56.0,0.0,2.0,FL A1A,35 mph,None,None,1.8200000524520874,1.8600000143051147,1.846666653951009,1.0,primary,2.0,3488.24
288716648,3rd Street North,primary,True,False,26.392,1254,990,56.0,0.0,2.0,FL A1A,35 mph,None,None,1.8600000143051147,1.899999976158142,1.8866666158040364,1.0,primary,2.0,4139.15
10874354,1st Avenue North,residential,False,False,35.633,1255,989,44.0,0.001,2.0,None,None,None,None,1.6799999475479126,1.899999976158142,1.8250001271565754,1.0,other,2.0,3287.14
10874354,1st Avenue North,residential,False,True,11.479,1256,988,44.0,0.0,2.0,None,None,None,None,1.6799999475479126,1.6799999475479126,1.6799999475479126,1.0,other,2.0,1009.0
288716648,3rd Street North,primary,True,False,59.065,1257,990,56.0,0.001,2.0,FL A1A,35 mph,None,None,1.6799999475479126,1.7899999618530273,1.7324999570846558,1.0,primary,2.0,8808.07
288716648,3rd Street North,primary,True,False,21.169,1258,992,56.0,0.0,2.0,FL A1A,35 mph,None,None,1.9600000381469727,2.009999990463257,1.9833332697550456,1.0,primary,2.0,3422.32
351754106,2nd Avenue North,residential,False,False,107.694,1259,991,44.0,0.002,2.0,None,None,None,None,1.7000000476837158,2.0,1.8900001525878907,1.0,other,2.0,10144.78
288716648,3rd Street North,primary,True,False,51.156,1260,993,56.0,0.001,2.0,FL A1A,35 mph,None,None,1.7699999809265137,2.0199999809265137,1.8700000217982702,1.0,primary,2.0,7980.34
444454418,3rd Avenue North,residential,False,False,47.37,1261,994,44.0,0.001,2.0,None,None,None,None,1.909999966621399,2.059999942779541,2.0,1.0,other,2.0,4618.58
83634153,4th Avenue North,residential,False,False,12.298,1262,995,44.0,0.0,2.0,None,None,None,None,1.9500000476837158,2.059999942779541,2.0233333905537925,1.0,other,2.0,1205.51
83634153,4th Avenue North,residential,False,True,34.059,1263,996,44.0,0.001,2.0,None,None,None,None,1.8899999856948853,2.059999942779541,1.9739999771118164,1.0,other,2.0,3294.19
288716648,3rd Street North,primary,True,False,52.089,1264,997,56.0,0.001,2.0,FL A1A,35 mph,None,None,1.840000033378601,2.059999942779541,1.937143053327288,1.0,primary,2.0,8300.75
10888754,5th Avenue North,residential,False,True,10.558,1265,999,44.0,0.0,2.0,None,None,None,None,1.7799999713897705,1.7799999713897705,1.7799999713897705,1.0,other,2.0,959.72
351754104,3rd Street North,primary,True,False,100.875,1266,998,56.0,0.002,2.0,FL A1A,35 mph,None,None,1.7200000286102295,2.009999990463257,1.894615466778095,1.0,primary,2.0,15860.65
10876164,6th Avenue North,residential,False,False,18.677,1267,1001,44.0,0.0,2.0,None,None,None,None,1.8700000047683716,2.049999952316284,1.9774999618530273,1.0,other,2.0,1808.4
10876164,6th Avenue North,residential,False,True,12.272,1268,1000,44.0,0.0,2.0,None,None,None,None,1.9700000286102295,2.0,1.9850000143051147,1.0,other,2.0,1191.0
288716648,3rd Street North,primary,True,False,35.914,1269,1002,56.0,0.001,2.0,FL A1A,35 mph,None,None,1.9900000095367432,2.0199999809265137,2.0060001373291017,1.0,primary,2.0,5844.11
10878701,7th Avenue North,residential,False,False,21.485,1270,1004,44.0,0.0,2.0,None,None,None,None,1.7200000286102295,1.909999966621399,1.7899999618530273,1.0,other,2.0,1959.43
10878701,7th Avenue North,residential,False,True,12.872,1271,1003,44.0,0.0,2.0,None,None,None,None,1.7899999618530273,1.909999966621399,1.8499999046325684,1.0,other,2.0,1197.1
288716648,3rd Street North,primary,True,False,47.211,1272,1005,56.0,0.001,2.0,FL A1A,35 mph,None,None,1.8600000143051147,1.9800000190734863,1.9099998474121094,1.0,primary,2.0,7459.34
83591046,8th Avenue North,residential,False,False,27.411,1273,1008,44.0,0.001,2.0,None,None,None,None,1.3600000143051147,2.0199999809265137,1.7049999237060547,1.0,other,2.0,2429.99
83591046,8th Avenue North,residential,False,True,13.42,1274,1006,44.0,0.0,2.0,None,None,None,None,1.9199999570846558,1.9199999570846558,1.9199999570846558,1.0,other,2.0,1276.24
288716648,3rd Street North,primary,True,False,104.557,1275,1007,56.0,0.002,2.0,FL A1A,35 mph,None,None,1.3600000143051147,1.9199999570846558,1.7207691486065204,1.0,primary,2.0,15530.74
83591065,16th Avenue South,tertiary,False,False,13.585,1276,1009,50.0,0.0,2.0,None,None,None,None,2.4700000286102295,2.619999885559082,2.5233332316080728,1.0,tertiary,2.0,1731.92
83591065,16th Avenue South,tertiary,False,True,7.765,1277,1010,50.0,0.0,2.0,None,None,None,None,2.4700000286102295,2.690000057220459,2.5799999237060547,1.0,tertiary,2.0,1001.49
434303813,3rd Street South,primary,True,False,10.013,1278,1011,56.0,0.0,2.0,FL A1A,35 mph,None,None,2.450000047683716,2.509999990463257,2.4766667683919272,1.0,primary,2.0,1806.09
10887552,15th Avenue South,residential,False,False,14.552,1279,1012,44.0,0.0,2.0,None,None,None,None,2.309999942779541,2.359999895095825,2.3266666730244956,1.0,other,2.0,1525.78
10887552,15th Avenue South,residential,False,True,6.569,1280,1013,44.0,0.0,2.0,None,None,None,None,2.309999942779541,2.309999942779541,2.309999942779541,1.0,other,2.0,686.3
434303813,3rd Street South,primary,True,False,43.164,1281,1014,56.0,0.001,2.0,FL A1A,35 mph,None,None,2.309999942779541,2.440000057220459,2.354999860127767,1.0,primary,2.0,7588.77
434303813,3rd Street South,primary,True,False,40.544,1282,1016,56.0,0.001,2.0,FL A1A,35 mph,None,None,2.450000047683716,2.6600000858306885,2.544999917348226,1.0,primary,2.0,7417.02
707606486,14th Avenue South,residential,False,False,6.143,1283,1017,44.0,0.0,2.0,None,None,None,None,2.569999933242798,2.5799999237060547,2.5749998092651367,1.0,other,2.0,678.42
707606486,14th Avenue South,residential,False,True,17.904,1284,1015,44.0,0.0,2.0,None,None,None,None,2.4100000858306885,2.5999999046325684,2.5266666412353516,1.0,other,2.0,1957.8
83591029,13th Avenue South,tertiary,False,False,5.542,1285,1019,50.0,0.0,2.0,None,None,None,None,2.440000057220459,2.440000057220459,2.440000057220459,1.0,tertiary,2.0,694.41
83591029,13th Avenue South,tertiary,False,True,16.831,1286,1018,50.0,0.0,2.0,None,None,None,None,2.3499999046325684,2.4600000381469727,2.4166666666666665,1.0,tertiary,2.0,2098.62
434303813,3rd Street South,primary,True,False,8.102,1287,1020,56.0,0.0,2.0,FL A1A,35 mph,None,None,2.440000057220459,2.4600000381469727,2.450000047683716,1.0,primary,2.0,1453.3
83591067,12th Avenue South,residential,False,False,16.601,1288,1021,44.0,0.0,2.0,None,None,None,None,2.4700000286102295,2.559999942779541,2.50249981880188,1.0,other,2.0,1806.29
83591067,12th Avenue South,residential,False,True,6.41,1289,1022,44.0,0.0,2.0,None,None,None,None,2.559999942779541,2.559999942779541,2.559999942779541,1.0,other,2.0,705.74
434303813,3rd Street South,primary,True,False,27.903,1290,1023,56.0,0.0,2.0,FL A1A,35 mph,None,None,2.390000104904175,2.559999942779541,2.4625000953674316,1.0,primary,2.0,5018.18
10880199,11th Avenue South,residential,False,False,15.316,1291,1024,44.0,0.0,2.0,None,None,None,None,2.3399999141693115,2.359999895095825,2.3500000635782876,1.0,other,2.0,1613.92
10880199,11th Avenue South,residential,False,True,7.017,1292,1025,44.0,0.0,2.0,None,None,None,None,2.3499999046325684,2.5,2.424999952316284,1.0,other,2.0,751.26
434303813,3rd Street South,primary,True,False,53.77,1293,1026,56.0,0.001,2.0,FL A1A,35 mph,None,None,2.180000066757202,2.359999895095825,2.301428658621652,1.0,primary,2.0,9345.42
122483547,10th Avenue South,residential,False,False,13.012,1294,1027,44.0,0.0,2.0,None,None,None,None,2.059999942779541,2.2200000286102295,2.1433334350585938,1.0,other,2.0,1310.63
122483547,10th Avenue South,residential,False,True,7.132,1295,1028,44.0,0.0,2.0,None,None,None,None,2.059999942779541,2.2200000286102295,2.1399998664855957,1.0,other,2.0,717.84
434303813,3rd Street South,primary,True,False,25.292,1296,1029,56.0,0.0,2.0,FL A1A,35 mph,None,None,2.049999952316284,2.069999933242798,2.059999942779541,1.0,primary,2.0,4166.86
122483555,9th Avenue South,residential,False,False,13.37,1297,1030,44.0,0.0,2.0,None,None,None,None,2.180000066757202,2.309999942779541,2.244999885559082,1.0,other,2.0,1377.28
122483555,9th Avenue South,residential,False,True,6.303,1298,1031,44.0,0.0,2.0,None,None,None,None,2.180000066757202,2.3299999237060547,2.255000114440918,1.0,other,2.0,650.71
434303813,3rd Street South,primary,True,False,22.911,1299,1032,56.0,0.0,2.0,FL A1A,35 mph,None,None,2.180000066757202,2.190000057220459,2.183333396911621,1.0,primary,2.0,3880.55
122483554,8th Avenue South,residential,False,False,14.896,1300,1033,44.0,0.0,2.0,None,None,None,None,2.0199999809265137,2.0899999141693115,2.054999828338623,1.0,other,2.0,1470.79
122483554,8th Avenue South,residential,False,True,6.346,1301,1034,44.0,0.0,2.0,None,None,None,None,2.0899999141693115,2.0899999141693115,2.0899999141693115,1.0,other,2.0,631.59
434303813,3rd Street South,primary,True,False,51.793,1302,1035,56.0,0.001,2.0,FL A1A,35 mph,None,None,1.9199999570846558,2.0999999046325684,2.0357142857142856,1.0,primary,2.0,8485.73
10878731,7th Avenue South,residential,False,False,16.093,1303,1036,44.0,0.0,2.0,None,None,None,None,1.8300000429153442,1.850000023841858,1.840000033378601,1.0,other,2.0,1491.82
10878731,7th Avenue South,residential,False,True,5.125,1304,1037,44.0,0.0,2.0,None,None,None,None,1.8300000429153442,2.0299999713897705,1.9300000667572021,1.0,other,2.0,488.93
434303813,3rd Street South,primary,True,False,50.946,1305,1038,56.0,0.001,2.0,FL A1A,35 mph,None,None,1.7999999523162842,2.0399999618530273,1.8942856107439314,1.0,primary,2.0,8009.44
122483553,6th Avenue South,residential,False,False,15.834,1306,1039,44.0,0.0,2.0,None,None,None,None,1.9600000381469727,2.069999933242798,2.0149998664855957,1.0,other,2.0,1549.16
122483553,6th Avenue South,residential,False,True,4.798,1307,1040,44.0,0.0,2.0,None,None,None,None,1.9600000381469727,2.140000104904175,2.0500001907348633,1.0,other,2.0,473.2
434303813,3rd Street South,primary,True,False,41.406,1308,1041,56.0,0.001,2.0,FL A1A,35 mph,None,None,1.909999966621399,2.009999990463257,1.9766666094462078,1.0,primary,2.0,6680.17
83591037,5th Avenue South,residential,False,False,16.027,1309,1042,44.0,0.0,2.0,None,None,None,None,1.75,1.9800000190734863,1.903333346048991,1.0,other,2.0,1516.15
83591037,5th Avenue South,residential,False,True,4.72,1310,1043,44.0,0.0,2.0,None,None,None,None,1.75,1.9800000190734863,1.8866666158040364,1.0,other,2.0,444.15
434303813,3rd Street South,primary,True,False,43.634,1311,1044,56.0,0.001,2.0,FL A1A,35 mph,None,None,1.75,1.8799999952316284,1.8242856434413366,1.0,primary,2.0,6707.17
434303813,3rd Street South,primary,True,False,20.087,1312,1046,56.0,0.0,2.0,FL A1A,35 mph,None,None,2.0999999046325684,2.2699999809265137,2.1799999872843423,1.0,primary,2.0,3399.72
434963585,4th Avenue South,residential,False,False,17.488,1313,1045,44.0,0.0,2.0,None,None,None,None,1.9700000286102295,2.119999885559082,2.0399999618530273,1.0,other,2.0,1720.82
434963585,4th Avenue South,residential,False,True,5.216,1314,1047,44.0,0.0,2.0,None,None,None,None,2.0999999046325684,2.119999885559082,2.109999895095825,1.0,other,2.0,521.47
122483551,3rd Avenue South,residential,False,False,16.929,1315,1048,44.0,0.0,2.0,None,None,None,None,2.109999895095825,2.2699999809265137,2.183333396911621,1.0,other,2.0,1720.41
683228851,3rd Street South,primary,True,False,22.778,1316,1049,56.0,0.0,2.0,FL A1A,35 mph,None,None,2.1700000762939453,2.190000057220459,2.1799999872843423,1.0,primary,2.0,3855.18
683228854,3rd Avenue South,residential,False,True,4.89,1317,1050,44.0,0.0,2.0,None,None,None,None,2.1700000762939453,2.25,2.2100000381469727,1.0,other,2.0,499.88
122483550,2nd Avenue South,residential,False,False,18.535,1318,1051,44.0,0.0,2.0,None,None,None,None,1.75,1.9299999475479126,1.8233332633972168,1.0,other,2.0,1708.93
683228850,2nd Avenue South,residential,False,True,6.804,1319,1052,44.0,0.0,2.0,None,None,None,None,1.75,1.9800000190734863,1.8650000095367432,1.0,other,2.0,635.83
683228855,3rd Street South,primary,True,False,14.798,1320,1053,56.0,0.0,2.0,FL A1A,35 mph,None,None,1.7400000095367432,1.75,1.7450000047683716,1.0,primary,2.0,2216.0
122483548,1st Avenue South,residential,False,True,9.25,1321,1054,44.0,0.0,2.0,None,None,None,None,1.6100000143051147,1.9199999570846558,1.7649999856948853,1.0,other,2.0,836.66
683228855,3rd Street South,primary,True,False,24.506,1322,1055,56.0,0.0,2.0,FL A1A,35 mph,None,None,1.6100000143051147,1.7200000286102295,1.6700000762939453,1.0,primary,2.0,3577.88
683228865,Beach Boulevard,tertiary,True,False,10.294,1323,1057,50.0,0.0,2.0,None,None,None,None,1.7699999809265137,1.8700000047683716,1.8199999332427979,1.0,tertiary,2.0,1106.09
683228869,3rd Street North,primary,True,False,12.217,1324,1056,56.0,0.0,2.0,FL A1A,35 mph,None,None,1.7000000476837158,1.7699999809265137,1.7400000890096028,1.0,primary,2.0,1826.44
85691282,South 6th Street,residential,False,False,37.293,1325,1058,44.0,0.001,2.0,None,None,None,None,1.0,1.649999976158142,1.3666666348775227,1.0,other,2.0,2882.75
683228861,None,tertiary,True,False,1.366,1326,1059,50.0,0.0,2.0,None,None,roundabout,None,2.119999885559082,2.119999885559082,2.119999885559082,1.0,tertiary,2.0,159.69
683228860,North 2nd Street,residential,True,False,8.825,1327,1060,44.0,0.0,2.0,None,None,None,None,1.7200000286102295,2.240000009536743,2.0266666412353516,1.0,other,2.0,865.73
683228864,None,tertiary,True,False,2.107,1328,1061,50.0,0.0,2.0,None,None,roundabout,None,2.119999885559082,2.119999885559082,2.119999885559082,1.0,tertiary,2.0,246.31
683228864,None,tertiary,True,False,2.493,1329,1061,50.0,0.0,2.0,None,None,roundabout,None,2.2200000286102295,2.2200000286102295,2.2200000286102295,1.0,tertiary,2.0,297.98
683228859,None,tertiary,True,False,1.193,1330,1062,50.0,0.0,2.0,None,None,roundabout,None,2.2200000286102295,2.2200000286102295,2.2200000286102295,1.0,tertiary,2.0,142.59
351669848,Beach Boulevard,tertiary,True,False,12.25,1331,1063,50.0,0.0,2.0,None,None,None,None,2.0399999618530273,2.2300000190734863,2.163333257039388,1.0,tertiary,2.0,1445.96
683228859,None,tertiary,True,False,1.289,1332,1064,50.0,0.0,2.0,None,None,roundabout,None,2.2200000286102295,2.2300000190734863,2.2249999046325684,1.0,tertiary,2.0,154.24
351669848,Beach Boulevard,tertiary,True,False,8.058,1333,1063,50.0,0.0,2.0,None,None,None,None,1.8799999952316284,1.8799999952316284,1.8799999952316284,1.0,tertiary,2.0,882.75
351669848,Beach Boulevard,tertiary,True,False,9.256,1334,1063,50.0,0.0,2.0,None,None,None,None,1.8600000143051147,1.8799999952316284,1.8700000047683716,1.0,tertiary,2.0,1010.76
351669848,Beach Boulevard,tertiary,True,False,8.662,1335,1063,50.0,0.0,2.0,None,None,None,None,1.8200000524520874,1.8600000143051147,1.840000033378601,1.0,tertiary,2.0,936.8
351669848,Beach Boulevard,tertiary,True,False,13.38,1336,1063,50.0,0.0,2.0,None,None,None,None,1.8200000524520874,1.8300000429153442,1.8250000476837158,1.0,tertiary,2.0,1440.02
351669848,Beach Boulevard,tertiary,True,False,5.952,1337,1063,50.0,0.0,2.0,None,None,None,None,1.8300000429153442,1.8600000143051147,1.8450000286102295,1.0,tertiary,2.0,644.75
351669848,Beach Boulevard,tertiary,True,False,3.921,1338,1063,50.0,0.0,2.0,None,None,None,None,1.8600000143051147,1.899999976158142,1.8799999952316284,1.0,tertiary,2.0,429.55
351669849,Beach Boulevard,tertiary,True,False,5.223,1339,1102,50.0,0.0,2.0,None,None,None,None,1.7699999809265137,1.899999976158142,1.8350000381469727,1.0,tertiary,2.0,563.95
351669849,Beach Boulevard,tertiary,True,False,72.52,1340,1102,50.0,0.001,2.0,None,None,None,None,1.7599999904632568,2.1700000762939453,1.9079999923706055,1.0,tertiary,2.0,8015.64
683228859,None,tertiary,True,False,1.657,1341,1065,50.0,0.0,2.0,None,None,roundabout,None,2.130000114440918,2.130000114440918,2.130000114440918,1.0,tertiary,2.0,194.14
683228858,North 2nd Street,residential,True,False,11.535,1342,1066,44.0,0.0,2.0,None,None,None,None,2.130000114440918,2.240000009536743,2.1700000762939453,1.0,other,2.0,1168.78
683228863,None,tertiary,True,False,2.407,1343,1067,50.0,0.0,2.0,None,None,roundabout,None,2.130000114440918,2.130000114440918,2.130000114440918,1.0,tertiary,2.0,282.01
683228863,None,tertiary,True,False,1.966,1344,1067,50.0,0.0,2.0,None,None,roundabout,None,2.0999999046325684,2.0999999046325684,2.0999999046325684,1.0,tertiary,2.0,228.79
683228861,None,tertiary,True,False,1.659,1345,1068,50.0,0.0,2.0,None,None,roundabout,None,2.0999999046325684,2.0999999046325684,2.0999999046325684,1.0,tertiary,2.0,193.07
683228862,Beach Boulevard,tertiary,True,False,10.225,1346,1069,50.0,0.0,2.0,None,None,None,None,2.0999999046325684,2.0999999046325684,2.0999999046325684,1.0,tertiary,2.0,1189.93
683228862,Beach Boulevard,tertiary,True,False,79.742,1347,1069,50.0,0.002,2.0,None,None,None,None,1.840000033378601,2.0999999046325684,1.9399999618530273,1.0,tertiary,2.0,8903.19
351669851,North 2nd Street,residential,True,False,3.138,1348,1070,44.0,0.0,2.0,None,None,None,None,2.140000104904175,2.140000104904175,2.140000104904175,1.0,other,2.0,315.84
683228866,2nd Street North,residential,False,True,17.586,1349,1071,40.0,0.0,2.0,None,25 mph,None,None,1.8600000143051147,2.140000104904175,1.9533333778381348,1.0,other,2.0,1690.01
683228858,North 2nd Street,residential,True,False,1.712,1350,1066,44.0,0.0,2.0,None,None,None,None,2.140000104904175,2.140000104904175,2.140000104904175,1.0,other,2.0,172.31
683228859,None,tertiary,True,False,2.589,1351,1064,50.0,0.0,2.0,None,None,roundabout,None,2.130000114440918,2.1500000953674316,2.140000104904175,1.0,tertiary,2.0,304.01
683228859,None,tertiary,True,False,2.292,1352,1064,50.0,0.0,2.0,None,None,roundabout,None,2.1500000953674316,2.2300000190734863,2.190000057220459,1.0,tertiary,2.0,272.15
10883932,North 2nd Street,residential,True,False,9.368,1353,1072,44.0,0.0,2.0,None,None,None,None,2.2200000286102295,2.240000009536743,2.2300000190734863,1.0,other,2.0,961.86
10883932,North 2nd Street,residential,True,False,6.821,1354,1072,44.0,0.0,2.0,None,None,None,None,2.190000057220459,2.240000009536743,2.2150001525878906,1.0,other,2.0,698.04
683228857,2nd Street South,residential,False,False,4.656,1355,1073,40.0,0.0,2.0,None,25 mph,None,None,2.190000057220459,2.190000057220459,2.190000057220459,1.0,other,2.0,473.86
351669851,North 2nd Street,residential,True,False,7.937,1356,1070,44.0,0.0,2.0,None,None,None,None,2.0999999046325684,2.140000104904175,2.119999885559082,1.0,other,2.0,795.29
683228861,None,tertiary,True,False,1.653,1357,1074,50.0,0.0,2.0,None,None,roundabout,None,2.0999999046325684,2.0999999046325684,2.0999999046325684,1.0,tertiary,2.0,192.37
683228861,None,tertiary,True,False,2.272,1358,1068,50.0,0.0,2.0,None,None,roundabout,None,2.0999999046325684,2.119999885559082,2.109999895095825,1.0,tertiary,2.0,265.0
683228861,None,tertiary,True,False,2.795,1359,1068,50.0,0.0,2.0,None,None,roundabout,None,2.119999885559082,2.119999885559082,2.119999885559082,1.0,tertiary,2.0,326.74
683228860,North 2nd Street,residential,True,False,3.503,1360,1060,44.0,0.0,2.0,None,None,None,None,2.240000009536743,2.240000009536743,2.240000009536743,1.0,other,2.0,360.46
351669852,Beach Boulevard,residential,False,True,13.934,1361,1075,44.0,0.0,2.0,None,None,None,None,1.8799999952316284,2.0,1.9466667175292969,1.0,other,2.0,1336.27
351669853,Beach Boulevard,residential,True,False,5.99,1362,1076,44.0,0.0,2.0,None,None,None,None,1.8799999952316284,1.9600000381469727,1.933333396911621,1.0,other,2.0,572.05
351669853,Beach Boulevard,residential,True,False,4.263,1363,1076,44.0,0.0,2.0,None,None,None,None,1.649999976158142,1.8799999952316284,1.7649999856948853,1.0,other,2.0,385.59
351669853,Beach Boulevard,residential,True,False,3.316,1364,1076,44.0,0.0,2.0,None,None,None,None,1.649999976158142,1.649999976158142,1.649999976158142,1.0,other,2.0,288.49
351669853,Beach Boulevard,residential,True,False,3.316,1365,1076,44.0,0.0,2.0,None,None,None,None,1.649999976158142,1.649999976158142,1.649999976158142,1.0,other,2.0,288.49
351669853,Beach Boulevard,residential,True,False,3.323,1366,1076,44.0,0.0,2.0,None,None,None,None,1.5399999618530273,1.649999976158142,1.5950000286102295,1.0,other,2.0,283.62
351669853,Beach Boulevard,residential,True,False,3.314,1367,1076,44.0,0.0,2.0,None,None,None,None,1.5399999618530273,1.5399999618530273,1.5399999618530273,1.0,other,2.0,277.38
351669853,Beach Boulevard,residential,True,False,2.974,1368,1076,44.0,0.0,2.0,None,None,None,None,1.690000057220459,1.7300000190734863,1.7100000381469727,1.0,other,2.0,264.09
351669853,Beach Boulevard,residential,True,False,2.977,1369,1076,44.0,0.0,2.0,None,None,None,None,1.690000057220459,1.690000057220459,1.690000057220459,1.0,other,2.0,262.57
351669853,Beach Boulevard,residential,True,False,2.971,1370,1076,44.0,0.0,2.0,None,None,None,None,1.690000057220459,1.7899999618530273,1.7400000095367432,1.0,other,2.0,266.5
351669853,Beach Boulevard,residential,True,False,2.977,1371,1076,44.0,0.0,2.0,None,None,None,None,1.7899999618530273,1.7899999618530273,1.7899999618530273,1.0,other,2.0,271.5
351669853,Beach Boulevard,residential,True,False,2.975,1372,1076,44.0,0.0,2.0,None,None,None,None,1.7899999618530273,1.7899999618530273,1.7899999618530273,1.0,other,2.0,271.32
10874354,1st Avenue North,residential,False,False,12.449,1373,438,44.0,0.0,2.0,None,None,None,None,1.7100000381469727,1.7100000381469727,1.7100000381469727,1.0,other,2.0,1105.47
10874354,1st Avenue North,residential,False,True,12.367,1374,440,44.0,0.0,2.0,None,None,None,None,1.5499999523162842,1.7100000381469727,1.6333332061767578,1.0,other,2.0,1069.75
444454376,2nd Avenue North,residential,False,False,13.049,1375,150,44.0,0.0,2.0,None,None,None,None,1.7400000095367432,1.7599999904632568,1.7533334096272786,1.0,other,2.0,1175.71
444454376,2nd Avenue North,residential,False,True,4.506,1376,155,44.0,0.0,2.0,None,None,None,None,1.7599999904632568,1.7599999904632568,1.7599999904632568,1.0,other,2.0,406.89
444454376,2nd Avenue North,residential,False,False,17.824,1377,150,44.0,0.0,2.0,None,None,None,None,1.6699999570846558,1.8600000143051147,1.8125,1.0,other,2.0,1637.58
444454376,2nd Avenue North,residential,False,True,3.775,1378,155,44.0,0.0,2.0,None,None,None,None,1.7899999618530273,1.8600000143051147,1.8250000476837158,1.0,other,2.0,348.24
352916197,South 4th Street,residential,False,False,2.879,1379,1078,44.0,0.0,2.0,None,None,None,None,2.0999999046325684,2.390000104904175,2.244999885559082,1.0,other,2.0,296.57
352916197,South 4th Street,residential,False,True,2.873,1380,1079,44.0,0.0,2.0,None,None,None,None,2.390000104904175,2.390000104904175,2.390000104904175,1.0,other,2.0,305.33
352916197,South 4th Street,residential,False,False,2.878,1381,1078,44.0,0.0,2.0,None,None,None,None,2.0999999046325684,2.0999999046325684,2.0999999046325684,1.0,other,2.0,287.08
352916197,South 4th Street,residential,False,True,2.879,1382,1079,44.0,0.0,2.0,None,None,None,None,2.0999999046325684,2.390000104904175,2.244999885559082,1.0,other,2.0,296.57
352916197,South 4th Street,residential,False,False,2.873,1383,1078,44.0,0.0,2.0,None,None,None,None,2.390000104904175,2.390000104904175,2.390000104904175,1.0,other,2.0,305.33
352916197,South 4th Street,residential,False,True,2.875,1384,1079,44.0,0.0,2.0,None,None,None,None,2.390000104904175,2.390000104904175,2.390000104904175,1.0,other,2.0,305.54
352916197,South 4th Street,residential,False,False,2.877,1385,1078,44.0,0.0,2.0,None,None,None,None,2.0999999046325684,2.0999999046325684,2.0999999046325684,1.0,other,2.0,286.98
352916197,South 4th Street,residential,False,True,2.878,1386,1079,44.0,0.0,2.0,None,None,None,None,2.0999999046325684,2.0999999046325684,2.0999999046325684,1.0,other,2.0,287.08
352916197,South 4th Street,residential,False,False,2.875,1387,1078,44.0,0.0,2.0,None,None,None,None,2.390000104904175,2.390000104904175,2.390000104904175,1.0,other,2.0,305.54
352916197,South 4th Street,residential,False,True,2.883,1388,1079,44.0,0.0,2.0,None,None,None,None,2.390000104904175,2.7699999809265137,2.5799999237060547,1.0,other,2.0,318.72
352916197,South 4th Street,residential,False,False,2.869,1389,1078,44.0,0.0,2.0,None,None,None,None,2.0999999046325684,2.0999999046325684,2.0999999046325684,1.0,other,2.0,286.18
352916197,South 4th Street,residential,False,True,2.877,1390,1079,44.0,0.0,2.0,None,None,None,None,2.0999999046325684,2.0999999046325684,2.0999999046325684,1.0,other,2.0,286.98
352916197,South 4th Street,residential,False,False,2.883,1391,1078,44.0,0.0,2.0,None,None,None,None,2.390000104904175,2.7699999809265137,2.5799999237060547,1.0,other,2.0,318.72
352916197,South 4th Street,residential,False,True,2.871,1392,1079,44.0,0.0,2.0,None,None,None,None,2.7699999809265137,2.7699999809265137,2.7699999809265137,1.0,other,2.0,329.66
352916197,South 4th Street,residential,False,False,2.882,1393,1078,44.0,0.0,2.0,None,None,None,None,2.0999999046325684,2.180000066757202,2.1399998664855957,1.0,other,2.0,290.07
352916197,South 4th Street,residential,False,True,2.869,1394,1079,44.0,0.0,2.0,None,None,None,None,2.0999999046325684,2.0999999046325684,2.0999999046325684,1.0,other,2.0,286.18
352916197,South 4th Street,residential,False,False,2.871,1395,1078,44.0,0.0,2.0,None,None,None,None,2.7699999809265137,2.7699999809265137,2.7699999809265137,1.0,other,2.0,329.66
352916197,South 4th Street,residential,False,True,11.874,1396,1079,44.0,0.0,2.0,None,None,None,None,2.680000066757202,2.8499999046325684,2.7666664123535156,1.0,other,2.0,1362.54
352916197,South 4th Street,residential,False,False,2.874,1397,1078,44.0,0.0,2.0,None,None,None,None,2.180000066757202,2.180000066757202,2.180000066757202,1.0,other,2.0,291.85
352916197,South 4th Street,residential,False,True,2.882,1398,1079,44.0,0.0,2.0,None,None,None,None,2.0999999046325684,2.180000066757202,2.1399998664855957,1.0,other,2.0,290.07
352916197,South 4th Street,residential,False,False,2.875,1399,1078,44.0,0.0,2.0,None,None,None,None,2.180000066757202,2.180000066757202,2.180000066757202,1.0,other,2.0,291.96
352916197,South 4th Street,residential,False,True,2.874,1400,1079,44.0,0.0,2.0,None,None,None,None,2.180000066757202,2.180000066757202,2.180000066757202,1.0,other,2.0,291.85
352916197,South 4th Street,residential,False,False,13.533,1401,1078,44.0,0.0,2.0,None,None,None,None,2.180000066757202,2.8499999046325684,2.5325000286102295,1.0,other,2.0,1481.61
352916197,South 4th Street,residential,False,True,2.875,1402,1079,44.0,0.0,2.0,None,None,None,None,2.180000066757202,2.180000066757202,2.180000066757202,1.0,other,2.0,291.96
10882814,South 4th Street,residential,False,True,9.153,1403,1077,44.0,0.0,2.0,None,None,None,None,2.680000066757202,2.680000066757202,2.680000066757202,1.0,other,2.0,1032.46
352916197,South 4th Street,residential,False,False,11.874,1404,1078,44.0,0.0,2.0,None,None,None,None,2.680000066757202,2.8499999046325684,2.7666664123535156,1.0,other,2.0,1362.54
352916197,South 4th Street,residential,False,True,13.533,1405,1079,44.0,0.0,2.0,None,None,None,None,2.180000066757202,2.8499999046325684,2.5325000286102295,1.0,other,2.0,1481.61
85691270,South 8th Street,residential,False,False,52.241,1406,1080,44.0,0.001,2.0,None,None,None,None,0.8999999761581421,1.5399999618530273,1.1028571810041154,1.0,other,2.0,3500.74
10868875,South 2nd Street,residential,False,False,10.508,1407,43,40.0,0.0,2.0,None,25 mph,None,None,1.9299999475479126,1.9900000095367432,1.9600000381469727,1.0,other,2.0,1011.92
10868875,South 2nd Street,residential,False,True,29.347,1408,48,40.0,0.001,2.0,None,25 mph,None,None,1.9199999570846558,2.0999999046325684,2.0139999389648438,1.0,other,2.0,2870.58
444454367,1st Street South,tertiary,False,False,10.525,1409,942,50.0,0.0,2.0,None,None,None,None,2.200000047683716,2.2200000286102295,2.2100000381469727,1.0,tertiary,2.0,1255.24
444454367,1st Street South,tertiary,False,True,53.007,1410,333,50.0,0.001,2.0,None,None,None,None,2.130000114440918,2.4800000190734863,2.304999828338623,1.0,tertiary,2.0,6453.93
444454367,1st Street South,tertiary,False,False,19.817,1411,747,50.0,0.0,2.0,None,None,None,None,2.4000000953674316,2.4700000286102295,2.4400002161661782,1.0,tertiary,2.0,2483.07
444454367,1st Street South,tertiary,False,True,14.419,1412,128,50.0,0.0,2.0,None,None,None,None,2.180000066757202,2.4000000953674316,2.300000031789144,1.0,tertiary,2.0,1753.71
83591065,16th Avenue South,tertiary,False,False,71.005,1413,917,50.0,0.001,2.0,None,None,None,None,2.450000047683716,2.9200000762939453,2.77599983215332,1.0,tertiary,2.0,9523.19
83591065,16th Avenue South,tertiary,False,True,13.5,1414,97,50.0,0.0,2.0,None,None,None,None,2.369999885559082,2.4700000286102295,2.4299999872843423,1.0,tertiary,2.0,1688.01
83591065,16th Avenue South,tertiary,False,False,3.457,1415,917,50.0,0.0,2.0,None,None,None,None,2.369999885559082,2.4700000286102295,2.4200000762939453,1.0,tertiary,2.0,431.35
83591065,16th Avenue South,tertiary,False,True,12.725,1416,97,50.0,0.0,2.0,None,None,None,None,2.369999885559082,2.450000047683716,2.3966665267944336,1.0,tertiary,2.0,1579.97
444454367,1st Street South,tertiary,False,False,8.887,1417,917,50.0,0.0,2.0,None,None,None,None,2.440000057220459,2.450000047683716,2.445000171661377,1.0,tertiary,2.0,1114.71
444454367,1st Street South,tertiary,False,True,3.506,1418,97,50.0,0.0,2.0,None,None,None,None,2.440000057220459,2.440000057220459,2.440000057220459,1.0,tertiary,2.0,439.3
10873482,Roberts Drive,residential,False,False,25.683,1419,101,44.0,0.001,2.0,None,None,None,None,,,,0.0,other,2.0,
10873482,Roberts Drive,residential,False,True,18.939,1420,1081,44.0,0.0,2.0,None,None,None,None,,,,0.0,other,2.0,
10873482,Roberts Drive,residential,False,False,31.128,1421,101,44.0,0.001,2.0,None,None,None,None,,,,0.0,other,2.0,
10873482,Roberts Drive,residential,False,True,25.683,1422,1081,44.0,0.001,2.0,None,None,None,None,,,,0.0,other,2.0,
10873482,Roberts Drive,residential,False,False,2.925,1423,101,44.0,0.0,2.0,None,None,None,None,,,,0.0,other,2.0,
10873482,Roberts Drive,residential,False,True,18.75,1424,1081,44.0,0.0,2.0,None,None,None,None,,,,0.0,other,2.0,
10873482,Roberts Drive,residential,False,False,49.621,1425,101,44.0,0.001,2.0,None,None,None,None,,,,0.0,other,2.0,
10873482,Roberts Drive,residential,False,True,18.316,1426,1081,44.0,0.0,2.0,None,None,None,None,,,,0.0,other,2.0,
10873482,Roberts Drive,residential,False,False,47.008,1427,101,44.0,0.001,2.0,None,None,None,None,,,,0.0,other,2.0,
10873482,Roberts Drive,residential,False,True,17.56,1428,1081,44.0,0.0,2.0,None,None,None,None,,,,0.0,other,2.0,
10873482,Roberts Drive,residential,False,False,38.011,1429,101,44.0,0.001,2.0,None,None,None,None,,,,0.0,other,2.0,
10873482,Roberts Drive,residential,False,True,47.008,1430,1081,44.0,0.001,2.0,None,None,None,None,,,,0.0,other,2.0,
10873482,Roberts Drive,residential,False,False,18.75,1431,101,44.0,0.0,2.0,None,None,None,None,,,,0.0,other,2.0,
10873482,Roberts Drive,residential,False,True,18.349,1432,1081,44.0,0.0,2.0,None,None,None,None,,,,0.0,other,2.0,
10882793,13th Avenue South,residential,False,False,9.408,1433,1081,44.0,0.0,2.0,None,None,None,None,,,,0.0,other,2.0,
10882793,13th Avenue South,residential,False,True,3.492,1434,101,44.0,0.0,2.0,None,None,None,None,,,,0.0,other,2.0,
10873482,Roberts Drive,residential,False,False,18.349,1435,101,44.0,0.0,2.0,None,None,None,None,,,,0.0,other,2.0,
10873482,Roberts Drive,residential,False,True,38.011,1436,1081,44.0,0.001,2.0,None,None,None,None,,,,0.0,other,2.0,
83591040,16th Avenue South,residential,False,False,26.509,1437,1081,44.0,0.001,2.0,None,None,None,None,,,,0.0,other,2.0,
83591040,16th Avenue South,residential,False,False,13.004,1438,1081,44.0,0.0,2.0,None,None,None,None,,,,0.0,other,2.0,
83591040,16th Avenue South,residential,False,True,26.509,1439,101,44.0,0.001,2.0,None,None,None,None,,,,0.0,other,2.0,
10873482,Roberts Drive,residential,False,False,18.939,1440,101,44.0,0.0,2.0,None,None,None,None,,,,0.0,other,2.0,
10873482,Roberts Drive,residential,False,True,49.621,1441,1081,44.0,0.001,2.0,None,None,None,None,,,,0.0,other,2.0,
10882793,13th Avenue South,residential,False,False,66.607,1442,1081,44.0,0.002,2.0,None,None,None,None,1.25,1.409999966621399,1.327000045776367,1.0,other,2.0,5045.68
10882793,13th Avenue South,residential,False,True,26.334,1443,101,44.0,0.001,2.0,None,None,None,None,1.0700000524520874,1.25,1.1679999351501464,1.0,other,2.0,1831.58
10873482,Roberts Drive,residential,False,False,18.316,1444,101,44.0,0.0,2.0,None,None,None,None,,,,0.0,other,2.0,
10873482,Roberts Drive,residential,False,True,2.925,1445,1081,44.0,0.0,2.0,None,None,None,None,,,,0.0,other,2.0,
10882793,13th Avenue South,residential,False,False,12.66,1446,1081,44.0,0.0,2.0,None,None,None,None,,,,0.0,other,2.0,
10882793,13th Avenue South,residential,False,True,70.685,1447,101,44.0,0.002,2.0,None,None,None,None,,,,0.0,other,2.0,
10882793,13th Avenue South,residential,False,False,57.478,1448,1081,44.0,0.001,2.0,None,None,None,None,0.10999999940395355,0.5400000214576721,0.3460000276565552,0.6694557724084773,other,2.0,998.53
10882793,13th Avenue South,residential,False,True,12.66,1449,101,44.0,0.0,2.0,None,None,None,None,,,,0.0,other,2.0,
83591065,16th Avenue South,tertiary,False,False,43.506,1450,437,50.0,0.001,2.0,None,None,None,None,2.190000057220459,2.4000000953674316,2.3000000544956754,1.0,tertiary,2.0,5291.42
83591065,16th Avenue South,tertiary,False,True,75.439,1451,501,50.0,0.002,2.0,None,None,None,None,2.3299999237060547,2.450000047683716,2.410000228881836,1.0,tertiary,2.0,9393.1
83591065,16th Avenue South,tertiary,False,False,75.439,1452,437,50.0,0.002,2.0,None,None,None,None,2.3299999237060547,2.450000047683716,2.410000228881836,1.0,tertiary,2.0,9393.1
83591065,16th Avenue South,tertiary,False,True,33.769,1453,501,50.0,0.001,2.0,None,None,None,None,2.380000114440918,2.569999933242798,2.496666590372721,1.0,tertiary,2.0,4281.49
83591065,16th Avenue South,tertiary,False,False,24.012,1454,437,50.0,0.0,2.0,None,None,None,None,2.4600000381469727,2.5299999713897705,2.502500057220459,1.0,tertiary,2.0,3048.1
83591065,16th Avenue South,tertiary,False,True,28.88,1455,501,50.0,0.001,2.0,None,None,None,None,2.5299999713897705,2.619999885559082,2.5639999389648436,1.0,tertiary,2.0,3712.67
351669853,Beach Boulevard,residential,True,False,3.319,1456,1076,44.0,0.0,2.0,None,None,None,None,1.5399999618530273,1.5399999618530273,1.5399999618530273,1.0,other,2.0,277.8
351669853,Beach Boulevard,residential,True,False,3.314,1457,1076,44.0,0.0,2.0,None,None,None,None,1.5399999618530273,1.7300000190734863,1.6349999904632568,1.0,other,2.0,286.83
351669853,Beach Boulevard,residential,True,False,3.319,1458,1076,44.0,0.0,2.0,None,None,None,None,1.7300000190734863,1.7300000190734863,1.7300000190734863,1.0,other,2.0,296.72
351669853,Beach Boulevard,residential,True,False,2.972,1459,1076,44.0,0.0,2.0,None,None,None,None,1.7899999618530273,1.8300000429153442,1.809999942779541,1.0,other,2.0,272.83
351669853,Beach Boulevard,residential,True,False,2.979,1460,1076,44.0,0.0,2.0,None,None,None,None,1.8300000429153442,1.9600000381469727,1.8949999809265137,1.0,other,2.0,281.07
351669853,Beach Boulevard,residential,True,False,4.217,1461,1076,44.0,0.0,2.0,None,None,None,None,1.9600000381469727,1.9600000381469727,1.9600000381469727,1.0,other,2.0,406.1
351669853,Beach Boulevard,residential,True,False,4.973,1462,1076,44.0,0.0,2.0,None,None,None,None,1.9600000381469727,1.9600000381469727,1.9600000381469727,1.0,other,2.0,478.9
10887552,15th Avenue South,residential,False,False,31.2,1463,435,44.0,0.001,2.0,None,None,None,None,2.5399999618530273,2.5799999237060547,2.567499876022339,1.0,other,2.0,3440.38
10887552,15th Avenue South,residential,False,True,2.752,1464,816,44.0,0.0,2.0,None,None,None,None,2.5399999618530273,2.5399999618530273,2.5399999618530273,1.0,other,2.0,301.76
10882814,South 4th Street,residential,False,False,12.796,1465,814,44.0,0.0,2.0,None,None,None,None,2.5199999809265137,2.680000066757202,2.5799999237060547,1.0,other,2.0,1414.6
10882814,South 4th Street,residential,False,True,32.765,1466,1077,44.0,0.001,2.0,None,None,None,None,2.5199999809265137,2.5799999237060547,2.5559999465942385,1.0,other,2.0,3604.48
10887552,15th Avenue South,residential,False,False,10.296,1467,435,44.0,0.0,2.0,None,None,None,None,2.5399999618530273,2.6600000858306885,2.5966666539510093,1.0,other,2.0,1142.08
10887552,15th Avenue South,residential,False,True,18.592,1468,816,44.0,0.0,2.0,None,None,None,None,2.3399999141693115,2.5899999141693115,2.5066665013631186,1.0,other,2.0,2024.67
83591065,16th Avenue South,tertiary,False,False,33.769,1469,437,50.0,0.001,2.0,None,None,None,None,2.380000114440918,2.569999933242798,2.496666590372721,1.0,tertiary,2.0,4281.49
83591065,16th Avenue South,tertiary,False,True,24.012,1470,501,50.0,0.0,2.0,None,None,None,None,2.4600000381469727,2.5299999713897705,2.502500057220459,1.0,tertiary,2.0,3048.1
10874232,3rd Street South,primary,True,False,40.711,1471,434,56.0,0.001,2.0,FL A1A,35 mph,None,None,2.450000047683716,2.5999999046325684,2.5233332316080728,1.0,primary,2.0,7414.49
10887552,15th Avenue South,residential,False,False,2.752,1472,435,44.0,0.0,2.0,None,None,None,None,2.5399999618530273,2.5399999618530273,2.5399999618530273,1.0,other,2.0,301.76
10887552,15th Avenue South,residential,False,True,10.296,1473,816,44.0,0.0,2.0,None,None,None,None,2.5399999618530273,2.6600000858306885,2.5966666539510093,1.0,other,2.0,1142.08
10882814,South 4th Street,residential,False,False,23.092,1474,244,44.0,0.001,2.0,None,None,None,None,2.5,2.5799999237060547,2.5499998728434243,1.0,other,2.0,2537.23
10882814,South 4th Street,residential,False,True,82.322,1475,815,44.0,0.002,2.0,None,None,None,None,2.1700000762939453,2.6500000953674316,2.4472727342085405,1.0,other,2.0,8854.85
10887552,15th Avenue South,residential,False,False,18.592,1476,435,44.0,0.0,2.0,None,None,None,None,2.3399999141693115,2.5899999141693115,2.5066665013631186,1.0,other,2.0,2024.67
10887552,15th Avenue South,residential,False,True,37.885,1477,816,44.0,0.001,2.0,None,None,None,None,2.200000047683716,2.5,2.2900001207987466,1.0,other,2.0,3940.99
10874232,3rd Street South,primary,True,False,22.847,1478,249,56.0,0.0,2.0,FL A1A,35 mph,None,None,2.319999933242798,2.359999895095825,2.3399998346964517,1.0,primary,2.0,4003.94
707606486,14th Avenue South,residential,False,False,12.03,1479,246,44.0,0.0,2.0,None,None,None,None,2.7300000190734863,2.9100000858306885,2.8466669718424478,1.0,other,2.0,1402.1
707606486,14th Avenue South,residential,False,True,38.891,1480,250,44.0,0.001,2.0,None,None,None,None,2.640000104904175,2.9100000858306885,2.741666793823242,1.0,other,2.0,4440.87
10874232,3rd Street South,primary,True,False,39.031,1481,249,56.0,0.001,2.0,FL A1A,35 mph,None,None,2.319999933242798,2.5299999713897705,2.478333314259847,1.0,primary,2.0,7042.66
444454367,1st Street South,tertiary,False,False,24.464,1482,917,50.0,0.0,2.0,None,None,None,None,2.3399999141693115,2.4000000953674316,2.372499942779541,1.0,tertiary,2.0,3021.99
444454367,1st Street South,tertiary,False,True,7.842,1483,97,50.0,0.0,2.0,None,None,None,None,2.380000114440918,2.380000114440918,2.380000114440918,1.0,tertiary,2.0,970.25
444454367,1st Street South,tertiary,False,False,11.618,1484,917,50.0,0.0,2.0,None,None,None,None,2.369999885559082,2.440000057220459,2.4049999713897705,1.0,tertiary,2.0,1445.06
444454367,1st Street South,tertiary,False,True,24.464,1485,97,50.0,0.0,2.0,None,None,None,None,2.3399999141693115,2.4000000953674316,2.372499942779541,1.0,tertiary,2.0,3021.99
444454367,1st Street South,tertiary,False,False,20.689,1486,917,50.0,0.0,2.0,None,None,None,None,2.140000104904175,2.2899999618530273,2.2133334477742515,1.0,tertiary,2.0,2469.23
444454367,1st Street South,tertiary,False,True,14.379,1487,97,50.0,0.0,2.0,None,None,None,None,2.069999933242798,2.140000104904175,2.1050000190734863,1.0,tertiary,2.0,1675.24
444454367,1st Street South,tertiary,False,False,10.152,1488,917,50.0,0.0,2.0,None,None,None,None,2.2799999713897705,2.380000114440918,2.316666603088379,1.0,tertiary,2.0,1239.18
444454367,1st Street South,tertiary,False,True,20.689,1489,97,50.0,0.0,2.0,None,None,None,None,2.140000104904175,2.2899999618530273,2.2133334477742515,1.0,tertiary,2.0,2469.23
434303813,3rd Street South,primary,True,False,61.325,1490,1011,56.0,0.001,2.0,FL A1A,35 mph,None,None,2.299999952316284,2.4100000858306885,2.351250171661377,1.0,primary,2.0,10773.08
83591065,16th Avenue South,tertiary,False,False,28.642,1491,96,50.0,0.001,2.0,None,None,None,None,2.75,2.9200000762939453,2.819999885559082,1.0,tertiary,2.0,3874.55
83591065,16th Avenue South,tertiary,False,True,14.698,1492,1010,50.0,0.0,2.0,None,None,None,None,2.9200000762939453,2.940000057220459,2.9266668955485025,1.0,tertiary,2.0,2029.43
83591065,16th Avenue South,tertiary,False,False,11.179,1493,96,50.0,0.0,2.0,None,None,None,None,2.690000057220459,2.7799999713897705,2.7350001335144043,1.0,tertiary,2.0,1487.3
83591065,16th Avenue South,tertiary,False,True,28.642,1494,1010,50.0,0.001,2.0,None,None,None,None,2.75,2.9200000762939453,2.819999885559082,1.0,tertiary,2.0,3874.55
434303813,3rd Street South,primary,True,False,19.08,1495,1011,56.0,0.0,2.0,FL A1A,35 mph,None,None,2.359999895095825,2.4200000762939453,2.383333206176758,1.0,primary,2.0,3374.77
83591065,16th Avenue South,tertiary,False,False,14.698,1496,96,50.0,0.0,2.0,None,None,None,None,2.9200000762939453,2.940000057220459,2.9266668955485025,1.0,tertiary,2.0,2029.43
83591065,16th Avenue South,tertiary,False,True,44.72,1497,1010,50.0,0.001,2.0,None,None,None,None,2.809999942779541,2.940000057220459,2.8642856052943637,1.0,tertiary,2.0,6101.48
10887552,15th Avenue South,residential,False,False,44.817,1498,93,44.0,0.001,2.0,None,None,None,None,2.190000057220459,2.5799999237060547,2.4100001198904857,1.0,other,2.0,4783.09
10887552,15th Avenue South,residential,False,True,7.574,1499,1013,44.0,0.0,2.0,None,None,None,None,2.430000066757202,2.5,2.4650001525878906,1.0,other,2.0,817.71
10887552,15th Avenue South,residential,False,False,24.874,1500,93,44.0,0.001,2.0,None,None,None,None,2.3499999046325684,2.430000066757202,2.4099998474121094,1.0,other,2.0,2654.68
10887552,15th Avenue South,residential,False,True,15.599,1501,1013,44.0,0.0,2.0,None,None,None,None,2.3499999046325684,2.509999990463257,2.4175000190734863,1.0,other,2.0,1667.44
10887552,15th Avenue South,residential,False,False,7.574,1502,93,44.0,0.0,2.0,None,None,None,None,2.430000066757202,2.5,2.4650001525878906,1.0,other,2.0,817.71
10887552,15th Avenue South,residential,False,True,24.874,1503,1013,44.0,0.001,2.0,None,None,None,None,2.3499999046325684,2.430000066757202,2.4099998474121094,1.0,other,2.0,2654.68
10868875,South 2nd Street,residential,False,False,48.334,1504,87,40.0,0.001,2.0,None,25 mph,None,None,2.4000000953674316,2.490000009536743,2.4414285932268416,1.0,other,2.0,5192.63
10868875,South 2nd Street,residential,False,True,4.283,1505,92,40.0,0.0,2.0,None,25 mph,None,None,2.430000066757202,2.430000066757202,2.430000066757202,1.0,other,2.0,459.03
434303813,3rd Street South,primary,True,False,9.786,1506,1014,56.0,0.0,2.0,FL A1A,35 mph,None,None,2.440000057220459,2.4700000286102295,2.4549999237060547,1.0,primary,2.0,1757.2
707606486,14th Avenue South,residential,False,False,33.23,1507,1017,44.0,0.001,2.0,None,None,None,None,2.440000057220459,2.549999952316284,2.5020000457763674,1.0,other,2.0,3615.26
707606486,14th Avenue South,residential,False,True,7.72,1508,90,44.0,0.0,2.0,None,None,None,None,2.549999952316284,2.5799999237060547,2.565000057220459,1.0,other,2.0,850.84
707606486,14th Avenue South,residential,False,False,40.98,1509,1017,44.0,0.001,2.0,None,None,None,None,2.3399999141693115,2.490000009536743,2.4128570556640625,1.0,other,2.0,4376.22
707606486,14th Avenue South,residential,False,True,33.23,1510,90,44.0,0.001,2.0,None,None,None,None,2.440000057220459,2.549999952316284,2.5020000457763674,1.0,other,2.0,3615.26
10868875,South 2nd Street,residential,False,False,27.639,1511,87,40.0,0.001,2.0,None,25 mph,None,None,2.2300000190734863,2.4800000190734863,2.345999908447266,1.0,other,2.0,2909.97
10868875,South 2nd Street,residential,False,True,23.445,1512,92,40.0,0.001,2.0,None,25 mph,None,None,2.2699999809265137,2.2799999713897705,2.2766666412353516,1.0,other,2.0,2431.83
444454367,1st Street South,tertiary,False,False,15.586,1513,805,50.0,0.0,2.0,None,None,None,None,2.109999895095825,2.1600000858306885,2.1366666158040366,1.0,tertiary,2.0,1828.82
444454367,1st Street South,tertiary,False,True,19.153,1514,252,50.0,0.0,2.0,None,None,None,None,2.1600000858306885,2.240000009536743,2.2033332188924155,1.0,tertiary,2.0,2280.88
444454367,1st Street South,tertiary,False,False,21.084,1515,805,50.0,0.0,2.0,None,None,None,None,2.380000114440918,2.4600000381469727,2.423333485921224,1.0,tertiary,2.0,2632.6
444454367,1st Street South,tertiary,False,True,20.349,1516,252,50.0,0.0,2.0,None,None,None,None,2.4600000381469727,2.490000009536743,2.4733333587646484,1.0,tertiary,2.0,2567.54
444454367,1st Street South,tertiary,False,False,8.996,1517,805,50.0,0.0,2.0,None,None,None,None,2.2799999713897705,2.380000114440918,2.3299999237060547,1.0,tertiary,2.0,1101.22
444454367,1st Street South,tertiary,False,True,21.084,1518,252,50.0,0.0,2.0,None,None,None,None,2.380000114440918,2.4600000381469727,2.423333485921224,1.0,tertiary,2.0,2632.6
444454367,1st Street South,tertiary,False,False,19.153,1519,805,50.0,0.0,2.0,None,None,None,None,2.1600000858306885,2.240000009536743,2.2033332188924155,1.0,tertiary,2.0,2280.88
444454367,1st Street South,tertiary,False,True,12.065,1520,252,50.0,0.0,2.0,None,None,None,None,2.240000009536743,2.299999952316284,2.2733332316080728,1.0,tertiary,2.0,1458.96
434303813,3rd Street South,primary,True,False,42.63,1521,1016,56.0,0.001,2.0,FL A1A,35 mph,None,None,2.359999895095825,2.5899999141693115,2.496666590372721,1.0,primary,2.0,7721.36
707606486,14th Avenue South,residential,False,False,7.72,1522,1017,44.0,0.0,2.0,None,None,None,None,2.549999952316284,2.5799999237060547,2.565000057220459,1.0,other,2.0,850.84
707606486,14th Avenue South,residential,False,True,9.279,1523,90,44.0,0.0,2.0,None,None,None,None,2.5799999237060547,2.5799999237060547,2.5799999237060547,1.0,other,2.0,1025.79
83591029,13th Avenue South,tertiary,False,False,40.461,1524,1019,50.0,0.001,2.0,None,None,None,None,2.1500000953674316,2.509999990463257,2.2642857687813893,1.0,tertiary,2.0,4883.14
83591029,13th Avenue South,tertiary,False,True,29.986,1525,86,50.0,0.001,2.0,None,None,None,None,2.1700000762939453,2.2699999809265137,2.2049999237060547,1.0,tertiary,2.0,3572.27
10868875,South 2nd Street,residential,False,False,12.572,1526,83,40.0,0.0,2.0,None,25 mph,None,None,2.130000114440918,2.1600000858306885,2.1499999364217124,1.0,other,2.0,1268.2
10868875,South 2nd Street,residential,False,True,37.918,1527,88,40.0,0.001,2.0,None,25 mph,None,None,2.130000114440918,2.180000066757202,2.148000144958496,1.0,other,2.0,3823.27
434303813,3rd Street South,primary,True,False,12.469,1528,1016,56.0,0.0,2.0,FL A1A,35 mph,None,None,2.369999885559082,2.4100000858306885,2.3899998664855957,1.0,primary,2.0,2208.57
10882814,South 4th Street,residential,False,False,24.602,1529,800,44.0,0.001,2.0,None,None,None,None,2.6500000953674316,2.7899999618530273,2.7249999046325684,1.0,other,2.0,2800.02
10882814,South 4th Street,residential,False,True,28.638,1530,245,44.0,0.001,2.0,None,None,None,None,2.690000057220459,2.7300000190734863,2.7150001525878906,1.0,other,2.0,3252.92
707606486,14th Avenue South,residential,False,False,47.416,1531,246,44.0,0.001,2.0,None,None,None,None,2.450000047683716,2.8299999237060547,2.6471429552350725,1.0,other,2.0,5313.47
707606486,14th Avenue South,residential,False,True,12.03,1532,250,44.0,0.0,2.0,None,None,None,None,2.7300000190734863,2.9100000858306885,2.8466669718424478,1.0,other,2.0,1402.1
10874232,3rd Street South,primary,True,False,45.068,1533,431,56.0,0.001,2.0,FL A1A,35 mph,None,None,2.509999990463257,2.5999999046325684,2.558333396911621,1.0,primary,2.0,8267.16
83591029,13th Avenue South,tertiary,False,False,17.404,1534,802,50.0,0.0,2.0,None,None,None,None,2.0999999046325684,2.509999990463257,2.353333314259847,1.0,tertiary,2.0,2141.13
83591029,13th Avenue South,tertiary,False,True,14.751,1535,432,50.0,0.0,2.0,None,None,None,None,2.509999990463257,2.569999933242798,2.5399999618530273,1.0,tertiary,2.0,1887.02
10882814,South 4th Street,residential,False,False,33.903,1536,800,44.0,0.001,2.0,None,None,None,None,2.619999885559082,2.690000057220459,2.660000038146973,1.0,other,2.0,3809.0
10882814,South 4th Street,residential,False,True,17.719,1537,245,44.0,0.0,2.0,None,None,None,None,2.6500000953674316,2.6700000762939453,2.6600000063578286,1.0,other,2.0,1990.73
83591029,13th Avenue South,tertiary,False,False,14.751,1538,802,50.0,0.0,2.0,None,None,None,None,2.509999990463257,2.569999933242798,2.5399999618530273,1.0,tertiary,2.0,1887.02
83591029,13th Avenue South,tertiary,False,True,14.703,1539,432,50.0,0.0,2.0,None,None,None,None,2.559999942779541,2.569999933242798,2.5633331934611,1.0,tertiary,2.0,1889.89
83591029,13th Avenue South,tertiary,False,False,20.903,1540,802,50.0,0.0,2.0,None,None,None,None,2.4200000762939453,2.4200000762939453,2.4200000762939453,1.0,tertiary,2.0,2608.17
83591029,13th Avenue South,tertiary,False,True,12.977,1541,432,50.0,0.0,2.0,None,None,None,None,2.0799999237060547,2.4200000762939453,2.25,1.0,tertiary,2.0,1561.3
10874232,3rd Street South,primary,True,False,18.144,1542,431,56.0,0.0,2.0,FL A1A,35 mph,None,None,2.5199999809265137,2.559999942779541,2.543333371480306,1.0,primary,2.0,3318.08
10874232,3rd Street South,primary,True,False,18.752,1543,431,56.0,0.0,2.0,FL A1A,35 mph,None,None,2.369999885559082,2.5199999809265137,2.447499990463257,1.0,primary,2.0,3361.88
434303813,3rd Street South,primary,True,False,25.765,1544,1020,56.0,0.0,2.0,FL A1A,35 mph,None,None,2.450000047683716,2.559999942779541,2.512500047683716,1.0,primary,2.0,4681.98
83591067,12th Avenue South,residential,False,False,28.526,1545,81,44.0,0.001,2.0,None,None,None,None,2.4700000286102295,2.630000114440918,2.546000099182129,1.0,other,2.0,3131.73
83591067,12th Avenue South,residential,False,True,22.476,1546,1022,44.0,0.001,2.0,None,None,None,None,2.380000114440918,2.5,2.447500228881836,1.0,other,2.0,2417.72
83591029,13th Avenue South,tertiary,False,False,29.986,1547,1019,50.0,0.001,2.0,None,None,None,None,2.1700000762939453,2.2699999809265137,2.2049999237060547,1.0,tertiary,2.0,3572.27
83591029,13th Avenue South,tertiary,False,True,20.633,1548,86,50.0,0.0,2.0,None,None,None,None,2.2699999809265137,2.559999942779541,2.4319999694824217,1.0,tertiary,2.0,2580.98
83591067,12th Avenue South,residential,False,False,43.199,1549,131,44.0,0.001,2.0,None,None,None,None,2.049999952316284,2.4200000762939453,2.1657142639160156,1.0,other,2.0,4372.97
83591067,12th Avenue South,residential,False,True,19.504,1550,135,44.0,0.0,2.0,None,None,None,None,2.4200000762939453,2.5999999046325684,2.506666660308838,1.0,other,2.0,2123.99
83591029,13th Avenue South,tertiary,False,False,12.977,1551,802,50.0,0.0,2.0,None,None,None,None,2.0799999237060547,2.4200000762939453,2.25,1.0,tertiary,2.0,1561.3
83591029,13th Avenue South,tertiary,False,True,17.404,1552,432,50.0,0.0,2.0,None,None,None,None,2.0999999046325684,2.509999990463257,2.353333314259847,1.0,tertiary,2.0,2141.13
10874232,3rd Street South,primary,True,False,30.555,1553,130,56.0,0.001,2.0,FL A1A,35 mph,None,None,2.119999885559082,2.4800000190734863,2.315999984741211,1.0,primary,2.0,5327.26
83591067,12th Avenue South,residential,False,False,7.004,1554,131,44.0,0.0,2.0,None,None,None,None,2.0799999237060547,2.0799999237060547,2.0799999237060547,1.0,other,2.0,695.5
83591067,12th Avenue South,residential,False,True,43.199,1555,135,44.0,0.001,2.0,None,None,None,None,2.049999952316284,2.4200000762939453,2.1657142639160156,1.0,other,2.0,4372.97
83591029,13th Avenue South,tertiary,False,False,14.703,1556,802,50.0,0.0,2.0,None,None,None,None,2.559999942779541,2.569999933242798,2.5633331934611,1.0,tertiary,2.0,1889.89
83591029,13th Avenue South,tertiary,False,True,20.387,1557,432,50.0,0.0,2.0,None,None,None,None,2.5299999713897705,2.6700000762939453,2.572499990463257,1.0,tertiary,2.0,2625.4
83591067,12th Avenue South,residential,False,False,17.313,1558,131,44.0,0.0,2.0,None,None,None,None,2.0799999237060547,2.2100000381469727,2.1433334350585938,1.0,other,2.0,1743.85
83591067,12th Avenue South,residential,False,True,7.004,1559,135,44.0,0.0,2.0,None,None,None,None,2.0799999237060547,2.0799999237060547,2.0799999237060547,1.0,other,2.0,695.5
10880199,11th Avenue South,residential,False,False,18.307,1560,429,44.0,0.0,2.0,None,None,None,None,2.200000047683716,2.2300000190734863,2.2125000953674316,1.0,other,2.0,1872.46
10880199,11th Avenue South,residential,False,True,3.239,1561,751,44.0,0.0,2.0,None,None,None,None,2.2300000190734863,2.2300000190734863,2.2300000190734863,1.0,other,2.0,332.56
10874232,3rd Street South,primary,True,False,40.005,1562,428,56.0,0.001,2.0,FL A1A,35 mph,None,None,2.430000066757202,2.5999999046325684,2.5116666158040366,1.0,primary,2.0,7268.41
83591067,12th Avenue South,residential,False,False,19.504,1563,131,44.0,0.0,2.0,None,None,None,None,2.4200000762939453,2.5999999046325684,2.506666660308838,1.0,other,2.0,2123.99
83591067,12th Avenue South,residential,False,True,12.178,1564,135,44.0,0.0,2.0,None,None,None,None,2.5999999046325684,2.6600000858306885,2.633333206176758,1.0,other,2.0,1360.89
10880199,11th Avenue South,residential,False,False,12.73,1565,429,44.0,0.0,2.0,None,None,None,None,2.25,2.2799999713897705,2.2649998664855957,1.0,other,2.0,1317.08
10880199,11th Avenue South,residential,False,True,9.454,1566,751,44.0,0.0,2.0,None,None,None,None,2.2799999713897705,2.3399999141693115,2.309999942779541,1.0,other,2.0,987.71
122483547,10th Avenue South,residential,False,False,37.589,1567,426,44.0,0.001,2.0,None,None,None,None,2.2899999618530273,2.4100000858306885,2.323333263397217,1.0,other,2.0,3938.39
122483547,10th Avenue South,residential,False,True,17.279,1568,633,44.0,0.0,2.0,None,None,None,None,2.380000114440918,2.4100000858306885,2.3949999809265137,1.0,other,2.0,1838.27
10880199,11th Avenue South,residential,False,False,3.239,1569,429,44.0,0.0,2.0,None,None,None,None,2.2300000190734863,2.2300000190734863,2.2300000190734863,1.0,other,2.0,332.56
10880199,11th Avenue South,residential,False,True,36.579,1570,751,44.0,0.001,2.0,None,None,None,None,2.130000114440918,2.2300000190734863,2.1879999160766603,1.0,other,2.0,3721.18
10874232,3rd Street South,primary,True,False,45.751,1571,425,56.0,0.001,2.0,FL A1A,35 mph,None,None,2.2899999618530273,2.359999895095825,2.3314285278320312,1.0,primary,2.0,8003.16
10880199,11th Avenue South,residential,False,False,9.454,1572,429,44.0,0.0,2.0,None,None,None,None,2.2799999713897705,2.3399999141693115,2.309999942779541,1.0,other,2.0,987.71
10880199,11th Avenue South,residential,False,True,6.116,1573,751,44.0,0.0,2.0,None,None,None,None,2.3399999141693115,2.4200000762939453,2.380000114440918,1.0,other,2.0,648.6
10880199,11th Avenue South,residential,False,False,13.756,1574,429,44.0,0.0,2.0,None,None,None,None,2.130000114440918,2.25,2.190000057220459,1.0,other,2.0,1400.02
10880199,11th Avenue South,residential,False,True,12.73,1575,751,44.0,0.0,2.0,None,None,None,None,2.25,2.2799999713897705,2.2649998664855957,1.0,other,2.0,1317.08
122483547,10th Avenue South,residential,False,False,17.279,1576,426,44.0,0.0,2.0,None,None,None,None,2.380000114440918,2.4100000858306885,2.3949999809265137,1.0,other,2.0,1838.27
122483547,10th Avenue South,residential,False,True,16.987,1577,633,44.0,0.0,2.0,None,None,None,None,2.309999942779541,2.380000114440918,2.3450000286102295,1.0,other,2.0,1788.09
10880199,11th Avenue South,residential,False,False,36.579,1578,429,44.0,0.001,2.0,None,None,None,None,2.130000114440918,2.2300000190734863,2.1879999160766603,1.0,other,2.0,3721.18
10880199,11th Avenue South,residential,False,True,13.756,1579,751,44.0,0.0,2.0,None,None,None,None,2.130000114440918,2.25,2.190000057220459,1.0,other,2.0,1400.02
122483547,10th Avenue South,residential,False,False,16.987,1580,426,44.0,0.0,2.0,None,None,None,None,2.309999942779541,2.380000114440918,2.3450000286102295,1.0,other,2.0,1788.09
122483547,10th Avenue South,residential,False,True,14.735,1581,633,44.0,0.0,2.0,None,None,None,None,2.25,2.309999942779541,2.2899999618530273,1.0,other,2.0,1532.81
10874232,3rd Street South,primary,True,False,15.126,1582,425,56.0,0.0,2.0,FL A1A,35 mph,None,None,2.240000009536743,2.309999942779541,2.2750000953674316,1.0,primary,2.0,2613.96
10882814,South 4th Street,residential,False,False,46.061,1583,773,44.0,0.001,2.0,None,None,None,None,2.0799999237060547,2.25,2.160000038146973,1.0,other,2.0,4656.77
10882814,South 4th Street,residential,False,True,40.012,1584,632,44.0,0.001,2.0,None,None,None,None,1.9600000381469727,2.0899999141693115,2.0420000076293947,1.0,other,2.0,3938.98
122483555,9th Avenue South,residential,False,False,47.097,1585,423,44.0,0.001,2.0,None,None,None,None,2.0299999713897705,2.200000047683716,2.1242858341761996,1.0,other,2.0,4723.66
122483555,9th Avenue South,residential,False,True,10.77,1586,775,44.0,0.0,2.0,None,None,None,None,2.200000047683716,2.240000009536743,2.2266667683919272,1.0,other,2.0,1105.0
10874232,3rd Street South,primary,True,False,51.651,1587,422,56.0,0.001,2.0,FL A1A,35 mph,None,None,2.0999999046325684,2.240000009536743,2.1942859377179826,1.0,primary,2.0,8769.6
122483547,10th Avenue South,residential,False,False,14.735,1588,426,44.0,0.0,2.0,None,None,None,None,2.25,2.309999942779541,2.2899999618530273,1.0,other,2.0,1532.81
122483547,10th Avenue South,residential,False,True,7.943,1589,633,44.0,0.0,2.0,None,None,None,None,2.200000047683716,2.25,2.2249999046325684,1.0,other,2.0,814.65
122483554,8th Avenue South,residential,False,False,29.517,1590,420,44.0,0.001,2.0,None,None,None,None,1.9800000190734863,2.130000114440918,2.055000066757202,1.0,other,2.0,2914.43
122483554,8th Avenue South,residential,False,True,15.912,1591,809,44.0,0.0,2.0,None,None,None,None,1.9700000286102295,1.9900000095367432,1.9800000190734863,1.0,other,2.0,1541.87
10874232,3rd Street South,primary,True,False,48.291,1592,419,56.0,0.001,2.0,FL A1A,35 mph,None,None,2.190000057220459,2.309999942779541,2.265000025431315,1.0,primary,2.0,8327.18
122483554,8th Avenue South,residential,False,False,15.912,1593,420,44.0,0.0,2.0,None,None,None,None,1.9700000286102295,1.9900000095367432,1.9800000190734863,1.0,other,2.0,1541.87
122483554,8th Avenue South,residential,False,True,10.078,1594,809,44.0,0.0,2.0,None,None,None,None,1.9700000286102295,2.2100000381469727,2.123333295186361,1.0,other,2.0,1010.57
10882814,South 4th Street,residential,False,False,16.894,1595,582,44.0,0.0,2.0,None,None,None,None,1.850000023841858,1.8799999952316284,1.8599999745686848,1.0,other,2.0,1576.21
10882814,South 4th Street,residential,False,True,6.406,1596,687,44.0,0.0,2.0,None,None,None,None,1.850000023841858,1.850000023841858,1.850000023841858,1.0,other,2.0,595.76
10874232,3rd Street South,primary,True,False,55.81,1597,413,56.0,0.001,2.0,FL A1A,35 mph,None,None,1.850000023841858,2.009999990463257,1.9512500762939453,1.0,primary,2.0,8933.09
122483553,6th Avenue South,residential,False,False,28.481,1598,414,44.0,0.001,2.0,None,None,None,None,1.7899999618530273,1.9299999475479126,1.8479999542236327,1.0,other,2.0,2647.02
122483553,6th Avenue South,residential,False,True,22.452,1599,565,44.0,0.001,2.0,None,None,None,None,1.9299999475479126,1.9600000381469727,1.9424999952316284,1.0,other,2.0,2150.34
10876203,6th Avenue South,residential,False,False,21.772,1600,687,44.0,0.0,2.0,None,None,None,None,1.8899999856948853,1.9500000476837158,1.9075000286102295,1.0,other,2.0,2062.35
10876203,6th Avenue South,residential,False,True,36.943,1601,582,44.0,0.001,2.0,None,None,None,None,1.8300000429153442,1.899999976158142,1.8480001449584962,1.0,other,2.0,3433.48
10876203,6th Avenue South,residential,False,False,9.491,1602,687,44.0,0.0,2.0,None,None,None,None,1.8300000429153442,1.8600000143051147,1.8450000286102295,1.0,other,2.0,881.24
10882814,South 4th Street,residential,False,False,5.758,1603,582,44.0,0.0,2.0,None,None,None,None,1.850000023841858,1.8600000143051147,1.8550000190734863,1.0,other,2.0,536.36
10882814,South 4th Street,residential,False,False,42.185,1604,582,44.0,0.001,2.0,None,None,None,None,1.7999999523162842,1.8799999952316284,1.8399999618530274,1.0,other,2.0,3910.55
10882814,South 4th Street,residential,False,True,16.894,1605,687,44.0,0.0,2.0,None,None,None,None,1.850000023841858,1.8799999952316284,1.8599999745686848,1.0,other,2.0,1576.21
10878731,7th Avenue South,residential,False,False,12.731,1606,417,44.0,0.0,2.0,None,None,None,None,1.8700000047683716,1.8799999952316284,1.8733332951863606,1.0,other,2.0,1192.89
10878731,7th Avenue South,residential,False,True,16.627,1607,686,44.0,0.0,2.0,None,None,None,None,1.809999942779541,2.009999990463257,1.8966665267944336,1.0,other,2.0,1569.59
444454367,1st Street South,tertiary,False,False,30.86,1608,127,50.0,0.001,2.0,None,None,None,None,2.430000066757202,2.5299999713897705,2.4825000762939453,1.0,tertiary,2.0,3901.19
444454367,1st Street South,tertiary,False,True,21.921,1609,806,50.0,0.0,2.0,None,None,None,None,2.5299999713897705,2.6500000953674316,2.5975000858306885,1.0,tertiary,2.0,2837.33
444454367,1st Street South,tertiary,False,False,15.21,1610,127,50.0,0.0,2.0,None,None,None,None,2.569999933242798,2.5799999237060547,2.5749998092651367,1.0,tertiary,2.0,1959.71
444454367,1st Street South,tertiary,False,True,8.6,1611,806,50.0,0.0,2.0,None,None,None,None,2.430000066757202,2.5799999237060547,2.5266666412353516,1.0,tertiary,2.0,1097.14
444454367,1st Street South,tertiary,False,False,14.419,1612,747,50.0,0.0,2.0,None,None,None,None,2.180000066757202,2.4000000953674316,2.300000031789144,1.0,tertiary,2.0,1753.71
444454367,1st Street South,tertiary,False,True,17.038,1613,128,50.0,0.0,2.0,None,None,None,None,2.1700000762939453,2.190000057220459,2.1799999872843423,1.0,tertiary,2.0,2018.58
444454367,1st Street South,tertiary,False,False,6.366,1614,628,50.0,0.0,2.0,None,None,None,None,1.9500000476837158,2.009999990463257,1.9800000190734863,1.0,tertiary,2.0,719.68
444454367,1st Street South,tertiary,False,True,39.244,1615,748,50.0,0.001,2.0,None,None,None,None,1.9900000095367432,2.0399999618530273,2.015999984741211,1.0,tertiary,2.0,4480.49
434303813,3rd Street South,primary,True,False,22.184,1616,1023,56.0,0.0,2.0,FL A1A,35 mph,None,None,2.380000114440918,2.4100000858306885,2.3933334350585938,1.0,primary,2.0,3932.11
434303813,3rd Street South,primary,True,False,52.239,1617,1023,56.0,0.001,2.0,FL A1A,35 mph,None,None,2.3399999141693115,2.5199999809265137,2.447777854071723,1.0,primary,2.0,9366.02
10868875,South 2nd Street,residential,False,False,50.958,1618,75,40.0,0.001,2.0,None,25 mph,None,None,2.2899999618530273,2.4000000953674316,2.319999967302595,1.0,other,2.0,5335.3
10868875,South 2nd Street,residential,False,True,51.612,1619,80,40.0,0.001,2.0,None,25 mph,None,None,2.2899999618530273,2.3399999141693115,2.307142802647182,1.0,other,2.0,5388.85
10880199,11th Avenue South,residential,False,False,14.075,1620,77,44.0,0.0,2.0,None,None,None,None,2.380000114440918,2.5,2.4600000381469727,1.0,other,2.0,1517.99
10880199,11th Avenue South,residential,False,True,17.943,1621,1025,44.0,0.0,2.0,None,None,None,None,2.2899999618530273,2.380000114440918,2.3299999237060547,1.0,other,2.0,1882.67
10880199,11th Avenue South,residential,False,False,17.943,1622,77,44.0,0.0,2.0,None,None,None,None,2.2899999618530273,2.380000114440918,2.3299999237060547,1.0,other,2.0,1882.67
10880199,11th Avenue South,residential,False,True,8.986,1623,1025,44.0,0.0,2.0,None,None,None,None,2.259999990463257,2.2899999618530273,2.2750000953674316,1.0,other,2.0,931.74
10880199,11th Avenue South,residential,False,False,8.986,1624,77,44.0,0.0,2.0,None,None,None,None,2.259999990463257,2.2899999618530273,2.2750000953674316,1.0,other,2.0,931.74
10880199,11th Avenue South,residential,False,True,22.292,1625,1025,44.0,0.001,2.0,None,None,None,None,2.2300000190734863,2.2799999713897705,2.257500171661377,1.0,other,2.0,2302.62
10880199,11th Avenue South,residential,False,False,22.292,1626,77,44.0,0.001,2.0,None,None,None,None,2.2300000190734863,2.2799999713897705,2.257500171661377,1.0,other,2.0,2302.62
10880199,11th Avenue South,residential,False,True,28.664,1627,1025,44.0,0.001,2.0,None,None,None,None,2.2799999713897705,2.3399999141693115,2.3100000381469727,1.0,other,2.0,2994.67
434303813,3rd Street South,primary,True,False,52.345,1628,1014,56.0,0.001,2.0,FL A1A,35 mph,None,None,2.359999895095825,2.569999933242798,2.471428462437221,1.0,primary,2.0,9431.45
10868875,South 2nd Street,residential,False,False,4.283,1629,87,40.0,0.0,2.0,None,25 mph,None,None,2.430000066757202,2.430000066757202,2.430000066757202,1.0,other,2.0,459.03
10868875,South 2nd Street,residential,False,True,27.639,1630,92,40.0,0.001,2.0,None,25 mph,None,None,2.2300000190734863,2.4800000190734863,2.345999908447266,1.0,other,2.0,2909.97
444454367,1st Street South,tertiary,False,False,46.227,1631,251,50.0,0.001,2.0,None,None,None,None,2.0399999618530273,2.0899999141693115,2.067142759050642,1.0,tertiary,2.0,5339.8
444454367,1st Street South,tertiary,False,True,44.702,1632,918,50.0,0.001,2.0,None,None,None,None,2.0399999618530273,2.109999895095825,2.0783333778381348,1.0,tertiary,2.0,5176.77
10868875,South 2nd Street,residential,False,False,43.354,1633,91,40.0,0.001,2.0,None,25 mph,None,None,2.630000114440918,2.7899999618530273,2.7100000381469727,1.0,other,2.0,4919.6
10868875,South 2nd Street,residential,False,True,51.616,1634,95,40.0,0.001,2.0,None,25 mph,None,None,2.4200000762939453,2.630000114440918,2.4828572954450334,1.0,other,2.0,5593.33
444454367,1st Street South,tertiary,False,False,7.842,1635,917,50.0,0.0,2.0,None,None,None,None,2.380000114440918,2.380000114440918,2.380000114440918,1.0,tertiary,2.0,970.25
444454367,1st Street South,tertiary,False,True,10.152,1636,97,50.0,0.0,2.0,None,None,None,None,2.2799999713897705,2.380000114440918,2.316666603088379,1.0,tertiary,2.0,1239.18
10868875,South 2nd Street,residential,False,False,55.007,1637,83,40.0,0.001,2.0,None,25 mph,None,None,2.1600000858306885,2.3399999141693115,2.2485715321132114,1.0,other,2.0,5670.83
10868875,South 2nd Street,residential,False,True,12.572,1638,88,40.0,0.0,2.0,None,25 mph,None,None,2.130000114440918,2.1600000858306885,2.1499999364217124,1.0,other,2.0,1268.2
444454367,1st Street South,tertiary,False,False,12.065,1639,805,50.0,0.0,2.0,None,None,None,None,2.240000009536743,2.299999952316284,2.2733332316080728,1.0,tertiary,2.0,1458.96
444454367,1st Street South,tertiary,False,True,8.996,1640,252,50.0,0.0,2.0,None,None,None,None,2.2799999713897705,2.380000114440918,2.3299999237060547,1.0,tertiary,2.0,1101.22
10868875,South 2nd Street,residential,False,False,51.165,1641,79,40.0,0.001,2.0,None,25 mph,None,None,2.1600000858306885,2.2899999618530273,2.231250047683716,1.0,other,2.0,5254.81
10868875,South 2nd Street,residential,False,True,54.476,1642,84,40.0,0.001,2.0,None,25 mph,None,None,2.2300000190734863,2.4000000953674316,2.338571548461914,1.0,other,2.0,5726.4
444454367,1st Street South,tertiary,False,False,8.6,1643,127,50.0,0.0,2.0,None,None,None,None,2.430000066757202,2.5799999237060547,2.5266666412353516,1.0,tertiary,2.0,1097.14
444454367,1st Street South,tertiary,False,True,30.86,1644,806,50.0,0.001,2.0,None,None,None,None,2.430000066757202,2.5299999713897705,2.4825000762939453,1.0,tertiary,2.0,3901.19
444454367,1st Street South,tertiary,False,False,52.606,1645,747,50.0,0.001,2.0,None,None,None,None,2.4200000762939453,2.609999895095825,2.497142791748047,1.0,tertiary,2.0,6670.44
444454367,1st Street South,tertiary,False,True,19.817,1646,128,50.0,0.0,2.0,None,None,None,None,2.4000000953674316,2.4700000286102295,2.4400002161661782,1.0,tertiary,2.0,2483.07
10868875,South 2nd Street,residential,False,False,53.375,1647,71,40.0,0.001,2.0,None,25 mph,None,None,2.119999885559082,2.359999895095825,2.2462499141693115,1.0,other,2.0,5499.79
10868875,South 2nd Street,residential,False,True,52.228,1648,76,40.0,0.001,2.0,None,25 mph,None,None,2.0,2.130000114440918,2.0514285223824635,1.0,other,2.0,5152.67
444454367,1st Street South,tertiary,False,False,52.484,1649,628,50.0,0.001,2.0,None,None,None,None,1.7899999618530273,2.1700000762939453,1.9642857142857142,1.0,tertiary,2.0,5904.45
444454367,1st Street South,tertiary,False,True,6.366,1650,748,50.0,0.0,2.0,None,None,None,None,1.9500000476837158,2.009999990463257,1.9800000190734863,1.0,tertiary,2.0,719.68
434303813,3rd Street South,primary,True,False,50.522,1651,1026,56.0,0.001,2.0,FL A1A,35 mph,None,None,2.059999942779541,2.2200000286102295,2.1614287240164622,1.0,primary,2.0,8515.66
122483547,10th Avenue South,residential,False,False,13.372,1652,73,44.0,0.0,2.0,None,None,None,None,2.2200000286102295,2.2899999618530273,2.263333320617676,1.0,other,2.0,1383.0
122483547,10th Avenue South,residential,False,True,24.048,1653,1028,44.0,0.001,2.0,None,None,None,None,2.190000057220459,2.2799999713897705,2.25,1.0,other,2.0,2479.95
10880199,11th Avenue South,residential,False,False,53.966,1654,746,44.0,0.001,2.0,None,None,None,None,2.130000114440918,2.3399999141693115,2.242500066757202,1.0,other,2.0,5556.14
10880199,11th Avenue South,residential,False,True,24.826,1655,78,44.0,0.001,2.0,None,None,None,None,2.1700000762939453,2.240000009536743,2.2150001525878906,1.0,other,2.0,2540.63
10880199,11th Avenue South,residential,False,False,14.392,1656,746,44.0,0.0,2.0,None,None,None,None,2.2899999618530273,2.3499999046325684,2.3299999237060547,1.0,other,2.0,1510.08
10880199,11th Avenue South,residential,False,True,53.966,1657,78,44.0,0.001,2.0,None,None,None,None,2.130000114440918,2.3399999141693115,2.242500066757202,1.0,other,2.0,5556.14
122483547,10th Avenue South,residential,False,False,14.594,1658,73,44.0,0.0,2.0,None,None,None,None,2.0799999237060547,2.190000057220459,2.127500057220459,1.0,other,2.0,1464.78
122483547,10th Avenue South,residential,False,True,41.063,1659,1028,44.0,0.001,2.0,None,None,None,None,2.0,2.109999895095825,2.0649998982747397,1.0,other,2.0,4063.7
122483547,10th Avenue South,residential,False,False,24.048,1660,73,44.0,0.001,2.0,None,None,None,None,2.190000057220459,2.2799999713897705,2.25,1.0,other,2.0,2479.95
122483547,10th Avenue South,residential,False,True,14.594,1661,1028,44.0,0.0,2.0,None,None,None,None,2.0799999237060547,2.190000057220459,2.127500057220459,1.0,other,2.0,1464.78
434303813,3rd Street South,primary,True,False,30.492,1662,1029,56.0,0.001,2.0,FL A1A,35 mph,None,None,2.0199999809265137,2.1600000858306885,2.0779998779296873,1.0,primary,2.0,5044.14
434303813,3rd Street South,primary,True,False,13.475,1663,1029,56.0,0.0,2.0,FL A1A,35 mph,None,None,2.0199999809265137,2.059999942779541,2.0399999618530273,1.0,primary,2.0,2209.9
10868875,South 2nd Street,residential,False,False,53.364,1664,67,40.0,0.001,2.0,None,25 mph,None,None,1.9199999570846558,2.009999990463257,1.9585715702601842,1.0,other,2.0,5136.67
10868875,South 2nd Street,residential,False,True,51.763,1665,72,40.0,0.001,2.0,None,25 mph,None,None,1.9800000190734863,2.0899999141693115,2.008571352277483,1.0,other,2.0,5056.88
444454367,1st Street South,tertiary,False,False,19.72,1666,770,50.0,0.0,2.0,None,None,None,None,1.9299999475479126,2.0,1.9600000381469727,1.0,tertiary,2.0,2215.54
444454367,1st Street South,tertiary,False,True,45.491,1667,629,50.0,0.001,2.0,None,None,None,None,1.7999999523162842,2.069999933242798,1.9599998792012532,1.0,tertiary,2.0,5110.91
444454367,1st Street South,tertiary,False,False,25.283,1668,770,50.0,0.001,2.0,None,None,None,None,1.9800000190734863,2.0,1.9875000715255737,1.0,tertiary,2.0,2864.88
444454367,1st Street South,tertiary,False,True,19.72,1669,629,50.0,0.0,2.0,None,None,None,None,1.9299999475479126,2.0,1.9600000381469727,1.0,tertiary,2.0,2215.54
122483555,9th Avenue South,residential,False,False,44.984,1670,69,44.0,0.001,2.0,None,None,None,None,2.130000114440918,2.3299999237060547,2.2457143238612582,1.0,other,2.0,4634.64
122483555,9th Avenue South,residential,False,True,9.715,1671,1031,44.0,0.0,2.0,None,None,None,None,2.200000047683716,2.2100000381469727,2.2049999237060547,1.0,other,2.0,992.02
434303813,3rd Street South,primary,True,False,35.576,1672,1029,56.0,0.001,2.0,FL A1A,35 mph,None,None,2.059999942779541,2.2699999809265137,2.1649999618530273,1.0,primary,2.0,6001.23
122483555,9th Avenue South,residential,False,False,9.715,1673,69,44.0,0.0,2.0,None,None,None,None,2.200000047683716,2.2100000381469727,2.2049999237060547,1.0,other,2.0,992.02
122483555,9th Avenue South,residential,False,True,38.524,1674,1031,44.0,0.001,2.0,None,None,None,None,2.130000114440918,2.240000009536743,2.196666876475016,1.0,other,2.0,3926.56
434303813,3rd Street South,primary,True,False,83.253,1675,1032,56.0,0.001,2.0,FL A1A,35 mph,None,None,2.0899999141693115,2.2300000190734863,2.139090971513228,1.0,primary,2.0,13962.85
122483554,8th Avenue South,residential,False,False,12.884,1676,65,44.0,0.0,2.0,None,None,None,None,2.0899999141693115,2.180000066757202,2.1366666158040366,1.0,other,2.0,1295.81
122483554,8th Avenue South,residential,False,True,7.562,1677,1034,44.0,0.0,2.0,None,None,None,None,2.109999895095825,2.140000104904175,2.125,1.0,other,2.0,758.56
122483554,8th Avenue South,residential,False,False,17.477,1678,65,44.0,0.0,2.0,None,None,None,None,1.9900000095367432,2.109999895095825,2.056666692097982,1.0,other,2.0,1726.29
122483554,8th Avenue South,residential,False,True,13.35,1679,1034,44.0,0.0,2.0,None,None,None,None,1.9500000476837158,1.9900000095367432,1.976666768391927,1.0,other,2.0,1292.28
122483554,8th Avenue South,residential,False,False,13.35,1680,65,44.0,0.0,2.0,None,None,None,None,1.9500000476837158,1.9900000095367432,1.976666768391927,1.0,other,2.0,1292.28
122483554,8th Avenue South,residential,False,True,40.534,1681,1034,44.0,0.001,2.0,None,None,None,None,1.809999942779541,1.9900000095367432,1.908333460489909,1.0,other,2.0,3840.6
10868875,South 2nd Street,residential,False,False,51.476,1682,63,40.0,0.001,2.0,None,25 mph,None,None,1.9299999475479126,2.0899999141693115,2.0,1.0,other,2.0,5018.91
10868875,South 2nd Street,residential,False,True,52.156,1683,68,40.0,0.001,2.0,None,25 mph,None,None,1.7899999618530273,1.9800000190734863,1.882857186453683,1.0,other,2.0,4901.92
444454367,1st Street South,tertiary,False,False,10.527,1684,950,50.0,0.0,2.0,None,None,None,None,2.0399999618530273,2.2699999809265137,2.1549999713897705,1.0,tertiary,2.0,1240.28
444454367,1st Street South,tertiary,False,True,8.709,1685,771,50.0,0.0,2.0,None,None,None,None,2.2200000286102295,2.2699999809265137,2.244999885559082,1.0,tertiary,2.0,1046.66
444454367,1st Street South,tertiary,False,False,5.751,1686,682,50.0,0.0,2.0,None,None,None,None,2.0199999809265137,2.0299999713897705,2.0250000953674316,1.0,tertiary,2.0,657.95
444454367,1st Street South,tertiary,False,True,9.401,1687,951,50.0,0.0,2.0,None,None,None,None,2.0,2.0299999713897705,2.0149998664855957,1.0,tertiary,2.0,1073.07
10868875,South 2nd Street,residential,False,False,14.702,1688,59,40.0,0.0,2.0,None,25 mph,None,None,1.7799999713897705,1.7999999523162842,1.7899999618530273,1.0,other,2.0,1340.82
10868875,South 2nd Street,residential,False,True,48.354,1689,64,40.0,0.001,2.0,None,25 mph,None,None,1.7100000381469727,1.7999999523162842,1.7514286041259766,1.0,other,2.0,4353.93
434303813,3rd Street South,primary,True,False,52.087,1690,1035,56.0,0.001,2.0,FL A1A,35 mph,None,None,1.7899999618530273,2.009999990463257,1.9300000326974052,1.0,primary,2.0,8281.83
10878731,7th Avenue South,residential,False,False,8.948,1691,61,44.0,0.0,2.0,None,None,None,None,2.049999952316284,2.049999952316284,2.049999952316284,1.0,other,2.0,882.5
10878731,7th Avenue South,residential,False,True,70.024,1692,1037,44.0,0.002,2.0,None,None,None,None,1.8700000047683716,2.119999885559082,2.0209999084472656,1.0,other,2.0,6860.43
122483554,8th Avenue South,residential,False,False,7.562,1693,65,44.0,0.0,2.0,None,None,None,None,2.109999895095825,2.140000104904175,2.125,1.0,other,2.0,758.56
122483554,8th Avenue South,residential,False,True,17.477,1694,1034,44.0,0.0,2.0,None,None,None,None,1.9900000095367432,2.109999895095825,2.056666692097982,1.0,other,2.0,1726.29
434303813,3rd Street South,primary,True,False,52.841,1695,1038,56.0,0.001,2.0,FL A1A,35 mph,None,None,1.840000033378601,2.0999999046325684,1.9728572028023856,1.0,primary,2.0,8514.95
10868875,South 2nd Street,residential,False,False,53.235,1696,55,40.0,0.001,2.0,None,25 mph,None,None,1.6299999952316284,1.7699999809265137,1.7157143184116908,1.0,other,2.0,4736.39
10868875,South 2nd Street,residential,False,True,52.918,1697,60,40.0,0.001,2.0,None,25 mph,None,None,1.7100000381469727,1.7899999618530273,1.752857072012765,1.0,other,2.0,4767.16
444454367,1st Street South,tertiary,False,False,12.987,1698,560,50.0,0.0,2.0,None,None,None,None,1.8700000047683716,1.8899999856948853,1.8799999952316284,1.0,tertiary,2.0,1422.73
444454367,1st Street South,tertiary,False,True,12.466,1699,683,50.0,0.0,2.0,None,None,None,None,1.8700000047683716,1.9600000381469727,1.9149999618530273,1.0,tertiary,2.0,1380.92
444454367,1st Street South,tertiary,False,False,12.647,1700,332,50.0,0.0,2.0,None,None,None,None,1.7899999618530273,1.9299999475479126,1.8599998950958252,1.0,tertiary,2.0,1376.63
444454367,1st Street South,tertiary,False,True,41.762,1701,929,50.0,0.001,2.0,None,None,None,None,1.8600000143051147,1.9500000476837158,1.8933334350585938,1.0,tertiary,2.0,4594.52
83591037,5th Avenue South,residential,False,False,59.85,1702,927,44.0,0.001,2.0,None,None,None,None,1.3700000047683716,1.7999999523162842,1.631250023841858,1.0,other,2.0,5173.28
83591037,5th Avenue South,residential,False,True,8.179,1703,54,44.0,0.0,2.0,None,None,None,None,1.7899999618530273,1.7899999618530273,1.7899999618530273,1.0,other,2.0,745.92
444454367,1st Street South,tertiary,False,False,39.51,1704,928,50.0,0.001,2.0,None,None,None,None,1.2100000381469727,2.009999990463257,1.7533332506815593,1.0,tertiary,2.0,4153.16
444454367,1st Street South,tertiary,False,True,11.215,1705,561,50.0,0.0,2.0,None,None,None,None,1.2100000381469727,1.7899999618530273,1.5,1.0,tertiary,2.0,1079.44
444454367,1st Street South,tertiary,False,False,18.767,1706,560,50.0,0.0,2.0,None,None,None,None,1.8799999952316284,1.9800000190734863,1.942500114440918,1.0,tertiary,2.0,2096.98
444454367,1st Street South,tertiary,False,True,17.808,1707,683,50.0,0.0,2.0,None,None,None,None,1.8799999952316284,2.0199999809265137,1.9299999872843425,1.0,tertiary,2.0,1982.03
444454367,1st Street South,tertiary,False,False,12.466,1708,560,50.0,0.0,2.0,None,None,None,None,1.8700000047683716,1.9600000381469727,1.9149999618530273,1.0,tertiary,2.0,1380.92
444454367,1st Street South,tertiary,False,True,18.767,1709,683,50.0,0.0,2.0,None,None,None,None,1.8799999952316284,1.9800000190734863,1.942500114440918,1.0,tertiary,2.0,2096.98
444454367,1st Street South,tertiary,False,False,17.524,1710,560,50.0,0.0,2.0,None,None,None,None,1.8899999856948853,1.9600000381469727,1.9149999618530273,1.0,tertiary,2.0,1941.22
444454367,1st Street South,tertiary,False,True,12.987,1711,683,50.0,0.0,2.0,None,None,None,None,1.8700000047683716,1.8899999856948853,1.8799999952316284,1.0,tertiary,2.0,1422.73
444454367,1st Street South,tertiary,False,False,15.2,1712,560,50.0,0.0,2.0,None,None,None,None,1.9600000381469727,2.0799999237060547,2.0266666412353516,1.0,tertiary,2.0,1739.64
444454367,1st Street South,tertiary,False,True,17.524,1713,683,50.0,0.0,2.0,None,None,None,None,1.8899999856948853,1.9600000381469727,1.9149999618530273,1.0,tertiary,2.0,1941.22
10878731,7th Avenue South,residential,False,False,14.198,1714,61,44.0,0.0,2.0,None,None,None,None,1.9500000476837158,2.049999952316284,2.009999910990397,1.0,other,2.0,1387.5
10878731,7th Avenue South,residential,False,True,8.948,1715,1037,44.0,0.0,2.0,None,None,None,None,2.049999952316284,2.049999952316284,2.049999952316284,1.0,other,2.0,882.5
10878786,10th Street South,residential,False,False,58.81,1716,711,44.0,0.001,2.0,None,None,None,None,0.36000001430511475,0.5,0.4142857279096331,1.0,other,2.0,1827.31
10878786,10th Street South,residential,False,True,50.972,1717,715,44.0,0.001,2.0,None,None,None,None,0.27000001072883606,0.36000001430511475,0.3299999918256487,1.0,other,2.0,1261.56
434303813,3rd Street South,primary,True,False,12.53,1718,1041,56.0,0.0,2.0,FL A1A,35 mph,None,None,1.850000023841858,1.909999966621399,1.8766667048136394,1.0,primary,2.0,1958.86
122483553,6th Avenue South,residential,False,False,19.363,1719,57,44.0,0.0,2.0,None,None,None,None,2.0999999046325684,2.240000009536743,2.1750001907348633,1.0,other,2.0,1964.13
122483553,6th Avenue South,residential,False,True,73.871,1720,1040,44.0,0.002,2.0,None,None,None,None,1.7799999713897705,2.2200000286102295,1.9659999847412108,1.0,other,2.0,7127.07
434303813,3rd Street South,primary,True,False,50.753,1721,1041,56.0,0.001,2.0,FL A1A,35 mph,None,None,1.75,1.899999976158142,1.8333333333333333,1.0,primary,2.0,7824.42
10868875,South 2nd Street,residential,False,False,52.113,1722,51,40.0,0.001,2.0,None,25 mph,None,None,1.7799999713897705,1.8600000143051147,1.8071428026471819,1.0,other,2.0,4779.51
10868875,South 2nd Street,residential,False,True,50.338,1723,56,40.0,0.001,2.0,None,25 mph,None,None,1.8200000524520874,1.8600000143051147,1.8457141603742326,1.0,other,2.0,4674.96
444454367,1st Street South,tertiary,False,False,51.286,1724,928,50.0,0.001,2.0,None,None,None,None,1.840000033378601,2.049999952316284,1.9700001307896204,1.0,tertiary,2.0,5779.93
444454367,1st Street South,tertiary,False,True,39.51,1725,561,50.0,0.001,2.0,None,None,None,None,1.2100000381469727,2.009999990463257,1.7533332506815593,1.0,tertiary,2.0,4153.16
434963585,4th Avenue South,residential,False,False,5.216,1726,49,44.0,0.0,2.0,None,None,None,None,2.0999999046325684,2.119999885559082,2.109999895095825,1.0,other,2.0,521.47
434963585,4th Avenue South,residential,False,True,12.108,1727,1047,44.0,0.0,2.0,None,None,None,None,2.119999885559082,2.119999885559082,2.119999885559082,1.0,other,2.0,1213.22
122483552,4th Avenue South,residential,False,True,46.374,1728,1047,44.0,0.001,2.0,None,None,None,None,1.9900000095367432,2.0199999809265137,2.0042856761387418,1.0,other,2.0,4525.94
434963585,4th Avenue South,residential,False,False,34.802,1729,49,44.0,0.001,2.0,None,None,None,None,2.009999990463257,2.119999885559082,2.065999984741211,1.0,other,2.0,3444.88
122483552,4th Avenue South,residential,False,False,46.374,1730,49,44.0,0.001,2.0,None,None,None,None,1.9900000095367432,2.0199999809265137,2.0042856761387418,1.0,other,2.0,4525.94
122483552,4th Avenue South,residential,False,True,7.689,1731,1047,44.0,0.0,2.0,None,None,None,None,2.009999990463257,2.049999952316284,2.0299999713897705,1.0,other,2.0,754.87
434303813,3rd Street South,primary,True,False,52.069,1732,1044,56.0,0.001,2.0,FL A1A,35 mph,None,None,1.8799999952316284,2.0999999046325684,1.9857142312186105,1.0,primary,2.0,8424.02
10868875,South 2nd Street,residential,False,False,53.734,1733,47,40.0,0.001,2.0,None,25 mph,None,None,1.8600000143051147,1.8899999856948853,1.8771427699497767,1.0,other,2.0,5041.02
10868875,South 2nd Street,residential,False,True,23.516,1734,52,40.0,0.001,2.0,None,25 mph,None,None,1.8899999856948853,1.940000057220459,1.9224998950958252,1.0,other,2.0,2238.14
434303813,3rd Street South,primary,True,False,9.474,1735,1044,56.0,0.0,2.0,FL A1A,35 mph,None,None,1.8700000047683716,1.8799999952316284,1.875,1.0,primary,2.0,1480.31
10868875,South 2nd Street,residential,False,False,23.516,1736,47,40.0,0.001,2.0,None,25 mph,None,None,1.8899999856948853,1.940000057220459,1.9224998950958252,1.0,other,2.0,2238.14
10868875,South 2nd Street,residential,False,True,27.878,1737,52,40.0,0.001,2.0,None,25 mph,None,None,1.940000057220459,2.049999952316284,1.9850000143051147,1.0,other,2.0,2705.56
10868875,South 2nd Street,residential,False,False,37.514,1738,43,40.0,0.001,2.0,None,25 mph,None,None,1.9299999475479126,2.0899999141693115,2.021666685740153,1.0,other,2.0,3675.9
10868875,South 2nd Street,residential,False,True,4.008,1739,48,40.0,0.0,2.0,None,25 mph,None,None,1.9299999475479126,1.9299999475479126,1.9299999475479126,1.0,other,2.0,382.36
434303813,3rd Street South,primary,True,False,7.744,1740,1046,56.0,0.0,2.0,FL A1A,35 mph,None,None,2.140000104904175,2.180000066757202,2.1600000858306885,1.0,primary,2.0,1304.86
434963585,4th Avenue South,residential,False,False,12.108,1741,49,44.0,0.0,2.0,None,None,None,None,2.119999885559082,2.119999885559082,2.119999885559082,1.0,other,2.0,1213.22
434963585,4th Avenue South,residential,False,True,34.802,1742,1047,44.0,0.001,2.0,None,None,None,None,2.009999990463257,2.119999885559082,2.065999984741211,1.0,other,2.0,3444.88
434303813,3rd Street South,primary,True,False,23.864,1743,1046,56.0,0.0,2.0,FL A1A,35 mph,None,None,2.0799999237060547,2.309999942779541,2.200000047683716,1.0,primary,2.0,4056.88
434303813,3rd Street South,primary,True,False,52.63,1744,1046,56.0,0.001,2.0,FL A1A,35 mph,None,None,2.130000114440918,2.2699999809265137,2.1942858014787947,1.0,primary,2.0,8935.82
683228854,3rd Avenue South,residential,False,False,20.011,1745,45,44.0,0.0,2.0,None,None,None,None,1.9800000190734863,2.0899999141693115,2.007999801635742,1.0,other,2.0,1954.67
683228854,3rd Avenue South,residential,False,True,12.63,1746,1050,44.0,0.0,2.0,None,None,None,None,1.9600000381469727,1.9800000190734863,1.9700000286102295,1.0,other,2.0,1220.06
10868875,South 2nd Street,residential,False,False,29.347,1747,43,40.0,0.001,2.0,None,25 mph,None,None,1.9199999570846558,2.0999999046325684,2.0139999389648438,1.0,other,2.0,2870.58
10868875,South 2nd Street,residential,False,True,24.753,1748,48,40.0,0.001,2.0,None,25 mph,None,None,1.9199999570846558,2.109999895095825,2.0249998569488525,1.0,other,2.0,2427.34
683228854,3rd Avenue South,residential,False,False,14.175,1749,45,44.0,0.0,2.0,None,None,None,None,2.0899999141693115,2.25,2.1700000762939453,1.0,other,2.0,1436.28
683228854,3rd Avenue South,residential,False,True,20.011,1750,1050,44.0,0.0,2.0,None,None,None,None,1.9800000190734863,2.0899999141693115,2.007999801635742,1.0,other,2.0,1954.67
683228851,3rd Street South,primary,True,False,44.911,1751,1049,56.0,0.001,2.0,FL A1A,35 mph,None,None,1.7599999904632568,1.9900000095367432,1.903333346048991,1.0,primary,2.0,7080.97
683228845,South 2nd Street,residential,False,False,28.945,1752,39,40.0,0.001,2.0,None,25 mph,None,None,2.1600000858306885,2.2200000286102295,2.1740001678466796,1.0,other,2.0,2935.46
683228845,South 2nd Street,residential,False,True,43.644,1753,44,40.0,0.001,2.0,None,25 mph,None,None,2.200000047683716,2.2799999713897705,2.2266667683919272,1.0,other,2.0,4477.87
444454367,1st Street South,tertiary,False,False,29.708,1754,188,50.0,0.001,2.0,None,None,None,None,2.2300000190734863,2.3299999237060547,2.27599983215332,1.0,tertiary,2.0,3594.52
444454367,1st Street South,tertiary,False,True,10.114,1755,943,50.0,0.0,2.0,None,None,None,None,2.309999942779541,2.3299999237060547,2.319999933242798,1.0,tertiary,2.0,1235.43
683228851,3rd Street South,primary,True,False,20.408,1756,1049,56.0,0.0,2.0,FL A1A,35 mph,None,None,1.940000057220459,2.190000057220459,2.0625,1.0,primary,2.0,3364.13
683228845,South 2nd Street,residential,False,False,22.592,1757,39,40.0,0.001,2.0,None,25 mph,None,None,2.109999895095825,2.1600000858306885,2.133333206176758,1.0,other,2.0,2270.5
683228845,South 2nd Street,residential,False,True,28.945,1758,44,40.0,0.001,2.0,None,25 mph,None,None,2.1600000858306885,2.2200000286102295,2.1740001678466796,1.0,other,2.0,2935.46
683228851,3rd Street South,primary,True,False,8.526,1759,1049,56.0,0.0,2.0,FL A1A,35 mph,None,None,1.940000057220459,1.9500000476837158,1.9450000524520874,1.0,primary,2.0,1362.03
683228857,2nd Street South,residential,False,False,43.629,1760,37,40.0,0.001,2.0,None,25 mph,None,None,2.1700000762939453,2.25,2.2066667874654136,1.0,other,2.0,4456.7
683228857,2nd Street South,residential,False,True,28.649,1761,42,40.0,0.001,2.0,None,25 mph,None,None,2.0799999237060547,2.2899999618530273,2.21200008392334,1.0,other,2.0,2929.93
444454367,1st Street South,tertiary,False,False,28.873,1762,468,50.0,0.001,2.0,None,None,None,None,2.0299999713897705,2.0799999237060547,2.044999837875366,1.0,tertiary,2.0,3318.41
444454367,1st Street South,tertiary,False,True,50.995,1763,189,50.0,0.001,2.0,None,None,None,None,1.9700000286102295,2.049999952316284,2.0114286967686246,1.0,tertiary,2.0,5815.98
444454367,1st Street South,tertiary,False,False,10.114,1764,188,50.0,0.0,2.0,None,None,None,None,2.309999942779541,2.3299999237060547,2.319999933242798,1.0,tertiary,2.0,1235.43
444454367,1st Street South,tertiary,False,True,41.404,1765,943,50.0,0.001,2.0,None,None,None,None,2.069999933242798,2.369999885559082,2.234999974568685,1.0,tertiary,2.0,4965.12
444454367,1st Street South,tertiary,False,False,22.127,1766,188,50.0,0.0,2.0,None,None,None,None,2.3299999237060547,2.4800000190734863,2.4100000063578286,1.0,tertiary,2.0,2755.09
444454367,1st Street South,tertiary,False,True,29.708,1767,943,50.0,0.001,2.0,None,None,None,None,2.2300000190734863,2.3299999237060547,2.27599983215332,1.0,tertiary,2.0,3594.52
444454367,1st Street South,tertiary,False,False,23.702,1768,468,50.0,0.0,2.0,None,None,None,None,2.0299999713897705,2.369999885559082,2.197499990463257,1.0,tertiary,2.0,2818.98
444454367,1st Street South,tertiary,False,True,28.873,1769,189,50.0,0.001,2.0,None,None,None,None,2.0299999713897705,2.0799999237060547,2.044999837875366,1.0,tertiary,2.0,3318.41
683228857,2nd Street South,residential,False,False,27.849,1770,1073,40.0,0.001,2.0,None,25 mph,None,None,2.1500000953674316,2.240000009536743,2.1999998092651367,1.0,other,2.0,2840.6
683228857,2nd Street South,residential,False,True,14.578,1771,38,40.0,0.0,2.0,None,25 mph,None,None,2.059999942779541,2.25,2.183333396911621,1.0,other,2.0,1481.49
444454367,1st Street South,tertiary,False,False,54.612,1772,1097,50.0,0.001,2.0,None,None,None,None,1.8899999856948853,2.009999990463257,1.9657143184116908,1.0,tertiary,2.0,6146.58
444454367,1st Street South,tertiary,False,True,4.153,1773,469,50.0,0.0,2.0,None,None,None,None,1.8899999856948853,1.8899999856948853,1.8899999856948853,1.0,tertiary,2.0,456.41
444454367,1st Street South,tertiary,False,False,4.153,1774,1097,50.0,0.0,2.0,None,None,None,None,1.8899999856948853,1.8899999856948853,1.8899999856948853,1.0,tertiary,2.0,456.41
444454367,1st Street South,tertiary,False,True,9.311,1775,469,50.0,0.0,2.0,None,None,None,None,1.8600000143051147,1.8899999856948853,1.8733332951863606,1.0,tertiary,2.0,1017.85
683228857,2nd Street South,residential,False,False,14.578,1776,1073,40.0,0.0,2.0,None,25 mph,None,None,2.059999942779541,2.25,2.183333396911621,1.0,other,2.0,1481.49
683228857,2nd Street South,residential,False,True,5.681,1777,38,40.0,0.0,2.0,None,25 mph,None,None,2.059999942779541,2.1600000858306885,2.1100001335144043,1.0,other,2.0,567.96
444454367,1st Street South,tertiary,False,False,9.311,1778,1097,50.0,0.0,2.0,None,None,None,None,1.8600000143051147,1.8899999856948853,1.8733332951863606,1.0,tertiary,2.0,1017.85
444454367,1st Street South,tertiary,False,True,13.384,1779,469,50.0,0.0,2.0,None,None,None,None,1.8700000047683716,1.9299999475479126,1.899999976158142,1.0,tertiary,2.0,1475.59
683228857,2nd Street South,residential,False,False,7.308,1780,1073,40.0,0.0,2.0,None,25 mph,None,None,2.1600000858306885,2.190000057220459,2.1750001907348633,1.0,other,2.0,741.31
683228857,2nd Street South,residential,False,True,4.656,1781,38,40.0,0.0,2.0,None,25 mph,None,None,2.190000057220459,2.190000057220459,2.190000057220459,1.0,other,2.0,473.86
444454367,1st Street South,tertiary,False,False,13.384,1782,1097,50.0,0.0,2.0,None,None,None,None,1.8700000047683716,1.9299999475479126,1.899999976158142,1.0,tertiary,2.0,1475.59
444454367,1st Street South,tertiary,False,True,14.458,1783,469,50.0,0.0,2.0,None,None,None,None,1.9299999475479126,2.0299999713897705,1.9833332697550456,1.0,tertiary,2.0,1636.16
444454367,1st Street South,tertiary,False,False,14.458,1784,1097,50.0,0.0,2.0,None,None,None,None,1.9299999475479126,2.0299999713897705,1.9833332697550456,1.0,tertiary,2.0,1636.16
444454367,1st Street South,tertiary,False,True,7.913,1785,469,50.0,0.0,2.0,None,None,None,None,1.9700000286102295,2.0299999713897705,2.0,1.0,tertiary,2.0,900.1
10883932,North 2nd Street,residential,True,False,2.14,1786,1072,44.0,0.0,2.0,None,None,None,None,2.240000009536743,2.240000009536743,2.240000009536743,1.0,other,2.0,220.21
683228860,North 2nd Street,residential,True,False,6.782,1787,1060,44.0,0.0,2.0,None,None,None,None,2.190000057220459,2.240000009536743,2.2150001525878906,1.0,other,2.0,694.05
683228865,Beach Boulevard,tertiary,True,False,77.96,1788,1057,50.0,0.002,2.0,None,None,None,None,1.8700000047683716,2.119999885559082,1.9569999694824218,1.0,tertiary,2.0,8750.62
683228862,Beach Boulevard,tertiary,True,False,10.631,1789,1069,50.0,0.0,2.0,None,None,None,None,1.7000000476837158,1.840000033378601,1.7633333206176758,1.0,tertiary,2.0,1121.22
351669851,North 2nd Street,residential,True,False,3.439,1790,1070,44.0,0.0,2.0,None,None,None,None,2.140000104904175,2.140000104904175,2.140000104904175,1.0,other,2.0,346.14
683228858,North 2nd Street,residential,True,False,3.102,1791,1066,44.0,0.0,2.0,None,None,None,None,2.140000104904175,2.140000104904175,2.140000104904175,1.0,other,2.0,312.22
444454368,1st Street North,tertiary,False,False,12.629,1792,1099,50.0,0.0,2.0,None,None,None,None,1.9800000190734863,2.0299999713897705,2.005000114440918,1.0,tertiary,2.0,1438.21
444454368,1st Street North,tertiary,False,True,8.036,1793,973,50.0,0.0,2.0,None,None,None,None,1.899999976158142,2.0299999713897705,1.9533333778381348,1.0,tertiary,2.0,900.97
683228865,Beach Boulevard,tertiary,True,False,11.143,1794,1057,50.0,0.0,2.0,None,None,None,None,2.119999885559082,2.119999885559082,2.119999885559082,1.0,tertiary,2.0,1302.62
351669849,Beach Boulevard,tertiary,True,False,11.161,1795,1102,50.0,0.0,2.0,None,None,None,None,2.0799999237060547,2.1500000953674316,2.1200000445048013,1.0,tertiary,2.0,1304.72
351669848,Beach Boulevard,tertiary,True,False,37.316,1796,1063,50.0,0.001,2.0,None,None,None,None,1.75,2.0399999618530273,1.9149999618530273,1.0,tertiary,2.0,4133.68
351669849,Beach Boulevard,tertiary,True,False,4.013,1797,1102,50.0,0.0,2.0,None,None,None,None,1.7699999809265137,1.7699999809265137,1.7699999809265137,1.0,tertiary,2.0,424.17
683228857,2nd Street South,residential,False,False,14.984,1798,1073,40.0,0.0,2.0,None,25 mph,None,None,2.2300000190734863,2.3499999046325684,2.309999942779541,1.0,other,2.0,1565.45
683228857,2nd Street South,residential,False,True,9.776,1799,38,40.0,0.0,2.0,None,25 mph,None,None,2.1500000953674316,2.2300000190734863,2.190000057220459,1.0,other,2.0,994.95
122483548,1st Avenue South,residential,False,False,37.62,1800,35,44.0,0.001,2.0,None,None,None,None,1.9199999570846558,2.069999933242798,2.009999910990397,1.0,other,2.0,3676.41
122483548,1st Avenue South,residential,False,True,5.603,1801,1054,44.0,0.0,2.0,None,None,None,None,2.069999933242798,2.109999895095825,2.0899999141693115,1.0,other,2.0,557.64
683228857,2nd Street South,residential,False,False,28.649,1802,37,40.0,0.001,2.0,None,25 mph,None,None,2.0799999237060547,2.2899999618530273,2.21200008392334,1.0,other,2.0,2929.93
683228857,2nd Street South,residential,False,True,22.827,1803,42,40.0,0.001,2.0,None,25 mph,None,None,2.2899999618530273,2.3499999046325684,2.3299999237060547,1.0,other,2.0,2395.12
683228850,2nd Avenue South,residential,False,False,49.688,1804,41,44.0,0.001,2.0,None,None,None,None,2.049999952316284,2.2699999809265137,2.1737499237060547,1.0,other,2.0,5038.83
683228850,2nd Avenue South,residential,False,True,21.164,1805,1052,44.0,0.0,2.0,None,None,None,None,2.2699999809265137,2.309999942779541,2.2825000286102295,1.0,other,2.0,2198.01
683228855,3rd Street South,primary,True,False,20.793,1806,1053,56.0,0.0,2.0,FL A1A,35 mph,None,None,1.5700000524520874,1.7400000095367432,1.6575000286102295,1.0,primary,2.0,3022.78
683228850,2nd Avenue South,residential,False,False,20.682,1807,41,44.0,0.0,2.0,None,None,None,None,1.9800000190734863,2.049999952316284,2.020000139872233,1.0,other,2.0,2025.8
683228850,2nd Avenue South,residential,False,True,49.688,1808,1052,44.0,0.001,2.0,None,None,None,None,2.049999952316284,2.2699999809265137,2.1737499237060547,1.0,other,2.0,5038.83
683228855,3rd Street South,primary,True,False,23.003,1809,1053,56.0,0.0,2.0,FL A1A,35 mph,None,None,1.590000033378601,1.6799999475479126,1.6299999554951985,1.0,primary,2.0,3312.43
683228855,3rd Street South,primary,True,False,39.896,1810,1053,56.0,0.001,2.0,FL A1A,35 mph,None,None,1.6100000143051147,1.75,1.6766667366027832,1.0,primary,2.0,5838.11
683228855,3rd Street South,primary,True,False,81.002,1811,1055,56.0,0.001,2.0,FL A1A,35 mph,None,None,1.6799999475479126,1.8700000047683716,1.7909997940063476,1.0,primary,2.0,12316.35
683228857,2nd Street South,residential,False,False,9.776,1812,1073,40.0,0.0,2.0,None,25 mph,None,None,2.1500000953674316,2.2300000190734863,2.190000057220459,1.0,other,2.0,994.95
683228857,2nd Street South,residential,False,True,27.849,1813,38,40.0,0.001,2.0,None,25 mph,None,None,2.1500000953674316,2.240000009536743,2.1999998092651367,1.0,other,2.0,2840.6
122483548,1st Avenue South,residential,False,False,5.603,1814,35,44.0,0.0,2.0,None,None,None,None,2.069999933242798,2.109999895095825,2.0899999141693115,1.0,other,2.0,557.64
122483548,1st Avenue South,residential,False,True,47.104,1815,1054,44.0,0.001,2.0,None,None,None,None,2.109999895095825,2.3399999141693115,2.1971427372523715,1.0,other,2.0,4801.58
83591037,5th Avenue South,residential,False,False,63.19,1816,411,44.0,0.001,2.0,None,None,None,None,1.9199999570846558,2.1500000953674316,2.019999885559082,1.0,other,2.0,6189.46
83591037,5th Avenue South,residential,False,True,8.545,1817,824,44.0,0.0,2.0,None,None,None,None,1.9299999475479126,2.0799999237060547,2.004999876022339,1.0,other,2.0,834.1
122483553,6th Avenue South,residential,False,False,24.448,1818,414,44.0,0.001,2.0,None,None,None,None,2.109999895095825,2.140000104904175,2.122499942779541,1.0,other,2.0,2451.06
122483553,6th Avenue South,residential,False,True,23.375,1819,565,44.0,0.001,2.0,None,None,None,None,1.7899999618530273,2.119999885559082,1.9325000047683716,1.0,other,2.0,2231.73
122483553,6th Avenue South,residential,False,False,23.375,1820,414,44.0,0.001,2.0,None,None,None,None,1.7899999618530273,2.119999885559082,1.9325000047683716,1.0,other,2.0,2231.73
122483553,6th Avenue South,residential,False,True,28.481,1821,565,44.0,0.001,2.0,None,None,None,None,1.7899999618530273,1.9299999475479126,1.8479999542236327,1.0,other,2.0,2647.02
83591037,5th Avenue South,residential,False,False,8.545,1822,411,44.0,0.0,2.0,None,None,None,None,1.9299999475479126,2.0799999237060547,2.004999876022339,1.0,other,2.0,834.1
83591037,5th Avenue South,residential,False,True,28.683,1823,824,44.0,0.001,2.0,None,None,None,None,1.9800000190734863,2.0799999237060547,2.0099998474121095,1.0,other,2.0,2803.05
10874232,3rd Street South,primary,True,False,52.681,1824,335,56.0,0.001,2.0,FL A1A,35 mph,None,None,1.8799999952316284,1.9800000190734863,1.9385713849748885,1.0,primary,2.0,8398.86
434963585,4th Avenue South,residential,False,False,21.392,1825,336,44.0,0.0,2.0,None,None,None,None,2.009999990463257,2.140000104904175,2.0625,1.0,other,2.0,2115.8
434963585,4th Avenue South,residential,False,True,15.788,1826,340,44.0,0.0,2.0,None,None,None,None,2.0199999809265137,2.069999933242798,2.0399999618530273,1.0,other,2.0,1553.54
434963585,4th Avenue South,residential,False,False,15.788,1827,336,44.0,0.0,2.0,None,None,None,None,2.0199999809265137,2.069999933242798,2.0399999618530273,1.0,other,2.0,1553.54
434963585,4th Avenue South,residential,False,True,22.799,1828,340,44.0,0.001,2.0,None,None,None,None,2.049999952316284,2.0799999237060547,2.0633331934611,1.0,other,2.0,2255.39
434963585,4th Avenue South,residential,False,False,26.697,1829,336,44.0,0.001,2.0,None,None,None,None,2.140000104904175,2.369999885559082,2.262500047683716,1.0,other,2.0,2760.64
434963585,4th Avenue South,residential,False,True,21.392,1830,340,44.0,0.0,2.0,None,None,None,None,2.009999990463257,2.140000104904175,2.0625,1.0,other,2.0,2115.8
10882817,South 4th Street,residential,False,False,20.973,1831,337,44.0,0.0,2.0,None,None,None,None,2.130000114440918,2.259999990463257,2.1875,1.0,other,2.0,2133.35
10882817,South 4th Street,residential,False,True,50.899,1832,823,44.0,0.001,2.0,None,None,None,None,2.130000114440918,2.359999895095825,2.247142791748047,1.0,other,2.0,5245.69
10882817,South 4th Street,residential,False,False,33.134,1833,337,44.0,0.001,2.0,None,None,None,None,2.140000104904175,2.25,2.214000129699707,1.0,other,2.0,3390.11
10882817,South 4th Street,residential,False,True,20.973,1834,823,44.0,0.0,2.0,None,None,None,None,2.130000114440918,2.259999990463257,2.1875,1.0,other,2.0,2133.35
202526447,Beach Boulevard,primary,True,False,23.121,1835,981,56.0,0.0,2.0,US 90,35 mph,None,None,1.8700000047683716,1.9199999570846558,1.8975000381469727,1.0,primary,2.0,3638.67
10882817,South 4th Street,residential,False,False,1.301,1836,980,44.0,0.0,2.0,None,None,None,None,1.5,1.5,1.5,1.0,other,2.0,107.33
10882817,South 4th Street,residential,False,True,11.762,1837,471,44.0,0.0,2.0,None,None,None,None,1.5,1.8200000524520874,1.6600000858306885,1.0,other,2.0,1026.82
288720070,1st Avenue South,residential,False,False,18.267,1838,405,44.0,0.0,2.0,None,None,None,None,2.0,2.069999933242798,2.0399999618530273,1.0,other,2.0,1797.47
288720070,1st Avenue South,residential,False,True,46.38,1839,473,44.0,0.001,2.0,None,None,None,None,1.7999999523162842,2.0,1.8600001335144043,1.0,other,2.0,4327.25
10882817,South 4th Street,residential,False,False,44.729,1840,980,44.0,0.001,2.0,None,None,None,None,1.6699999570846558,2.1500000953674316,1.961666742960612,1.0,other,2.0,4309.64
10882817,South 4th Street,residential,False,True,50.274,1841,471,44.0,0.001,2.0,None,None,None,None,1.5,2.200000047683716,1.8942857469831194,1.0,other,2.0,4742.27
288720070,1st Avenue South,residential,False,False,46.38,1842,405,44.0,0.001,2.0,None,None,None,None,1.7999999523162842,2.0,1.8600001335144043,1.0,other,2.0,4327.25
288720070,1st Avenue South,residential,False,True,19.446,1843,473,44.0,0.0,2.0,None,None,None,None,1.7799999713897705,1.8200000524520874,1.8000000317891438,1.0,other,2.0,1779.31
10882817,South 4th Street,residential,False,False,43.422,1844,470,44.0,0.001,2.0,None,None,None,None,1.4600000381469727,2.0,1.7250000635782878,1.0,other,2.0,3875.41
10882817,South 4th Street,residential,False,True,50.193,1845,196,44.0,0.001,2.0,None,None,None,None,1.5499999523162842,2.049999952316284,1.822857175554548,1.0,other,2.0,4627.08
122483550,2nd Avenue South,residential,False,False,6.06,1846,193,44.0,0.0,2.0,None,None,None,None,2.0199999809265137,2.0199999809265137,2.0199999809265137,1.0,other,2.0,593.58
122483550,2nd Avenue South,residential,False,True,32.304,1847,197,44.0,0.001,2.0,None,None,None,None,1.9299999475479126,2.069999933242798,2.029999923706055,1.0,other,2.0,3171.45
122483550,2nd Avenue South,residential,False,False,32.304,1848,193,44.0,0.001,2.0,None,None,None,None,1.9299999475479126,2.069999933242798,2.029999923706055,1.0,other,2.0,3171.45
122483550,2nd Avenue South,residential,False,True,18.287,1849,197,44.0,0.0,2.0,None,None,None,None,1.9299999475479126,2.059999942779541,1.9899999300638835,1.0,other,2.0,1777.5
122483550,2nd Avenue South,residential,False,False,4.478,1850,193,44.0,0.0,2.0,None,None,None,None,1.899999976158142,1.9299999475479126,1.9149999618530273,1.0,other,2.0,425.19
122483550,2nd Avenue South,residential,False,True,12.09,1851,197,44.0,0.0,2.0,None,None,None,None,1.850000023841858,1.899999976158142,1.875,1.0,other,2.0,1133.44
122483550,2nd Avenue South,residential,False,False,18.287,1852,193,44.0,0.0,2.0,None,None,None,None,1.9299999475479126,2.059999942779541,1.9899999300638835,1.0,other,2.0,1777.5
122483550,2nd Avenue South,residential,False,True,4.478,1853,197,44.0,0.0,2.0,None,None,None,None,1.899999976158142,1.9299999475479126,1.9149999618530273,1.0,other,2.0,425.19
10876469,South 5th Street,residential,False,False,58.411,1854,610,44.0,0.001,2.0,None,None,None,None,1.3200000524520874,1.5199999809265137,1.468571390424456,1.0,other,2.0,4747.31
10876469,South 5th Street,residential,False,True,20.061,1855,476,44.0,0.0,2.0,None,None,None,None,1.4299999475479126,1.5499999523162842,1.497499942779541,1.0,other,2.0,1653.08
10897442,Shetter Avenue,residential,False,False,33.672,1856,612,44.0,0.001,2.0,None,None,None,None,1.2000000476837158,1.340000033378601,1.2699999809265137,1.0,other,2.0,2475.9
10897442,Shetter Avenue,residential,False,True,33.865,1857,737,44.0,0.001,2.0,None,None,None,None,1.340000033378601,1.5499999523162842,1.440000057220459,1.0,other,2.0,2714.62
10897442,Shetter Avenue,residential,False,False,3.813,1858,612,44.0,0.0,2.0,None,None,None,None,1.159999966621399,1.1699999570846558,1.1649999618530273,1.0,other,2.0,264.76
10897442,Shetter Avenue,residential,False,True,19.253,1859,737,44.0,0.0,2.0,None,None,None,None,1.159999966621399,1.2000000476837158,1.1799999872843425,1.0,other,2.0,1348.1
288720070,1st Avenue South,residential,False,False,59.165,1860,481,44.0,0.001,2.0,None,None,None,None,0.7699999809265137,1.1200000047683716,0.9755556318495009,1.0,other,2.0,3653.64
288720070,1st Avenue South,residential,False,True,30.499,1861,485,44.0,0.001,2.0,None,None,None,None,0.8999999761581421,0.9300000071525574,0.9125000238418579,1.0,other,2.0,1785.34
288720070,1st Avenue South,residential,False,False,30.499,1862,481,44.0,0.001,2.0,None,None,None,None,0.8999999761581421,0.9300000071525574,0.9125000238418579,1.0,other,2.0,1785.34
288720070,1st Avenue South,residential,False,True,18.884,1863,485,44.0,0.0,2.0,None,None,None,None,0.9200000166893005,0.9300000071525574,0.9266666571299235,1.0,other,2.0,1119.07
10879843,South 6th Street,residential,False,False,45.31,1864,734,44.0,0.001,2.0,None,None,None,None,0.9200000166893005,1.100000023841858,1.0242857251848494,1.0,other,2.0,2897.45
10879843,South 6th Street,residential,False,True,7.005,1865,480,44.0,0.0,2.0,None,None,None,None,0.9800000190734863,0.9800000190734863,0.9800000190734863,1.0,other,2.0,434.17
10897442,Shetter Avenue,residential,False,False,16.796,1866,736,44.0,0.0,2.0,None,None,None,None,1.0499999523162842,1.159999966621399,1.09333340326945,1.0,other,2.0,1119.29
10897442,Shetter Avenue,residential,False,True,20.792,1867,889,44.0,0.0,2.0,None,None,None,None,1.0700000524520874,1.149999976158142,1.096666653951009,1.0,other,2.0,1388.28
10879843,South 6th Street,residential,False,False,7.005,1868,734,44.0,0.0,2.0,None,None,None,None,0.9800000190734863,0.9800000190734863,0.9800000190734863,1.0,other,2.0,434.17
10879843,South 6th Street,residential,False,True,51.638,1869,480,44.0,0.001,2.0,None,None,None,None,0.9800000190734863,1.190000057220459,1.1228572300502233,1.0,other,2.0,3500.61
10884324,7th Street South,residential,False,False,68.294,1870,483,44.0,0.002,2.0,None,None,None,None,1.0,1.3300000429153442,1.2055555979410808,1.0,other,2.0,4850.01
10884324,7th Street South,residential,False,True,14.49,1871,209,44.0,0.0,2.0,None,None,None,None,1.2000000476837158,1.2200000286102295,1.2100000381469727,1.0,other,2.0,1031.54
10884324,7th Street South,residential,False,False,14.49,1872,483,44.0,0.0,2.0,None,None,None,None,1.2000000476837158,1.2200000286102295,1.2100000381469727,1.0,other,2.0,1031.54
10884324,7th Street South,residential,False,True,24.043,1873,209,44.0,0.001,2.0,None,None,None,None,1.1200000047683716,1.2000000476837158,1.1760000228881835,1.0,other,2.0,1679.74
288720070,1st Avenue South,residential,False,False,80.609,1874,484,44.0,0.002,2.0,None,None,None,None,0.8299999833106995,1.1200000047683716,1.0136363289572976,1.0,other,2.0,5121.24
288720070,1st Avenue South,residential,False,True,24.081,1875,489,44.0,0.001,2.0,None,None,None,None,1.1200000047683716,1.1799999475479126,1.14399995803833,1.0,other,2.0,1652.34
10897442,Shetter Avenue,residential,False,False,23.732,1876,888,44.0,0.001,2.0,None,None,None,None,0.949999988079071,1.0199999809265137,0.9750000238418579,1.0,other,2.0,1464.86
10897442,Shetter Avenue,residential,False,True,20.869,1877,958,44.0,0.0,2.0,None,None,None,None,1.0099999904632568,1.059999942779541,1.024999976158142,1.0,other,2.0,1335.09
10894908,South 8th Street,residential,False,False,51.429,1878,955,44.0,0.001,2.0,None,None,None,None,0.8299999833106995,1.0099999904632568,0.9157142639160156,1.0,other,2.0,3018.96
10894908,South 8th Street,residential,False,True,53.166,1879,488,44.0,0.001,2.0,None,None,None,None,1.0099999904632568,1.149999976158142,1.0657142911638533,1.0,other,2.0,3485.71
10884136,South 9th Street,tertiary,False,False,51.033,1880,848,50.0,0.001,2.0,None,None,None,None,0.23999999463558197,0.33000001311302185,0.26571428775787354,1.0,tertiary,2.0,1186.52
10884136,South 9th Street,tertiary,False,True,52.027,1881,493,50.0,0.001,2.0,None,None,None,None,0.28999999165534973,0.4000000059604645,0.3414285523550851,1.0,tertiary,2.0,1554.31
10878786,10th Street South,residential,False,False,51.108,1882,699,44.0,0.001,2.0,None,None,None,None,,,,0.0,other,2.0,
10878786,10th Street South,residential,False,True,30.868,1883,496,44.0,0.001,2.0,None,None,None,None,,,,0.0,other,2.0,
10897442,Shetter Avenue,residential,False,False,9.939,1884,850,44.0,0.0,2.0,None,None,None,None,,,,0.0,other,2.0,
10897442,Shetter Avenue,residential,False,True,23.536,1885,702,44.0,0.001,2.0,None,None,None,None,0.07999999821186066,0.07999999821186066,0.07999999821186066,0.2891389438399831,other,2.0,40.83
10897442,Shetter Avenue,residential,False,False,23.536,1886,850,44.0,0.001,2.0,None,None,None,None,0.07999999821186066,0.07999999821186066,0.07999999821186066,0.2891389438399831,other,2.0,40.83
10897442,Shetter Avenue,residential,False,True,28.139,1887,702,44.0,0.001,2.0,None,None,None,None,0.07999999821186066,0.28999999165534973,0.17999998331069947,1.0,other,2.0,379.88
10897442,Shetter Avenue,residential,False,False,61.669,1888,957,44.0,0.001,2.0,None,None,None,None,0.28999999165534973,0.75,0.5199999809265137,1.0,other,2.0,2375.49
10897442,Shetter Avenue,residential,False,True,45.421,1889,851,44.0,0.001,2.0,None,None,None,None,0.75,1.0499999523162842,0.8814285142081124,1.0,other,2.0,2586.86
10884324,7th Street South,residential,False,False,13.078,1890,350,44.0,0.0,2.0,None,None,None,None,1.1100000143051147,1.149999976158142,1.1366666158040364,1.0,other,2.0,893.62
10884324,7th Street South,residential,False,True,82.07,1891,897,44.0,0.002,2.0,None,None,None,None,1.1100000143051147,1.2000000476837158,1.1550000190734864,1.0,other,2.0,5666.52
10884324,7th Street South,residential,False,False,82.07,1892,350,44.0,0.002,2.0,None,None,None,None,1.1100000143051147,1.2000000476837158,1.1550000190734864,1.0,other,2.0,5666.52
10884324,7th Street South,residential,False,True,10.406,1893,897,44.0,0.0,2.0,None,None,None,None,1.2000000476837158,1.2400000095367432,1.2200000286102295,1.0,other,2.0,744.86
122483550,2nd Avenue South,residential,False,False,7.673,1894,193,44.0,0.0,2.0,None,None,None,None,2.0199999809265137,2.0899999141693115,2.054999828338623,1.0,other,2.0,757.61
122483550,2nd Avenue South,residential,False,True,6.06,1895,197,44.0,0.0,2.0,None,None,None,None,2.0199999809265137,2.0199999809265137,2.0199999809265137,1.0,other,2.0,593.58
10874232,3rd Street South,primary,True,False,24.739,1896,192,56.0,0.0,2.0,FL A1A,35 mph,None,None,2.0399999618530273,2.2200000286102295,2.1200000762939455,1.0,primary,2.0,4131.41
122483551,3rd Avenue South,residential,False,False,29.454,1897,408,44.0,0.001,2.0,None,None,None,None,1.9199999570846558,2.25,2.0399999618530273,1.0,other,2.0,2898.27
122483551,3rd Avenue South,residential,False,True,50.479,1898,820,44.0,0.001,2.0,None,None,None,None,2.049999952316284,2.190000057220459,2.1133333841959634,1.0,other,2.0,5050.42
10874232,3rd Street South,primary,True,False,16.338,1899,192,56.0,0.0,2.0,FL A1A,35 mph,None,None,2.2200000286102295,2.2699999809265137,2.244999885559082,1.0,primary,2.0,2805.03
122483551,3rd Avenue South,residential,False,False,13.279,1900,408,44.0,0.0,2.0,None,None,None,None,2.25,2.309999942779541,2.2899999618530273,1.0,other,2.0,1381.35
122483551,3rd Avenue South,residential,False,True,4.283,1901,820,44.0,0.0,2.0,None,None,None,None,2.25,2.25,2.25,1.0,other,2.0,441.68
10882817,South 4th Street,residential,False,False,53.501,1902,818,44.0,0.001,2.0,None,None,None,None,2.109999895095825,2.259999990463257,2.2071429661342075,1.0,other,2.0,5465.7
10882817,South 4th Street,residential,False,True,51.034,1903,338,44.0,0.001,2.0,None,None,None,None,2.130000114440918,2.309999942779541,2.2514286041259766,1.0,other,2.0,5264.52
10874232,3rd Street South,primary,True,False,9.776,1904,407,56.0,0.0,2.0,FL A1A,35 mph,None,None,2.2300000190734863,2.299999952316284,2.2649998664855957,1.0,primary,2.0,1685.75
10874232,3rd Street South,primary,True,False,43.191,1905,407,56.0,0.001,2.0,FL A1A,35 mph,None,None,2.119999885559082,2.2300000190734863,2.1599999836512973,1.0,primary,2.0,7277.68
434963585,4th Avenue South,residential,False,False,22.799,1906,336,44.0,0.001,2.0,None,None,None,None,2.049999952316284,2.0799999237060547,2.0633331934611,1.0,other,2.0,2255.39
434963585,4th Avenue South,residential,False,True,13.327,1907,340,44.0,0.0,2.0,None,None,None,None,2.0799999237060547,2.119999885559082,2.1033331553141275,1.0,other,2.0,1330.37
434963585,4th Avenue South,residential,False,False,62.233,1908,339,44.0,0.001,2.0,None,None,None,None,1.809999942779541,1.9900000095367432,1.9044445885552301,1.0,other,2.0,5889.32
434963585,4th Avenue South,residential,False,True,42.523,1909,344,44.0,0.001,2.0,None,None,None,None,1.9900000095367432,2.259999990463257,2.123333295186361,1.0,other,2.0,4263.99
122483551,3rd Avenue South,residential,False,False,4.283,1910,408,44.0,0.0,2.0,None,None,None,None,2.25,2.25,2.25,1.0,other,2.0,441.68
122483551,3rd Avenue South,residential,False,True,29.454,1911,820,44.0,0.001,2.0,None,None,None,None,1.9199999570846558,2.25,2.0399999618530273,1.0,other,2.0,2898.27
10874232,3rd Street South,primary,True,False,50.611,1912,404,56.0,0.001,2.0,FL A1A,35 mph,None,None,1.7599999904632568,1.850000023841858,1.812857219151088,1.0,primary,2.0,7750.71
288720070,1st Avenue South,residential,False,False,19.446,1913,405,44.0,0.0,2.0,None,None,None,None,1.7799999713897705,1.8200000524520874,1.8000000317891438,1.0,other,2.0,1779.31
288720070,1st Avenue South,residential,False,True,3.361,1914,473,44.0,0.0,2.0,None,None,None,None,1.8200000524520874,1.8200000524520874,1.8200000524520874,1.0,other,2.0,309.55
10874232,3rd Street South,primary,True,False,17.628,1915,404,56.0,0.0,2.0,FL A1A,35 mph,None,None,1.6699999570846558,1.809999942779541,1.743333339691162,1.0,primary,2.0,2638.32
288720070,1st Avenue South,residential,False,False,3.361,1916,405,44.0,0.0,2.0,None,None,None,None,1.8200000524520874,1.8200000524520874,1.8200000524520874,1.0,other,2.0,309.55
288720070,1st Avenue South,residential,False,True,10.287,1917,473,44.0,0.0,2.0,None,None,None,None,1.8200000524520874,1.9700000286102295,1.880000114440918,1.0,other,2.0,965.95
202526447,Beach Boulevard,primary,True,False,13.347,1918,981,56.0,0.0,2.0,US 90,35 mph,None,None,1.8600000143051147,1.8700000047683716,1.8633333841959636,1.0,primary,2.0,2077.68
10874232,3rd Street South,primary,True,False,65.953,1919,32,56.0,0.001,2.0,FL A1A,35 mph,None,None,1.7300000190734863,1.9500000476837158,1.8387500047683716,1.0,primary,2.0,10185.62
10874232,3rd Street South,primary,True,False,37.373,1920,32,56.0,0.001,2.0,FL A1A,35 mph,None,None,1.649999976158142,1.7899999618530273,1.7416667938232422,1.0,primary,2.0,5590.38
10876469,South 5th Street,residential,False,False,5.144,1921,29,44.0,0.0,2.0,None,None,None,None,1.5499999523162842,1.6100000143051147,1.5799999237060547,1.0,other,2.0,436.73
10876469,South 5th Street,residential,False,True,43.635,1922,611,44.0,0.001,2.0,None,None,None,None,1.3899999856948853,1.649999976158142,1.566666603088379,1.0,other,2.0,3687.16
10882817,South 4th Street,residential,False,False,11.762,1923,980,44.0,0.0,2.0,None,None,None,None,1.5,1.8200000524520874,1.6600000858306885,1.0,other,2.0,1026.82
10882817,South 4th Street,residential,False,True,25.439,1924,471,44.0,0.001,2.0,None,None,None,None,1.8200000524520874,2.059999942779541,1.9575001001358032,1.0,other,2.0,2447.87
10876469,South 5th Street,residential,False,False,24.945,1925,610,44.0,0.001,2.0,None,None,None,None,1.3700000047683716,1.4900000095367432,1.4375,1.0,other,2.0,1997.16
10876469,South 5th Street,residential,False,True,58.411,1926,476,44.0,0.001,2.0,None,None,None,None,1.3200000524520874,1.5199999809265137,1.468571390424456,1.0,other,2.0,4747.31
288720070,1st Avenue South,residential,False,False,28.557,1927,472,44.0,0.001,2.0,None,None,None,None,1.3200000524520874,1.6399999856948853,1.5083333651224773,1.0,other,2.0,2363.09
288720070,1st Avenue South,residential,False,True,58.462,1928,477,44.0,0.001,2.0,None,None,None,None,1.6200000047683716,2.049999952316284,1.7737499475479126,1.0,other,2.0,5303.23
128600936,Beach Boulevard,primary,False,True,17.006,1929,23,56.0,0.0,5.0,US 90,35 mph,None,None,1.1299999952316284,1.159999966621399,1.1433332761128743,1.0,primary,5.0,3888.14
435255811,Beach Boulevard,primary,False,False,38.399,1930,18,56.0,0.001,4.0,US 90,35 mph,None,None,1.159999966621399,1.2300000190734863,1.190000057220459,1.0,primary,4.0,7660.41
435255811,Beach Boulevard,primary,False,False,9.66,1931,18,56.0,0.0,4.0,US 90,35 mph,None,None,1.2300000190734863,1.25,1.2400000095367432,1.0,primary,4.0,1980.49
435255811,Beach Boulevard,primary,False,True,38.399,1932,23,56.0,0.001,4.0,US 90,35 mph,None,None,1.159999966621399,1.2300000190734863,1.190000057220459,1.0,primary,4.0,7660.41
10897442,Shetter Avenue,residential,False,False,61.352,1933,888,44.0,0.001,2.0,None,None,None,None,0.8799999952316284,1.149999976158142,1.0111111534966364,1.0,other,2.0,3891.76
10897442,Shetter Avenue,residential,False,True,23.732,1934,958,44.0,0.001,2.0,None,None,None,None,0.949999988079071,1.0199999809265137,0.9750000238418579,1.0,other,2.0,1464.86
435255811,Beach Boulevard,primary,False,False,30.679,1935,22,56.0,0.001,4.0,US 90,35 mph,None,None,1.2799999713897705,1.3300000429153442,1.3059999465942382,1.0,primary,4.0,6513.55
435255811,Beach Boulevard,primary,False,True,17.092,1936,27,56.0,0.0,4.0,US 90,35 mph,None,None,1.25,1.2799999713897705,1.2633333206176758,1.0,primary,4.0,3548.27
10884324,7th Street South,residential,False,False,62.031,1937,21,44.0,0.001,2.0,None,None,None,None,1.0,1.1799999475479126,1.118749976158142,1.0,other,2.0,4195.23
10884324,7th Street South,residential,False,True,21.97,1938,887,44.0,0.0,2.0,None,None,None,None,1.1699999570846558,1.2999999523162842,1.2333332697550456,1.0,other,2.0,1584.04
435255811,Beach Boulevard,primary,False,False,11.734,1939,22,56.0,0.0,4.0,US 90,35 mph,None,None,1.3300000429153442,1.350000023841858,1.340000033378601,1.0,primary,4.0,2535.37
435255811,Beach Boulevard,primary,False,True,30.679,1940,27,56.0,0.001,4.0,US 90,35 mph,None,None,1.2799999713897705,1.3300000429153442,1.3059999465942382,1.0,primary,4.0,6513.55
435255811,Beach Boulevard,primary,False,False,3.265,1941,22,56.0,0.0,4.0,US 90,35 mph,None,None,1.350000023841858,1.3700000047683716,1.3600000143051147,1.0,primary,4.0,712.68
435255811,Beach Boulevard,primary,False,True,11.734,1942,27,56.0,0.0,4.0,US 90,35 mph,None,None,1.3300000429153442,1.350000023841858,1.340000033378601,1.0,primary,4.0,2535.37
10879843,South 6th Street,residential,False,False,52.716,1943,24,44.0,0.001,2.0,None,None,None,None,1.149999976158142,1.4600000381469727,1.3537499904632568,1.0,other,2.0,4048.39
10879843,South 6th Street,residential,False,True,12.234,1944,735,44.0,0.0,2.0,None,None,None,None,1.4600000381469727,1.5299999713897705,1.4950000047683716,1.0,other,2.0,1006.92
10897442,Shetter Avenue,residential,False,False,69.209,1945,736,44.0,0.002,2.0,None,None,None,None,0.9599999785423279,1.2000000476837158,1.075999927520752,1.0,other,2.0,4565.3
10897442,Shetter Avenue,residential,False,True,16.796,1946,889,44.0,0.0,2.0,None,None,None,None,1.0499999523162842,1.159999966621399,1.09333340326945,1.0,other,2.0,1119.29
10897442,Shetter Avenue,residential,False,False,15.732,1947,612,44.0,0.0,2.0,None,None,None,None,1.149999976158142,1.2599999904632568,1.1924999952316284,1.0,other,2.0,1109.22
10897442,Shetter Avenue,residential,False,True,3.813,1948,737,44.0,0.0,2.0,None,None,None,None,1.159999966621399,1.1699999570846558,1.1649999618530273,1.0,other,2.0,264.76
435255811,Beach Boulevard,primary,False,False,14.441,1949,26,56.0,0.0,4.0,US 90,35 mph,None,None,1.5399999618530273,1.590000033378601,1.5633333524068196,1.0,primary,4.0,3453.32
435255811,Beach Boulevard,primary,False,True,38.898,1950,30,56.0,0.001,4.0,US 90,35 mph,None,None,1.5,1.5399999618530273,1.5139999389648438,1.0,primary,4.0,9138.7
10897442,Shetter Avenue,residential,False,False,19.253,1951,612,44.0,0.0,2.0,None,None,None,None,1.159999966621399,1.2000000476837158,1.1799999872843425,1.0,other,2.0,1348.1
10897442,Shetter Avenue,residential,False,True,33.672,1952,737,44.0,0.001,2.0,None,None,None,None,1.2000000476837158,1.340000033378601,1.2699999809265137,1.0,other,2.0,2475.9
435255811,Beach Boulevard,primary,False,False,50.669,1953,26,56.0,0.001,4.0,US 90,35 mph,None,None,1.590000033378601,1.7599999904632568,1.6742857524326868,1.0,primary,4.0,12594.5
435255811,Beach Boulevard,primary,False,True,4.34,1954,30,56.0,0.0,4.0,US 90,35 mph,None,None,1.590000033378601,1.590000033378601,1.590000033378601,1.0,primary,4.0,1047.68
10894908,South 8th Street,residential,False,False,56.575,1955,17,44.0,0.001,2.0,None,None,None,None,0.5199999809265137,1.100000023841858,0.9414285932268415,1.0,other,2.0,3395.23
10894908,South 8th Street,residential,False,True,19.608,1956,956,44.0,0.0,2.0,None,None,None,None,0.5199999809265137,0.8600000143051147,0.6633333365122477,1.0,other,2.0,898.63
128600936,Beach Boulevard,primary,False,False,17.006,1957,18,56.0,0.0,5.0,US 90,35 mph,None,None,1.1299999952316284,1.159999966621399,1.1433332761128743,1.0,primary,5.0,3888.14
128600936,Beach Boulevard,primary,False,True,42.797,1958,23,56.0,0.001,5.0,US 90,35 mph,None,None,1.100000023841858,1.1299999952316284,1.1066667238871257,1.0,primary,5.0,9580.82
10883108,South 4th Avenue,residential,False,False,9.059,1959,367,44.0,0.0,2.0,None,None,None,None,0.17000000178813934,0.25,0.21000000834465027,1.0,other,2.0,142.68
10883108,South 4th Avenue,residential,False,True,17.199,1960,825,44.0,0.0,2.0,None,None,None,None,0.12999999523162842,0.17000000178813934,0.14666666587193808,1.0,other,2.0,189.19
10888741,South 11th Street,residential,False,True,49.33,1961,1082,44.0,0.001,2.0,None,None,None,None,,,,0.0,other,2.0,
10878786,10th Street South,residential,False,False,93.265,1962,705,44.0,0.002,2.0,None,None,None,None,0.07999999821186066,0.07999999821186066,0.07999999821186066,0.09526832547286342,other,2.0,53.31
10878786,10th Street South,residential,False,True,11.911,1963,364,44.0,0.0,2.0,None,None,None,None,,,,0.0,other,2.0,
10897442,Shetter Avenue,residential,False,False,81.924,1964,720,44.0,0.002,2.0,None,None,None,None,0.28999999165534973,0.550000011920929,0.40000000866976654,1.0,other,2.0,2457.72
10897442,Shetter Avenue,residential,False,True,39.422,1965,969,44.0,0.001,2.0,None,None,None,None,0.11999999731779099,0.5600000023841858,0.35666664441426593,1.0,other,2.0,1054.54
10878786,10th Street South,residential,False,False,30.868,1966,699,44.0,0.001,2.0,None,None,None,None,,,,0.0,other,2.0,
10878786,10th Street South,residential,False,True,23.336,1967,496,44.0,0.001,2.0,None,None,None,None,,,,0.0,other,2.0,
10897442,Shetter Avenue,residential,False,False,24.305,1968,701,44.0,0.001,2.0,None,None,None,None,,,,0.0,other,2.0,
10897442,Shetter Avenue,residential,False,True,61.804,1969,721,44.0,0.001,2.0,None,None,None,None,,,,0.0,other,2.0,
10897442,Shetter Avenue,residential,False,False,33.879,1970,701,44.0,0.001,2.0,None,None,None,None,0.05999999865889549,0.20999999344348907,0.125,0.9742941659935519,other,2.0,309.45
10897442,Shetter Avenue,residential,False,True,24.305,1971,721,44.0,0.001,2.0,None,None,None,None,,,,0.0,other,2.0,
10884136,South 9th Street,tertiary,False,False,14.199,1972,13,50.0,0.0,2.0,None,None,None,None,0.23999999463558197,0.5400000214576721,0.42000001668930054,1.0,tertiary,2.0,521.81
10884136,South 9th Street,tertiary,False,True,58.046,1973,849,50.0,0.001,2.0,None,None,None,None,0.4699999988079071,0.699999988079071,0.5985714367457798,1.0,tertiary,2.0,2879.95
128600936,Beach Boulevard,primary,False,False,6.309,1974,14,56.0,0.0,5.0,US 90,35 mph,None,None,0.8600000143051147,0.8700000047683716,0.8650000095367432,1.0,primary,5.0,1180.1
128600936,Beach Boulevard,primary,False,True,8.844,1975,19,56.0,0.0,5.0,US 90,35 mph,None,None,0.8399999737739563,0.8600000143051147,0.8500000238418579,1.0,primary,5.0,1631.72
128600936,Beach Boulevard,primary,False,False,18.609,1976,14,56.0,0.0,5.0,US 90,35 mph,None,None,0.9300000071525574,0.9700000286102295,0.9566667079925537,1.0,primary,5.0,3770.8
128600936,Beach Boulevard,primary,False,True,8.114,1977,19,56.0,0.0,5.0,US 90,35 mph,None,None,0.8899999856948853,0.9300000071525574,0.9099999666213989,1.0,primary,5.0,1579.8
128600936,Beach Boulevard,primary,False,False,22.047,1978,14,56.0,0.0,5.0,US 90,35 mph,None,None,1.0399999618530273,1.100000023841858,1.0633333524068196,1.0,primary,5.0,4811.39
128600936,Beach Boulevard,primary,False,True,15.133,1979,19,56.0,0.0,5.0,US 90,35 mph,None,None,0.9700000286102295,1.0399999618530273,1.006666660308838,1.0,primary,5.0,3191.05
10894908,South 8th Street,residential,False,False,19.608,1980,17,44.0,0.0,2.0,None,None,None,None,0.5199999809265137,0.8600000143051147,0.6633333365122477,1.0,other,2.0,898.63
10894908,South 8th Street,residential,False,True,24.866,1981,956,44.0,0.001,2.0,None,None,None,None,0.8600000143051147,1.1699999570846558,1.0559999465942382,1.0,other,2.0,1620.87
10884136,South 9th Street,tertiary,False,False,43.86,1982,13,50.0,0.001,2.0,None,None,None,None,0.28999999165534973,0.49000000953674316,0.37599997520446776,1.0,tertiary,2.0,1442.99
10884136,South 9th Street,tertiary,False,True,14.199,1983,849,50.0,0.0,2.0,None,None,None,None,0.23999999463558197,0.5400000214576721,0.42000001668930054,1.0,tertiary,2.0,521.81
128600936,Beach Boulevard,primary,False,False,10.428,1984,10,56.0,0.0,5.0,US 90,35 mph,None,None,0.7400000095367432,0.7699999809265137,0.7549999952316284,1.0,primary,5.0,1755.55
128600936,Beach Boulevard,primary,False,True,29.969,1985,15,56.0,0.001,5.0,US 90,35 mph,None,None,0.699999988079071,0.7400000095367432,0.7225000262260437,1.0,primary,5.0,4879.7
10897442,Shetter Avenue,residential,False,False,46.248,1986,850,44.0,0.001,2.0,None,None,None,None,0.05999999865889549,0.10000000149011612,0.07999999821186066,0.28232102193286385,other,2.0,78.34
10897442,Shetter Avenue,residential,False,True,9.939,1987,702,44.0,0.0,2.0,None,None,None,None,,,,0.0,other,2.0,
10878786,10th Street South,residential,False,False,21.62,1988,8,44.0,0.0,2.0,None,None,None,None,0.10999999940395355,0.18000000715255737,0.14500001072883606,0.8841740609009381,other,2.0,207.88
10878786,10th Street South,residential,False,True,34.275,1989,700,44.0,0.001,2.0,None,None,None,None,0.10000000149011612,0.3100000023841858,0.19199999570846557,0.9269075766236579,other,2.0,457.48
128600936,Beach Boulevard,primary,False,False,29.969,1990,10,56.0,0.001,5.0,US 90,35 mph,None,None,0.699999988079071,0.7400000095367432,0.7225000262260437,1.0,primary,5.0,4879.7
128600936,Beach Boulevard,primary,False,True,7.154,1991,15,56.0,0.0,5.0,US 90,35 mph,None,None,0.6700000166893005,0.699999988079071,0.6850000023841858,1.0,primary,5.0,1119.24
10878786,10th Street South,residential,False,False,41.605,1992,8,44.0,0.001,2.0,None,None,None,None,0.2800000011920929,0.47999998927116394,0.3733333349227905,1.0,other,2.0,1164.94
10878786,10th Street South,residential,False,True,23.82,1993,700,44.0,0.001,2.0,None,None,None,None,0.41999998688697815,0.46000000834465027,0.44333330790201825,1.0,other,2.0,792.01
10878786,10th Street South,residential,False,False,12.857,1994,8,44.0,0.0,2.0,None,None,None,None,0.15000000596046448,0.2800000011920929,0.2150000035762787,1.0,other,2.0,207.32
10878786,10th Street South,residential,False,True,41.605,1995,700,44.0,0.001,2.0,None,None,None,None,0.2800000011920929,0.47999998927116394,0.3733333349227905,1.0,other,2.0,1164.94
128600936,Beach Boulevard,primary,False,False,11.138,1996,6,56.0,0.0,5.0,US 90,35 mph,None,None,0.6800000071525574,0.6899999976158142,0.6850000023841858,1.0,primary,5.0,1742.54
128600936,Beach Boulevard,primary,False,True,14.835,1997,11,56.0,0.0,5.0,US 90,35 mph,None,None,0.6899999976158142,0.7300000190734863,0.7166666984558105,1.0,primary,5.0,2400.8
10878786,10th Street South,residential,False,False,34.275,1998,8,44.0,0.001,2.0,None,None,None,None,0.10000000149011612,0.3100000023841858,0.19199999570846557,0.9269075766236579,other,2.0,457.48
10878786,10th Street South,residential,False,True,12.857,1999,700,44.0,0.0,2.0,None,None,None,None,0.15000000596046448,0.2800000011920929,0.2150000035762787,1.0,other,2.0,207.32
10897442,Shetter Avenue,residential,False,False,16.604,2000,701,44.0,0.0,2.0,None,None,None,None,0.11999999731779099,0.1899999976158142,0.1550000011920929,0.8669420123815889,other,2.0,167.34
10897442,Shetter Avenue,residential,False,True,33.879,2001,721,44.0,0.001,2.0,None,None,None,None,0.05999999865889549,0.20999999344348907,0.125,0.9742941659935519,other,2.0,309.45
10897442,Shetter Avenue,residential,False,False,32.198,2002,701,44.0,0.001,2.0,None,None,None,None,0.1899999976158142,0.49000000953674316,0.34600000381469725,1.0,other,2.0,835.54
10897442,Shetter Avenue,residential,False,True,16.604,2003,721,44.0,0.0,2.0,None,None,None,None,0.11999999731779099,0.1899999976158142,0.1550000011920929,0.8669420123815889,other,2.0,167.34
10879764,South 12th Street,residential,False,False,18.751,2004,1,44.0,0.0,2.0,None,None,None,None,0.6899999976158142,0.7799999713897705,0.7366666793823242,1.0,other,2.0,929.49
10879764,South 12th Street,residential,False,True,12.969,2005,719,44.0,0.0,2.0,None,None,None,None,0.7799999713897705,0.8100000023841858,0.7949999570846558,1.0,other,2.0,681.46
128600936,Beach Boulevard,primary,False,False,14.835,2006,6,56.0,0.0,5.0,US 90,35 mph,None,None,0.6899999976158142,0.7300000190734863,0.7166666984558105,1.0,primary,5.0,2400.8
128600936,Beach Boulevard,primary,False,True,6.347,2007,11,56.0,0.0,5.0,US 90,35 mph,None,None,0.7300000190734863,0.7599999904632568,0.7450000047683716,1.0,primary,5.0,1057.73
128600936,Beach Boulevard,primary,False,False,35.758,2008,3,56.0,0.001,5.0,US 90,35 mph,None,None,0.7699999809265137,0.8899999856948853,0.8340000152587891,1.0,primary,5.0,6500.09
128600936,Beach Boulevard,primary,False,True,23.506,2009,7,56.0,0.0,5.0,US 90,35 mph,None,None,0.8899999856948853,1.0299999713897705,0.9600000381469727,1.0,primary,5.0,4776.42
128600936,Beach Boulevard,primary,False,False,6.001,2010,3,56.0,0.0,5.0,US 90,35 mph,None,None,0.7799999713897705,0.8100000023841858,0.7949999570846558,1.0,primary,5.0,1051.08
128600936,Beach Boulevard,primary,False,True,35.758,2011,7,56.0,0.001,5.0,US 90,35 mph,None,None,0.7699999809265137,0.8899999856948853,0.8340000152587891,1.0,primary,5.0,6500.09
10879764,South 12th Street,residential,False,False,12.969,2012,1,44.0,0.0,2.0,None,None,None,None,0.7799999713897705,0.8100000023841858,0.7949999570846558,1.0,other,2.0,681.46
10879764,South 12th Street,residential,False,True,21.85,2013,719,44.0,0.0,2.0,None,None,None,None,0.7400000095367432,0.8399999737739563,0.7949999570846558,1.0,other,2.0,1148.11
10879764,South 12th Street,residential,False,False,76.465,2014,1,44.0,0.002,2.0,None,None,None,None,0.49000000953674316,0.6899999976158142,0.6000000105963813,1.0,other,2.0,3257.41
10879764,South 12th Street,residential,False,True,18.751,2015,719,44.0,0.0,2.0,None,None,None,None,0.6899999976158142,0.7799999713897705,0.7366666793823242,1.0,other,2.0,929.49
128600936,Beach Boulevard,primary,False,False,14.173,2016,975,56.0,0.0,5.0,US 90,35 mph,None,None,0.949999988079071,0.9599999785423279,0.9549999833106995,1.0,primary,5.0,2867.91
128600936,Beach Boulevard,primary,False,True,7.144,2017,4,56.0,0.0,5.0,US 90,35 mph,None,None,0.9200000166893005,0.949999988079071,0.9350000023841858,1.0,primary,5.0,1421.3
444454418,3rd Avenue North,residential,False,False,51.843,2018,994,44.0,0.001,2.0,None,None,None,None,1.9800000190734863,2.049999952316284,2.009999990463257,1.0,other,2.0,5066.36
444454418,3rd Avenue North,residential,False,True,8.769,2019,265,44.0,0.0,2.0,None,None,None,None,1.9800000190734863,1.9900000095367432,1.9850000143051147,1.0,other,2.0,851.03
288716648,3rd Street North,primary,True,False,22.69,2020,997,56.0,0.0,2.0,FL A1A,35 mph,None,None,1.8300000429153442,1.940000057220459,1.8899999856948853,1.0,primary,2.0,3562.33
123282843,Beach Boulevard,primary,True,False,26.251,2021,974,56.0,0.0,2.0,US 90,35 mph,None,None,0.6600000262260437,0.6899999976158142,0.6800000071525574,1.0,primary,2.0,2042.33
123282843,Beach Boulevard,primary,True,False,21.573,2022,974,56.0,0.0,2.0,US 90,35 mph,None,None,0.75,0.8199999928474426,0.7849999666213989,1.0,primary,2.0,1870.92
123282843,Beach Boulevard,primary,True,False,14.115,2023,974,56.0,0.0,2.0,US 90,35 mph,None,None,0.8199999928474426,0.8399999737739563,0.8300000031789144,1.0,primary,2.0,1278.11
10874354,1st Avenue North,residential,False,False,63.565,2024,464,44.0,0.001,2.0,None,None,None,None,0.550000011920929,0.8399999737739563,0.7137500047683716,1.0,other,2.0,3076.63
10874354,1st Avenue North,residential,False,True,15.882,2025,1084,44.0,0.0,2.0,None,None,None,None,0.550000011920929,0.6299999952316284,0.5899999936421713,1.0,other,2.0,668.47
10874354,1st Avenue North,residential,False,False,15.882,2026,464,44.0,0.0,2.0,None,None,None,None,0.550000011920929,0.6299999952316284,0.5899999936421713,1.0,other,2.0,668.47
10874354,1st Avenue North,residential,False,True,30.294,2027,1084,44.0,0.001,2.0,None,None,None,None,0.6299999952316284,0.8399999737739563,0.7339999675750732,1.0,other,2.0,1497.55
128600936,Beach Boulevard,primary,False,False,7.144,2028,975,56.0,0.0,5.0,US 90,35 mph,None,None,0.9200000166893005,0.949999988079071,0.9350000023841858,1.0,primary,5.0,1421.3
128600936,Beach Boulevard,primary,False,True,33.118,2029,4,56.0,0.001,5.0,US 90,35 mph,None,None,0.8399999737739563,0.9200000166893005,0.8780000686645508,1.0,primary,5.0,6267.91
128600936,Beach Boulevard,primary,False,False,40.646,2030,975,56.0,0.001,5.0,US 90,35 mph,None,None,0.9599999785423279,0.9900000095367432,0.9800000190734863,1.0,primary,5.0,8397.46
128600936,Beach Boulevard,primary,False,True,14.173,2031,4,56.0,0.0,5.0,US 90,35 mph,None,None,0.949999988079071,0.9599999785423279,0.9549999833106995,1.0,primary,5.0,2867.91
10874354,1st Avenue North,residential,False,False,30.294,2032,464,44.0,0.001,2.0,None,None,None,None,0.6299999952316284,0.8399999737739563,0.7339999675750732,1.0,other,2.0,1497.55
10874354,1st Avenue North,residential,False,True,104.432,2033,1084,44.0,0.002,2.0,None,None,None,None,0.20999999344348907,0.8399999737739563,0.5153846007127029,1.0,other,2.0,3998.14
10879764,South 12th Street,residential,False,False,8.697,2034,1083,44.0,0.0,2.0,None,None,None,None,0.8199999928474426,0.9900000095367432,0.9049999713897705,1.0,other,2.0,505.77
10874354,1st Avenue North,residential,False,False,15.401,2035,464,44.0,0.0,2.0,None,None,None,None,0.7200000286102295,0.800000011920929,0.753333330154419,1.0,other,2.0,776.52
10874354,1st Avenue North,residential,False,True,63.565,2036,1084,44.0,0.001,2.0,None,None,None,None,0.550000011920929,0.8399999737739563,0.7137500047683716,1.0,other,2.0,3076.63
10874354,1st Avenue North,residential,False,True,18.109,2037,1084,44.0,0.0,2.0,None,None,None,None,0.6600000262260437,0.7400000095367432,0.7133333683013916,1.0,other,2.0,876.11
10874354,1st Avenue North,residential,False,False,18.109,2038,464,44.0,0.0,2.0,None,None,None,None,0.6600000262260437,0.7400000095367432,0.7133333683013916,1.0,other,2.0,876.11
10874354,1st Avenue North,residential,False,True,15.401,2039,1084,44.0,0.0,2.0,None,None,None,None,0.7200000286102295,0.800000011920929,0.753333330154419,1.0,other,2.0,776.52
10886114,North 10th Street,residential,False,False,95.559,2040,1085,56.0,0.002,2.0,None,35 mph,None,None,0.07000000029802322,0.12999999523162842,0.0925000011920929,0.24570983299673563,other,2.0,162.89
10886114,North 10th Street,residential,False,True,7.036,2041,1086,56.0,0.0,2.0,None,35 mph,None,None,0.07000000029802322,0.18000000715255737,0.125,1.0,other,2.0,65.96
440018001,None,residential,False,False,38.722,2042,1087,44.0,0.001,2.0,None,None,None,None,0.05000000074505806,0.07000000029802322,0.06000000238418579,0.45900221918471684,other,2.0,79.98
440018001,None,residential,False,False,4.621,2043,1087,44.0,0.0,2.0,None,None,None,None,,,,0.0,other,2.0,
440018001,None,residential,False,True,38.722,2044,1090,44.0,0.001,2.0,None,None,None,None,0.05000000074505806,0.07000000029802322,0.06000000238418579,0.45900221918471684,other,2.0,79.98
440018001,None,residential,False,False,6.304,2045,1087,44.0,0.0,2.0,None,None,None,None,,,,0.0,other,2.0,
440018001,None,residential,False,True,4.621,2046,1090,44.0,0.0,2.0,None,None,None,None,,,,0.0,other,2.0,
440018001,None,residential,False,False,5.097,2047,1087,44.0,0.0,2.0,None,None,None,None,,,,0.0,other,2.0,
440018001,None,residential,False,True,6.304,2048,1090,44.0,0.0,2.0,None,None,None,None,,,,0.0,other,2.0,
440018001,None,residential,False,False,39.57,2049,1087,44.0,0.001,2.0,None,None,None,None,0.11999999731779099,0.11999999731779099,0.11999999731779099,0.06137756218935543,other,2.0,21.86
440018001,None,residential,False,True,5.097,2050,1090,44.0,0.0,2.0,None,None,None,None,,,,0.0,other,2.0,
10886114,North 10th Street,residential,False,False,7.263,2051,1088,56.0,0.0,2.0,None,35 mph,None,None,0.11999999731779099,0.18000000715255737,0.15000000596046448,1.0,other,2.0,81.71
10886114,North 10th Street,residential,False,True,97.379,2052,1089,56.0,0.002,2.0,None,35 mph,None,None,0.10000000149011612,0.11999999731779099,0.10999999940395355,0.15206630577728178,other,2.0,122.17
440018001,None,residential,False,True,39.57,2053,1090,44.0,0.001,2.0,None,None,None,None,0.11999999731779099,0.11999999731779099,0.11999999731779099,0.06137756218935543,other,2.0,21.86
10886114,North 10th Street,residential,False,False,100.49,2054,1091,56.0,0.002,2.0,None,35 mph,None,None,0.07999999821186066,0.30000001192092896,0.17416667938232422,1.0,other,2.0,1312.65
10886114,North 10th Street,residential,False,True,6.739,2055,1092,56.0,0.0,2.0,None,35 mph,None,None,0.2199999988079071,0.30000001192092896,0.24666666984558105,1.0,other,2.0,124.67
440018002,None,residential,False,False,31.776,2056,1093,44.0,0.001,2.0,None,None,None,None,0.07000000029802322,0.30000001192092896,0.18000000715255737,0.834399029232343,other,2.0,357.94
440018002,None,residential,False,False,5.041,2057,1093,44.0,0.0,2.0,None,None,None,None,,,,0.0,other,2.0,
440018002,None,residential,False,True,31.776,2058,1096,44.0,0.001,2.0,None,None,None,None,0.07000000029802322,0.30000001192092896,0.18000000715255737,0.834399029232343,other,2.0,357.94
440018002,None,residential,False,False,3.354,2059,1093,44.0,0.0,2.0,None,None,None,None,,,,0.0,other,2.0,
440018002,None,residential,False,True,5.041,2060,1096,44.0,0.0,2.0,None,None,None,None,,,,0.0,other,2.0,
440018002,None,residential,False,False,3.848,2061,1093,44.0,0.0,2.0,None,None,None,None,,,,0.0,other,2.0,
440018002,None,residential,False,True,3.354,2062,1096,44.0,0.0,2.0,None,None,None,None,,,,0.0,other,2.0,
440018002,None,residential,False,False,3.758,2063,1093,44.0,0.0,2.0,None,None,None,None,,,,0.0,other,2.0,
440018002,None,residential,False,True,3.848,2064,1096,44.0,0.0,2.0,None,None,None,None,,,,0.0,other,2.0,
440018002,None,residential,False,False,4.169,2065,1093,44.0,0.0,2.0,None,None,None,None,,,,0.0,other,2.0,
440018002,None,residential,False,True,3.758,2066,1096,44.0,0.0,2.0,None,None,None,None,,,,0.0,other,2.0,
440018002,None,residential,False,False,32.421,2067,1093,44.0,0.001,2.0,None,None,None,None,,,,0.0,other,2.0,
440018002,None,residential,False,True,4.169,2068,1096,44.0,0.0,2.0,None,None,None,None,,,,0.0,other,2.0,
10886114,North 10th Street,residential,False,False,6.885,2069,1094,56.0,0.0,2.0,None,35 mph,None,None,0.2199999988079071,0.2199999988079071,0.2199999988079071,0.652820224652574,other,2.0,74.16
10886114,North 10th Street,residential,False,True,99.317,2070,1095,56.0,0.002,2.0,None,35 mph,None,None,0.07999999821186066,0.12999999523162842,0.10499999672174454,0.08935197412872523,other,2.0,69.88
440018002,None,residential,False,True,32.421,2071,1096,44.0,0.001,2.0,None,None,None,None,,,,0.0,other,2.0,
128600936,Beach Boulevard,primary,False,False,7.154,2072,10,56.0,0.0,5.0,US 90,35 mph,None,None,0.6700000166893005,0.699999988079071,0.6850000023841858,1.0,primary,5.0,1119.24
128600936,Beach Boulevard,primary,False,True,48.309,2073,15,56.0,0.001,5.0,US 90,35 mph,None,None,0.6100000143051147,0.6700000166893005,0.6342857224600655,1.0,primary,5.0,7141.45
10886114,North 10th Street,residential,False,False,24.899,2074,9,56.0,0.0,2.0,None,35 mph,None,None,0.5400000214576721,0.6499999761581421,0.6000000238418579,1.0,other,2.0,1060.7
10886114,North 10th Street,residential,False,True,14.947,2075,462,56.0,0.0,2.0,None,35 mph,None,None,0.5799999833106995,0.6100000143051147,0.5950000286102295,1.0,other,2.0,632.93
10886114,North 10th Street,residential,False,False,14.947,2076,9,56.0,0.0,2.0,None,35 mph,None,None,0.5799999833106995,0.6100000143051147,0.5950000286102295,1.0,other,2.0,632.93
10886114,North 10th Street,residential,False,True,17.426,2077,462,56.0,0.0,2.0,None,35 mph,None,None,0.5799999833106995,0.6299999952316284,0.6066666841506958,1.0,other,2.0,748.27
128600936,Beach Boulevard,primary,False,False,26.616,2078,6,56.0,0.0,5.0,US 90,35 mph,None,None,0.6200000047683716,0.6800000071525574,0.6449999809265137,1.0,primary,5.0,3983.08
128600936,Beach Boulevard,primary,False,True,11.138,2079,11,56.0,0.0,5.0,US 90,35 mph,None,None,0.6800000071525574,0.6899999976158142,0.6850000023841858,1.0,primary,5.0,1742.54
10874354,1st Avenue North,residential,False,False,9.455,2080,460,44.0,0.0,2.0,None,None,None,None,0.4000000059604645,0.4099999964237213,0.4050000011920929,1.0,other,2.0,287.2
10874354,1st Avenue North,residential,False,True,20.53,2081,465,44.0,0.0,2.0,None,None,None,None,0.4000000059604645,0.4699999988079071,0.43666668732961017,1.0,other,2.0,672.36
128600936,Beach Boulevard,primary,False,False,22.593,2082,6,56.0,0.0,5.0,US 90,35 mph,None,None,0.6100000143051147,0.6200000047683716,0.6133333444595337,1.0,primary,5.0,3259.42
128600936,Beach Boulevard,primary,False,True,26.616,2083,11,56.0,0.0,5.0,US 90,35 mph,None,None,0.6200000047683716,0.6800000071525574,0.6449999809265137,1.0,primary,5.0,3983.08
128600936,Beach Boulevard,primary,False,False,6.347,2084,6,56.0,0.0,5.0,US 90,35 mph,None,None,0.7300000190734863,0.7599999904632568,0.7450000047683716,1.0,primary,5.0,1057.73
128600936,Beach Boulevard,primary,False,True,19.204,2085,11,56.0,0.0,5.0,US 90,35 mph,None,None,0.7200000286102295,0.8100000023841858,0.7699999809265137,1.0,primary,5.0,3281.96
10886116,11th Street North,residential,False,False,48.713,2086,5,44.0,0.001,2.0,None,None,None,None,0.3400000035762787,0.6600000262260437,0.4583333333333333,1.0,other,2.0,1674.51
10886116,11th Street North,residential,False,True,27.794,2087,466,44.0,0.001,2.0,None,None,None,None,0.5400000214576721,0.8199999928474426,0.6924999952316284,1.0,other,2.0,1315.14
10874354,1st Avenue North,residential,False,False,53.283,2088,370,44.0,0.001,2.0,None,None,None,None,0.49000000953674316,0.6499999761581421,0.5262500047683716,1.0,other,2.0,2069.45
10874354,1st Avenue North,residential,False,True,22.37,2089,461,44.0,0.001,2.0,None,None,None,None,0.30000001192092896,0.5199999809265137,0.4480000019073486,1.0,other,2.0,751.63
10874111,North 9th Street,residential,False,False,22.773,2090,12,44.0,0.001,2.0,None,None,None,None,0.3799999952316284,0.5600000023841858,0.4699999690055847,1.0,other,2.0,802.75
10874111,North 9th Street,residential,False,True,50.474,2091,369,44.0,0.001,2.0,None,None,None,None,0.4399999976158142,0.7900000214576721,0.5766666730244955,1.0,other,2.0,2090.13
128600936,Beach Boulevard,primary,False,False,15.133,2092,14,56.0,0.0,5.0,US 90,35 mph,None,None,0.9700000286102295,1.0399999618530273,1.006666660308838,1.0,primary,5.0,3191.05
128600936,Beach Boulevard,primary,False,True,18.609,2093,19,56.0,0.0,5.0,US 90,35 mph,None,None,0.9300000071525574,0.9700000286102295,0.9566667079925537,1.0,primary,5.0,3770.8
128600936,Beach Boulevard,primary,False,False,8.114,2094,14,56.0,0.0,5.0,US 90,35 mph,None,None,0.8899999856948853,0.9300000071525574,0.9099999666213989,1.0,primary,5.0,1579.8
128600936,Beach Boulevard,primary,False,True,15.7,2095,19,56.0,0.0,5.0,US 90,35 mph,None,None,0.8700000047683716,0.8899999856948853,0.8833333651224772,1.0,primary,5.0,2985.62
128600936,Beach Boulevard,primary,False,False,15.7,2096,14,56.0,0.0,5.0,US 90,35 mph,None,None,0.8700000047683716,0.8899999856948853,0.8833333651224772,1.0,primary,5.0,2985.62
128600936,Beach Boulevard,primary,False,True,6.309,2097,19,56.0,0.0,5.0,US 90,35 mph,None,None,0.8600000143051147,0.8700000047683716,0.8650000095367432,1.0,primary,5.0,1180.1
128600936,Beach Boulevard,primary,False,False,8.844,2098,14,56.0,0.0,5.0,US 90,35 mph,None,None,0.8399999737739563,0.8600000143051147,0.8500000238418579,1.0,primary,5.0,1631.72
128600936,Beach Boulevard,primary,False,True,4.763,2099,19,56.0,0.0,5.0,US 90,35 mph,None,None,0.8399999737739563,0.8399999737739563,0.8399999737739563,1.0,primary,5.0,870.68
351754106,2nd Avenue North,residential,False,False,24.042,2100,183,44.0,0.001,2.0,None,None,None,None,0.44999998807907104,0.5600000023841858,0.5024999976158142,1.0,other,2.0,904.64
351754106,2nd Avenue North,residential,False,True,56.452,2101,187,44.0,0.001,2.0,None,None,None,None,0.4099999964237213,0.44999998807907104,0.4214285782405308,1.0,other,2.0,1784.29
10884265,7th Street North,residential,False,False,60.989,2102,453,44.0,0.001,2.0,None,None,None,None,1.090000033378601,1.3799999952316284,1.2262500524520874,1.0,other,2.0,4380.46
10884265,7th Street North,residential,False,True,2.287,2103,170,44.0,0.0,2.0,None,None,None,None,1.3799999952316284,1.3799999952316284,1.3799999952316284,1.0,other,2.0,177.97
10884265,7th Street North,residential,False,False,20.901,2104,20,44.0,0.0,2.0,None,None,None,None,1.1100000143051147,1.399999976158142,1.2600000699361165,1.0,other,2.0,1528.7
10884265,7th Street North,residential,False,True,45.516,2105,454,44.0,0.001,2.0,None,None,None,None,1.0399999618530273,1.4500000476837158,1.2128571101597376,1.0,other,2.0,3245.36
10874354,1st Avenue North,residential,False,False,42.222,2106,450,44.0,0.001,2.0,None,None,None,None,1.3700000047683716,1.4500000476837158,1.418333371480306,1.0,other,2.0,3348.84
10874354,1st Avenue North,residential,False,True,63.692,2107,452,44.0,0.001,2.0,None,None,None,None,1.340000033378601,1.3899999856948853,1.3666666878594294,1.0,other,2.0,4923.39
435255811,Beach Boulevard,primary,False,False,18.945,2108,22,56.0,0.0,4.0,US 90,35 mph,None,None,1.440000057220459,1.5099999904632568,1.4733333587646484,1.0,primary,4.0,4372.57
435255811,Beach Boulevard,primary,False,True,26.012,2109,27,56.0,0.0,4.0,US 90,35 mph,None,None,1.3700000047683716,1.440000057220459,1.4049999713897705,1.0,primary,4.0,5807.24
435255811,Beach Boulevard,primary,False,False,26.012,2110,22,56.0,0.0,4.0,US 90,35 mph,None,None,1.3700000047683716,1.440000057220459,1.4049999713897705,1.0,primary,4.0,5807.24
435255811,Beach Boulevard,primary,False,True,3.265,2111,27,56.0,0.0,4.0,US 90,35 mph,None,None,1.350000023841858,1.3700000047683716,1.3600000143051147,1.0,primary,4.0,712.68
10873111,North 4th Street,residential,False,False,20.971,2112,255,44.0,0.0,2.0,None,None,None,None,1.9299999475479126,1.9600000381469727,1.9466667175292969,1.0,other,2.0,2011.12
10873111,North 4th Street,residential,False,True,40.082,2113,259,44.0,0.001,2.0,None,None,None,None,1.850000023841858,1.9900000095367432,1.9066667556762695,1.0,other,2.0,3795.77
10874354,1st Avenue North,residential,False,False,14.78,2114,260,44.0,0.0,2.0,None,None,None,None,1.5700000524520874,1.6200000047683716,1.590000033378601,1.0,other,2.0,1259.26
10874354,1st Avenue North,residential,False,True,14.471,2115,445,44.0,0.0,2.0,None,None,None,None,1.6200000047683716,1.7599999904632568,1.6866666475931804,1.0,other,2.0,1274.9
351669862,North 5th Street,residential,False,False,46.387,2116,623,44.0,0.001,2.0,None,None,None,None,1.2799999713897705,1.590000033378601,1.494999885559082,1.0,other,2.0,3817.88
351669862,North 5th Street,residential,False,True,57.82,2117,446,44.0,0.001,2.0,None,None,None,None,1.5399999618530273,1.7799999713897705,1.6637500524520874,1.0,other,2.0,5054.19
10874354,1st Avenue North,residential,False,False,13.823,2118,260,44.0,0.0,2.0,None,None,None,None,1.4900000095367432,1.5700000524520874,1.5299999713897705,1.0,other,2.0,1152.84
10874354,1st Avenue North,residential,False,True,14.78,2119,445,44.0,0.0,2.0,None,None,None,None,1.5700000524520874,1.6200000047683716,1.590000033378601,1.0,other,2.0,1259.26
1126937650,Beach Boulevard,primary,True,False,19.367,2120,985,56.0,0.0,2.0,US 90,35 mph,None,None,1.850000023841858,1.8600000143051147,1.8566667238871257,1.0,primary,2.0,3008.34
10876762,Pablo Avenue,residential,False,False,12.332,2121,986,44.0,0.0,2.0,None,None,None,None,1.7100000381469727,1.7400000095367432,1.726666768391927,1.0,other,2.0,1101.25
10876762,Pablo Avenue,residential,False,True,21.817,2122,257,44.0,0.0,2.0,None,None,None,None,1.7400000095367432,1.8600000143051147,1.7749998569488525,1.0,other,2.0,1979.89
10876762,Pablo Avenue,residential,False,False,19.818,2123,986,44.0,0.0,2.0,None,None,None,None,1.7200000286102295,1.8200000524520874,1.7750000953674316,1.0,other,2.0,1798.48
10876762,Pablo Avenue,residential,False,True,19.576,2124,257,44.0,0.0,2.0,None,None,None,None,1.7300000190734863,1.7699999809265137,1.7533334096272786,1.0,other,2.0,1763.8
1311372008,3rd Street North,primary,True,False,10.436,2125,987,56.0,0.0,2.0,FL A1A,35 mph,None,None,1.7799999713897705,1.8600000143051147,1.8199999332427979,1.0,primary,2.0,1601.93
10876762,Pablo Avenue,residential,False,False,19.576,2126,986,44.0,0.0,2.0,None,None,None,None,1.7300000190734863,1.7699999809265137,1.7533334096272786,1.0,other,2.0,1763.8
10876762,Pablo Avenue,residential,False,True,12.332,2127,257,44.0,0.0,2.0,None,None,None,None,1.7100000381469727,1.7400000095367432,1.726666768391927,1.0,other,2.0,1101.25
10876762,Pablo Avenue,residential,False,False,33.674,2128,986,44.0,0.001,2.0,None,None,None,None,1.7200000286102295,1.8899999856948853,1.8200000762939452,1.0,other,2.0,3101.38
10876762,Pablo Avenue,residential,False,True,19.818,2129,257,44.0,0.0,2.0,None,None,None,None,1.7200000286102295,1.8200000524520874,1.7750000953674316,1.0,other,2.0,1798.48
288716648,3rd Street North,primary,True,False,19.933,2130,990,56.0,0.0,2.0,FL A1A,35 mph,None,None,1.7400000095367432,1.899999976158142,1.8274999856948853,1.0,primary,2.0,3067.19
10873111,North 4th Street,residential,False,False,44.026,2131,255,44.0,0.001,2.0,None,None,None,None,1.8899999856948853,1.9700000286102295,1.9450000127156575,1.0,other,2.0,4219.89
10873111,North 4th Street,residential,False,True,20.971,2132,259,44.0,0.0,2.0,None,None,None,None,1.9299999475479126,1.9600000381469727,1.9466667175292969,1.0,other,2.0,2011.12
10874185,3rd Street North,primary,True,False,4.638,2133,983,56.0,0.0,2.0,FL A1A,35 mph,None,None,1.7100000381469727,1.7300000190734863,1.7200000286102295,1.0,primary,2.0,688.74
683228866,2nd Street North,residential,False,False,18.421,2134,441,40.0,0.0,2.0,None,25 mph,None,None,1.899999976158142,1.9500000476837158,1.933333396911621,1.0,other,2.0,1759.21
683228866,2nd Street North,residential,False,True,22.011,2135,1071,40.0,0.001,2.0,None,25 mph,None,None,1.6699999570846558,1.899999976158142,1.7966666221618652,1.0,other,2.0,2011.81
683228866,2nd Street North,residential,False,False,17.586,2136,441,40.0,0.0,2.0,None,25 mph,None,None,1.8600000143051147,2.140000104904175,1.9533333778381348,1.0,other,2.0,1690.01
683228866,2nd Street North,residential,False,True,23.519,2137,1071,40.0,0.001,2.0,None,25 mph,None,None,1.8600000143051147,1.9600000381469727,1.9300000667572021,1.0,other,2.0,2243.71
683228866,2nd Street North,residential,False,False,23.519,2138,441,40.0,0.001,2.0,None,25 mph,None,None,1.8600000143051147,1.9600000381469727,1.9300000667572021,1.0,other,2.0,2243.71
683228866,2nd Street North,residential,False,True,18.421,2139,1071,40.0,0.0,2.0,None,25 mph,None,None,1.899999976158142,1.9500000476837158,1.933333396911621,1.0,other,2.0,1759.21
444454368,1st Street North,tertiary,False,False,20.305,2140,1099,50.0,0.0,2.0,None,None,None,None,1.5099999904632568,1.5700000524520874,1.543333371480306,1.0,tertiary,2.0,1985.15
444454368,1st Street North,tertiary,False,True,36.937,2141,973,50.0,0.001,2.0,None,None,None,None,1.5099999904632568,1.9800000190734863,1.7380001068115234,1.0,tertiary,2.0,3862.87
683228866,2nd Street North,residential,False,False,27.747,2142,441,40.0,0.001,2.0,None,25 mph,None,None,1.5299999713897705,1.6699999570846558,1.5959999084472656,1.0,other,2.0,2369.04
683228866,2nd Street North,residential,False,True,9.206,2143,1071,40.0,0.0,2.0,None,25 mph,None,None,1.6299999952316284,1.7000000476837158,1.6649999618530273,1.0,other,2.0,805.06
10874185,3rd Street North,primary,True,False,48.642,2144,983,56.0,0.001,2.0,FL A1A,35 mph,None,None,1.590000033378601,1.7400000095367432,1.6714285441807337,1.0,primary,2.0,7105.21
683228866,2nd Street North,residential,False,False,9.244,2145,441,40.0,0.0,2.0,None,25 mph,None,None,1.7000000476837158,1.75,1.725000023841858,1.0,other,2.0,825.03
683228866,2nd Street North,residential,False,True,19.088,2146,1071,40.0,0.0,2.0,None,25 mph,None,None,1.7300000190734863,1.840000033378601,1.777500033378601,1.0,other,2.0,1733.67
683228866,2nd Street North,residential,False,False,4.923,2147,441,40.0,0.0,2.0,None,25 mph,None,None,1.840000033378601,1.840000033378601,1.840000033378601,1.0,other,2.0,456.36
683228866,2nd Street North,residential,False,True,3.578,2148,1071,40.0,0.0,2.0,None,25 mph,None,None,1.840000033378601,1.899999976158142,1.8700000047683716,1.0,other,2.0,334.9
444454368,1st Street North,tertiary,False,False,4.512,2149,1099,50.0,0.0,2.0,None,None,None,None,1.590000033378601,1.590000033378601,1.590000033378601,1.0,tertiary,2.0,448.49
444454368,1st Street North,tertiary,False,True,45.865,2150,973,50.0,0.001,2.0,None,None,None,None,1.5399999618530273,1.7000000476837158,1.6028571810041154,1.0,tertiary,2.0,4579.62
444454368,1st Street North,tertiary,False,False,36.937,2151,1099,50.0,0.001,2.0,None,None,None,None,1.5099999904632568,1.9800000190734863,1.7380001068115234,1.0,tertiary,2.0,3862.87
444454368,1st Street North,tertiary,False,True,12.629,2152,973,50.0,0.0,2.0,None,None,None,None,1.9800000190734863,2.0299999713897705,2.005000114440918,1.0,tertiary,2.0,1438.21
683228866,2nd Street North,residential,False,False,3.578,2153,441,40.0,0.0,2.0,None,25 mph,None,None,1.840000033378601,1.899999976158142,1.8700000047683716,1.0,other,2.0,334.9
683228866,2nd Street North,residential,False,True,22.985,2154,1071,40.0,0.001,2.0,None,25 mph,None,None,1.8899999856948853,1.899999976158142,1.896666685740153,1.0,other,2.0,2169.78
683228866,2nd Street North,residential,False,False,28.98,2155,152,40.0,0.001,2.0,None,25 mph,None,None,1.7400000095367432,1.8300000429153442,1.7900001525878906,1.0,other,2.0,2642.98
683228866,2nd Street North,residential,False,True,13.947,2156,442,40.0,0.0,2.0,None,25 mph,None,None,1.75,1.7999999523162842,1.774999976158142,1.0,other,2.0,1265.69
444454376,2nd Avenue North,residential,False,False,11.146,2157,149,44.0,0.0,2.0,None,None,None,None,1.899999976158142,1.940000057220459,1.9266667366027832,1.0,other,2.0,1062.21
444454376,2nd Avenue North,residential,False,True,15.316,2158,151,44.0,0.0,2.0,None,None,None,None,1.8300000429153442,1.940000057220459,1.8833333651224773,1.0,other,2.0,1439.7
683228866,2nd Street North,residential,False,False,26.121,2159,152,40.0,0.001,2.0,None,25 mph,None,None,1.8200000524520874,1.8700000047683716,1.84333340326945,1.0,other,2.0,2424.03
683228866,2nd Street North,residential,False,True,28.98,2160,442,40.0,0.001,2.0,None,25 mph,None,None,1.7400000095367432,1.8300000429153442,1.7900001525878906,1.0,other,2.0,2642.98
683228866,2nd Street North,residential,False,False,13.947,2161,152,40.0,0.0,2.0,None,25 mph,None,None,1.75,1.7999999523162842,1.774999976158142,1.0,other,2.0,1265.69
683228866,2nd Street North,residential,False,True,16.488,2162,442,40.0,0.0,2.0,None,25 mph,None,None,1.7999999523162842,1.909999966621399,1.8633333841959636,1.0,other,2.0,1539.98
444454367,1st Street South,tertiary,False,False,7.913,2163,1097,50.0,0.0,2.0,None,None,None,None,1.9700000286102295,2.0299999713897705,2.0,1.0,tertiary,2.0,900.1
633038681,None,tertiary,True,False,0.853,2164,1098,50.0,0.0,2.0,None,None,roundabout,None,1.9700000286102295,1.9700000286102295,1.9700000286102295,1.0,tertiary,2.0,96.13
444454368,1st Street North,tertiary,False,False,8.036,2165,1099,50.0,0.0,2.0,None,None,None,None,1.899999976158142,2.0299999713897705,1.9533333778381348,1.0,tertiary,2.0,900.97
444454369,None,tertiary,True,False,1.797,2166,1100,50.0,0.0,2.0,None,None,roundabout,None,1.899999976158142,1.9299999475479126,1.9149999618530273,1.0,tertiary,2.0,199.06
444454369,None,tertiary,True,False,1.794,2167,1101,50.0,0.0,2.0,None,None,roundabout,None,1.899999976158142,1.899999976158142,1.899999976158142,1.0,tertiary,2.0,197.79
351669849,Beach Boulevard,tertiary,True,False,2.21,2168,1102,50.0,0.0,2.0,None,None,None,None,1.899999976158142,1.899999976158142,1.899999976158142,1.0,tertiary,2.0,243.65
444454369,None,tertiary,True,False,0.906,2169,1103,50.0,0.0,2.0,None,None,roundabout,None,1.899999976158142,1.899999976158142,1.899999976158142,1.0,tertiary,2.0,99.89
444454369,None,tertiary,True,False,1.789,2170,1100,50.0,0.0,2.0,None,None,roundabout,None,1.9299999475479126,1.9299999475479126,1.9299999475479126,1.0,tertiary,2.0,199.12
444454369,None,tertiary,True,False,1.137,2171,1101,50.0,0.0,2.0,None,None,roundabout,None,1.9700000286102295,1.9700000286102295,1.9700000286102295,1.0,tertiary,2.0,128.14
633038681,None,tertiary,True,False,1.004,2172,1098,50.0,0.0,2.0,None,None,roundabout,None,1.9700000286102295,1.9700000286102295,1.9700000286102295,1.0,tertiary,2.0,113.15
444454369,None,tertiary,True,False,1.795,2173,1100,50.0,0.0,2.0,None,None,roundabout,None,1.9299999475479126,1.9299999475479126,1.9299999475479126,1.0,tertiary,2.0,199.78
444454369,None,tertiary,True,False,0.9,2174,1100,50.0,0.0,2.0,None,None,roundabout,None,1.899999976158142,1.9299999475479126,1.9149999618530273,1.0,tertiary,2.0,99.7
444454369,None,tertiary,True,False,1.788,2175,1103,50.0,0.0,2.0,None,None,roundabout,None,1.899999976158142,1.899999976158142,1.899999976158142,1.0,tertiary,2.0,197.13
444454369,None,tertiary,True,False,1.798,2176,1103,50.0,0.0,2.0,None,None,roundabout,None,1.899999976158142,1.899999976158142,1.899999976158142,1.0,tertiary,2.0,198.23
444454369,None,tertiary,True,False,1.799,2177,1103,50.0,0.0,2.0,None,None,roundabout,None,1.899999976158142,1.899999976158142,1.899999976158142,1.0,tertiary,2.0,198.34
444454369,None,tertiary,True,False,1.795,2178,1103,50.0,0.0,2.0,None,None,roundabout,None,1.899999976158142,1.899999976158142,1.899999976158142,1.0,tertiary,2.0,197.9
444454369,None,tertiary,True,False,1.795,2179,1101,50.0,0.0,2.0,None,None,roundabout,None,1.899999976158142,1.9700000286102295,1.934999942779541,1.0,tertiary,2.0,200.1
633038681,None,tertiary,True,False,1.981,2180,1098,50.0,0.0,2.0,None,None,roundabout,None,1.9700000286102295,1.9700000286102295,1.9700000286102295,1.0,tertiary,2.0,223.26
633038681,None,tertiary,True,False,1.987,2181,1098,50.0,0.0,2.0,None,None,roundabout,None,1.9700000286102295,1.9700000286102295,1.9700000286102295,1.0,tertiary,2.0,223.93
633038681,None,tertiary,True,False,1.068,2182,1098,50.0,0.0,2.0,None,None,roundabout,None,1.9700000286102295,1.9700000286102295,1.9700000286102295,1.0,tertiary,2.0,120.36
633038681,None,tertiary,True,False,1.983,2183,34,50.0,0.0,2.0,None,None,roundabout,None,1.899999976158142,1.9700000286102295,1.934999942779541,1.0,tertiary,2.0,221.05
633038681,None,tertiary,True,False,1.981,2184,34,50.0,0.0,2.0,None,None,roundabout,None,1.899999976158142,1.899999976158142,1.899999976158142,1.0,tertiary,2.0,218.41
633038681,None,tertiary,True,False,1.992,2185,34,50.0,0.0,2.0,None,None,roundabout,None,1.899999976158142,1.899999976158142,1.899999976158142,1.0,tertiary,2.0,219.62
633038681,None,tertiary,True,False,1.002,2186,34,50.0,0.0,2.0,None,None,roundabout,None,1.899999976158142,1.899999976158142,1.899999976158142,1.0,tertiary,2.0,110.47
10874354,1st Avenue North,residential,False,False,44.958,2187,439,44.0,0.001,2.0,None,None,None,None,1.6299999952316284,1.6799999475479126,1.661666711171468,1.0,other,2.0,3927.08
10874354,1st Avenue North,residential,False,True,31.497,2188,393,44.0,0.001,2.0,None,None,None,None,1.6799999475479126,1.809999942779541,1.7316665649414062,1.0,other,2.0,2817.41
444454376,2nd Avenue North,residential,False,False,4.506,2189,150,44.0,0.0,2.0,None,None,None,None,1.7599999904632568,1.7599999904632568,1.7599999904632568,1.0,other,2.0,406.89
444454376,2nd Avenue North,residential,False,True,6.455,2190,155,44.0,0.0,2.0,None,None,None,None,1.6699999570846558,1.7599999904632568,1.7149999141693115,1.0,other,2.0,574.17
444454376,2nd Avenue North,residential,False,False,5.739,2191,150,44.0,0.0,2.0,None,None,None,None,1.940000057220459,2.0399999618530273,1.9900000095367432,1.0,other,2.0,557.83
444454376,2nd Avenue North,residential,False,True,28.117,2192,155,44.0,0.001,2.0,None,None,None,None,1.7599999904632568,1.940000057220459,1.8500001430511475,1.0,other,2.0,2614.88
10874354,1st Avenue North,residential,False,False,14.412,2193,439,44.0,0.0,2.0,None,None,None,None,1.6299999952316284,1.7400000095367432,1.6675000190734863,1.0,other,2.0,1261.41
10874354,1st Avenue North,residential,False,True,44.958,2194,393,44.0,0.001,2.0,None,None,None,None,1.6299999952316284,1.6799999475479126,1.661666711171468,1.0,other,2.0,3927.08
444454376,2nd Avenue North,residential,False,False,6.438,2195,149,44.0,0.0,2.0,None,None,None,None,1.7000000476837158,1.7000000476837158,1.7000000476837158,1.0,other,2.0,569.76
444454376,2nd Avenue North,residential,False,True,25.271,2196,151,44.0,0.001,2.0,None,None,None,None,1.4600000381469727,1.7000000476837158,1.6180000305175781,1.0,other,2.0,2174.32
683228866,2nd Street North,residential,False,False,20.389,2197,828,40.0,0.001,2.0,None,25 mph,None,None,1.7200000286102295,1.899999976158142,1.8033332824707031,1.0,other,2.0,1867.63
683228866,2nd Street North,residential,False,True,13.382,2198,153,40.0,0.0,2.0,None,25 mph,None,None,1.7200000286102295,1.7999999523162842,1.7599999904632568,1.0,other,2.0,1208.39
683228866,2nd Street North,residential,False,False,13.382,2199,828,40.0,0.0,2.0,None,25 mph,None,None,1.7200000286102295,1.7999999523162842,1.7599999904632568,1.0,other,2.0,1208.39
683228866,2nd Street North,residential,False,True,7.706,2200,153,40.0,0.0,2.0,None,25 mph,None,None,1.6699999570846558,1.850000023841858,1.773333231608073,1.0,other,2.0,698.93
683228866,2nd Street North,residential,False,False,7.706,2201,828,40.0,0.0,2.0,None,25 mph,None,None,1.6699999570846558,1.850000023841858,1.773333231608073,1.0,other,2.0,698.93
683228866,2nd Street North,residential,False,True,44.535,2202,153,40.0,0.001,2.0,None,25 mph,None,None,1.6699999570846558,1.8600000143051147,1.7800000508626301,1.0,other,2.0,4048.23
10889302,3rd Avenue North,residential,False,False,57.913,2203,934,44.0,0.001,2.0,None,None,None,None,1.6200000047683716,1.8200000524520874,1.7100000381469727,1.0,other,2.0,5142.67
10889302,3rd Avenue North,residential,False,True,18.397,2204,827,44.0,0.0,2.0,None,None,None,None,1.590000033378601,1.6299999952316284,1.6166666348775227,1.0,other,2.0,1582.14
683228867,4th Avenue North,residential,False,False,7.319,2205,296,44.0,0.0,2.0,None,None,None,None,1.5700000524520874,1.5700000524520874,1.5700000524520874,1.0,other,2.0,619.19
683228867,4th Avenue North,residential,False,True,18.003,2206,293,44.0,0.0,2.0,None,None,None,None,1.5700000524520874,1.6799999475479126,1.6233332951863606,1.0,other,2.0,1551.86
10889302,3rd Avenue North,residential,False,False,23.826,2207,934,44.0,0.001,2.0,None,None,None,None,1.8200000524520874,1.850000023841858,1.834000015258789,1.0,other,2.0,2204.38
10889302,3rd Avenue North,residential,False,True,57.913,2208,827,44.0,0.001,2.0,None,None,None,None,1.6200000047683716,1.8200000524520874,1.7100000381469727,1.0,other,2.0,5142.67
683228866,2nd Street North,residential,False,False,33.1,2209,295,40.0,0.001,2.0,None,25 mph,None,None,1.7599999904632568,1.8600000143051147,1.8120000839233399,1.0,other,2.0,3040.57
683228866,2nd Street North,residential,False,True,5.234,2210,829,40.0,0.0,2.0,None,25 mph,None,None,1.7699999809265137,1.840000033378601,1.8050000667572021,1.0,other,2.0,479.7
10874185,3rd Street North,primary,True,False,20.891,2211,154,56.0,0.0,2.0,FL A1A,35 mph,None,None,1.7100000381469727,1.7599999904632568,1.7400000890096028,1.0,primary,2.0,3123.2
10889302,3rd Avenue North,residential,False,False,14.658,2212,826,44.0,0.0,2.0,None,None,None,None,1.7400000095367432,1.8600000143051147,1.816666603088379,1.0,other,2.0,1348.54
10889302,3rd Avenue North,residential,False,True,11.204,2213,395,44.0,0.0,2.0,None,None,None,None,1.850000023841858,1.8600000143051147,1.8566667238871257,1.0,other,2.0,1044.21
10889302,3rd Avenue North,residential,False,False,12.331,2214,826,44.0,0.0,2.0,None,None,None,None,1.8600000143051147,1.9299999475479126,1.90666659673055,1.0,other,2.0,1167.75
10889302,3rd Avenue North,residential,False,True,7.683,2215,395,44.0,0.0,2.0,None,None,None,None,1.840000033378601,1.8600000143051147,1.850000023841858,1.0,other,2.0,714.52
10874185,3rd Street North,primary,True,False,33.979,2216,154,56.0,0.001,2.0,FL A1A,35 mph,None,None,1.600000023841858,1.840000033378601,1.706666628519694,1.0,primary,2.0,5023.23
10889302,3rd Avenue North,residential,False,False,14.33,2217,826,44.0,0.0,2.0,None,None,None,None,1.9299999475479126,1.9800000190734863,1.9549999237060547,1.0,other,2.0,1377.83
10889302,3rd Avenue North,residential,False,True,12.331,2218,395,44.0,0.0,2.0,None,None,None,None,1.8600000143051147,1.9299999475479126,1.90666659673055,1.0,other,2.0,1167.75
10874185,3rd Street North,primary,True,False,13.348,2219,394,56.0,0.0,2.0,FL A1A,35 mph,None,None,1.8200000524520874,1.899999976158142,1.8599999745686848,1.0,primary,2.0,2075.61
10874185,3rd Street North,primary,True,False,41.376,2220,394,56.0,0.001,2.0,FL A1A,35 mph,None,None,1.899999976158142,2.0,1.9583333333333333,1.0,primary,2.0,6637.4
683228868,4th Avenue North,residential,False,False,7.453,2221,300,44.0,0.0,2.0,None,None,None,None,1.7400000095367432,1.840000033378601,1.7899999618530273,1.0,other,2.0,679.71
683228868,4th Avenue North,residential,False,True,23.695,2222,297,44.0,0.001,2.0,None,None,None,None,1.840000033378601,2.049999952316284,1.9175000190734863,1.0,other,2.0,2251.62
10888754,5th Avenue North,residential,False,False,12.898,2223,1104,44.0,0.0,2.0,None,None,None,None,1.4700000286102295,1.5700000524520874,1.5049999952316284,1.0,other,2.0,1066.02
444454376,2nd Avenue North,residential,False,False,6.455,2224,150,44.0,0.0,2.0,None,None,None,None,1.6699999570846558,1.7599999904632568,1.7149999141693115,1.0,other,2.0,574.17
444454376,2nd Avenue North,residential,False,True,3.902,2225,155,44.0,0.0,2.0,None,None,None,None,1.6699999570846558,1.6699999570846558,1.6699999570846558,1.0,other,2.0,341.82
10889302,3rd Avenue North,residential,False,False,3.205,2226,826,44.0,0.0,2.0,None,None,None,None,1.7200000286102295,1.7400000095367432,1.7300000190734863,1.0,other,2.0,286.53
10889302,3rd Avenue North,residential,False,True,14.658,2227,395,44.0,0.0,2.0,None,None,None,None,1.7400000095367432,1.8600000143051147,1.816666603088379,1.0,other,2.0,1348.54
683228867,4th Avenue North,residential,False,False,18.003,2228,296,44.0,0.0,2.0,None,None,None,None,1.5700000524520874,1.6799999475479126,1.6233332951863606,1.0,other,2.0,1551.86
683228867,4th Avenue North,residential,False,True,63.022,2229,293,44.0,0.001,2.0,None,None,None,None,1.600000023841858,1.8700000047683716,1.7633333206176758,1.0,other,2.0,5697.19
351669850,North 2nd Street,residential,False,False,30.776,2230,832,40.0,0.001,2.0,None,25 mph,None,None,1.8200000524520874,1.9199999570846558,1.8799999952316284,1.0,other,2.0,2889.87
351669850,North 2nd Street,residential,False,True,55.671,2231,294,40.0,0.001,2.0,None,25 mph,None,None,1.6799999475479126,1.8899999856948853,1.8066666920979817,1.0,other,2.0,5105.03
10888754,5th Avenue North,residential,False,False,5.656,2232,1104,44.0,0.0,2.0,None,None,None,None,1.7400000095367432,1.7699999809265137,1.7549999952316284,1.0,other,2.0,509.89
10888754,5th Avenue North,residential,False,True,33.497,2233,831,44.0,0.001,2.0,None,None,None,None,1.5800000429153442,1.7400000095367432,1.6775000095367432,1.0,other,2.0,2941.87
687641943,1st Street North,tertiary,False,False,18.79,2234,1108,50.0,0.0,2.0,None,None,None,None,1.3300000429153442,1.3799999952316284,1.3550000190734863,1.0,tertiary,2.0,1684.57
687641943,1st Street North,tertiary,False,True,12.673,2235,534,50.0,0.0,2.0,None,None,None,None,1.3799999952316284,1.4500000476837158,1.413333257039388,1.0,tertiary,2.0,1169.8
683228868,4th Avenue North,residential,False,False,23.695,2236,300,44.0,0.001,2.0,None,None,None,None,1.840000033378601,2.049999952316284,1.9175000190734863,1.0,other,2.0,2251.62
683228868,4th Avenue North,residential,False,True,9.992,2237,297,44.0,0.0,2.0,None,None,None,None,2.049999952316284,2.049999952316284,2.049999952316284,1.0,other,2.0,985.46
10888754,5th Avenue North,residential,False,False,10.433,2238,830,44.0,0.0,2.0,None,None,None,None,1.7799999713897705,1.9800000190734863,1.8799999952316284,1.0,other,2.0,979.66
10888754,5th Avenue North,residential,False,True,9.16,2239,999,44.0,0.0,2.0,None,None,None,None,1.8600000143051147,1.9800000190734863,1.933333396911621,1.0,other,2.0,874.78
288716648,3rd Street North,primary,True,False,52.611,2240,1105,56.0,0.001,2.0,FL A1A,35 mph,None,None,1.7100000381469727,1.9800000190734863,1.8637499809265137,1.0,primary,2.0,8190.88
444563942,5th Avenue North,residential,False,False,11.543,2241,1106,44.0,0.0,2.0,None,None,None,None,1.7100000381469727,1.9500000476837158,1.8650000095367432,1.0,other,2.0,1078.69
351669850,North 2nd Street,residential,False,False,50.088,2242,537,40.0,0.001,2.0,None,25 mph,None,None,1.7300000190734863,1.899999976158142,1.8114283425467355,1.0,other,2.0,4600.22
351669850,North 2nd Street,residential,False,True,12.875,2243,833,40.0,0.0,2.0,None,25 mph,None,None,1.75,1.8799999952316284,1.8300000826517742,1.0,other,2.0,1189.65
687641943,1st Street North,tertiary,False,False,8.53,2244,1108,50.0,0.0,2.0,None,None,None,None,1.2599999904632568,1.3300000429153442,1.2833333015441895,1.0,tertiary,2.0,736.92
687641943,1st Street North,tertiary,False,True,18.79,2245,534,50.0,0.0,2.0,None,None,None,None,1.3300000429153442,1.3799999952316284,1.3550000190734863,1.0,tertiary,2.0,1684.57
10876164,6th Avenue North,residential,False,False,37.01,2246,531,44.0,0.001,2.0,None,None,None,None,1.6299999952316284,1.9800000190734863,1.8360000610351563,1.0,other,2.0,3426.39
10876164,6th Avenue North,residential,False,True,53.929,2247,536,44.0,0.001,2.0,None,None,None,None,1.2400000095367432,1.6299999952316284,1.4950000047683716,1.0,other,2.0,4438.63
10888754,5th Avenue North,residential,False,False,54.131,2248,1104,44.0,0.001,2.0,None,None,None,None,1.6299999952316284,1.9500000476837158,1.8200000524520874,1.0,other,2.0,4985.47
10888754,5th Avenue North,residential,False,True,5.656,2249,831,44.0,0.0,2.0,None,None,None,None,1.7400000095367432,1.7699999809265137,1.7549999952316284,1.0,other,2.0,509.89
687641943,1st Street North,tertiary,False,False,5.938,2250,1108,50.0,0.0,2.0,None,None,None,None,1.4500000476837158,1.4500000476837158,1.4500000476837158,1.0,tertiary,2.0,558.02
687641943,1st Street North,tertiary,False,True,34.334,2251,534,50.0,0.001,2.0,None,None,None,None,1.3899999856948853,1.590000033378601,1.5,1.0,tertiary,2.0,3304.65
351669850,North 2nd Street,residential,False,False,23.662,2252,537,40.0,0.001,2.0,None,25 mph,None,None,1.8300000429153442,1.899999976158142,1.8625000715255737,1.0,other,2.0,2209.44
351669850,North 2nd Street,residential,False,True,50.088,2253,833,40.0,0.001,2.0,None,25 mph,None,None,1.7300000190734863,1.899999976158142,1.8114283425467355,1.0,other,2.0,4600.22
10876164,6th Avenue North,residential,False,False,10.523,2254,535,44.0,0.0,2.0,None,None,None,None,1.9900000095367432,2.119999885559082,2.054999828338623,1.0,other,2.0,1039.01
10876164,6th Avenue North,residential,False,True,17.902,2255,397,44.0,0.0,2.0,None,None,None,None,1.8600000143051147,1.9900000095367432,1.9466667175292969,1.0,other,2.0,1716.8
10888754,5th Avenue North,residential,False,False,32.543,2256,830,44.0,0.001,2.0,None,None,None,None,1.7599999904632568,1.9500000476837158,1.8579999923706054,1.0,other,2.0,3034.31
10888754,5th Avenue North,residential,False,True,38.281,2257,999,44.0,0.001,2.0,None,None,None,None,1.7300000190734863,1.9199999570846558,1.85,1.0,other,2.0,3560.13
10876164,6th Avenue North,residential,False,False,46.428,2258,535,44.0,0.001,2.0,None,None,None,None,1.7699999809265137,2.0299999713897705,1.9162499904632568,1.0,other,2.0,4410.08
10876164,6th Avenue North,residential,False,True,14.86,2259,397,44.0,0.0,2.0,None,None,None,None,1.909999966621399,2.059999942779541,1.9599998792012532,1.0,other,2.0,1431.02
10876164,6th Avenue North,residential,False,False,17.902,2260,535,44.0,0.0,2.0,None,None,None,None,1.8600000143051147,1.9900000095367432,1.9466667175292969,1.0,other,2.0,1716.8
10876164,6th Avenue North,residential,False,True,46.428,2261,397,44.0,0.001,2.0,None,None,None,None,1.7699999809265137,2.0299999713897705,1.9162499904632568,1.0,other,2.0,4410.08
351754104,3rd Street North,primary,True,False,52.587,2262,398,56.0,0.001,2.0,FL A1A,35 mph,None,None,1.7899999618530273,1.909999966621399,1.854285648890904,1.0,primary,2.0,8162.25
351669850,North 2nd Street,residential,False,False,42.726,2263,661,40.0,0.001,2.0,None,25 mph,None,None,1.7200000286102295,1.9900000095367432,1.8616666793823242,1.0,other,2.0,3988.47
351669850,North 2nd Street,residential,False,True,52.516,2264,538,40.0,0.001,2.0,None,25 mph,None,None,1.9600000381469727,2.0,1.9914285114833288,1.0,other,2.0,5106.81
10873111,North 4th Street,residential,False,False,20.093,2265,258,44.0,0.0,2.0,None,None,None,None,1.8899999856948853,1.9600000381469727,1.933333396911621,1.0,other,2.0,1918.88
10873111,North 4th Street,residential,False,True,3.624,2266,159,44.0,0.0,2.0,None,None,None,None,1.9600000381469727,1.9600000381469727,1.9600000381469727,1.0,other,2.0,348.99
10873111,North 4th Street,residential,False,False,13.375,2267,258,44.0,0.0,2.0,None,None,None,None,1.8899999856948853,1.9900000095367432,1.9466667175292969,1.0,other,2.0,1282.66
10873111,North 4th Street,residential,False,True,15.346,2268,159,44.0,0.0,2.0,None,None,None,None,1.940000057220459,1.9900000095367432,1.9666666984558105,1.0,other,2.0,1480.89
10874354,1st Avenue North,residential,False,False,14.471,2269,260,44.0,0.0,2.0,None,None,None,None,1.6200000047683716,1.7599999904632568,1.6866666475931804,1.0,other,2.0,1274.9
10874354,1st Avenue North,residential,False,True,64.517,2270,445,44.0,0.001,2.0,None,None,None,None,1.7599999904632568,1.9700000286102295,1.826666726006402,1.0,other,2.0,5954.92
351754106,2nd Avenue North,residential,False,False,35.098,2271,171,44.0,0.001,2.0,None,None,None,None,0.8100000023841858,1.2300000190734863,1.0519999504089355,1.0,other,2.0,2282.35
351754106,2nd Avenue North,residential,False,True,14.48,2272,175,44.0,0.0,2.0,None,None,None,None,0.8100000023841858,1.25,0.997499942779541,1.0,other,2.0,910.39
351754106,2nd Avenue North,residential,False,False,10.623,2273,171,44.0,0.0,2.0,None,None,None,None,1.2100000381469727,1.2100000381469727,1.2100000381469727,1.0,other,2.0,756.25
351754106,2nd Avenue North,residential,False,True,35.098,2274,175,44.0,0.001,2.0,None,None,None,None,0.8100000023841858,1.2300000190734863,1.0519999504089355,1.0,other,2.0,2282.35
10884265,7th Street North,residential,False,False,43.927,2275,169,44.0,0.001,2.0,None,None,None,None,0.7799999713897705,0.9300000071525574,0.875,1.0,other,2.0,2487.37
10884265,7th Street North,residential,False,True,61.522,2276,871,44.0,0.001,2.0,None,None,None,None,0.7900000214576721,1.25,0.8799999952316284,1.0,other,2.0,3499.37
351754106,2nd Avenue North,residential,False,False,34.251,2277,171,44.0,0.001,2.0,None,None,None,None,1.2100000381469727,1.3200000524520874,1.2466667493184407,1.0,other,2.0,2487.31
351754106,2nd Avenue North,residential,False,True,10.623,2278,175,44.0,0.0,2.0,None,None,None,None,1.2100000381469727,1.2100000381469727,1.2100000381469727,1.0,other,2.0,756.25
444454418,3rd Avenue North,residential,False,False,51.587,2279,937,44.0,0.001,2.0,None,None,None,None,1.0299999713897705,1.340000033378601,1.161428587777274,1.0,other,2.0,3574.76
444454418,3rd Avenue North,residential,False,True,21.154,2280,840,44.0,0.0,2.0,None,None,None,None,1.2699999809265137,1.409999966621399,1.3450000286102295,1.0,other,2.0,1617.33
444454418,3rd Avenue North,residential,False,False,21.154,2281,937,44.0,0.0,2.0,None,None,None,None,1.2699999809265137,1.409999966621399,1.3450000286102295,1.0,other,2.0,1617.33
444454418,3rd Avenue North,residential,False,True,34.306,2282,840,44.0,0.001,2.0,None,None,None,None,1.409999966621399,1.4900000095367432,1.4539999961853027,1.0,other,2.0,2768.7
351669862,North 5th Street,residential,False,False,18.695,2283,163,44.0,0.0,2.0,None,None,None,None,1.3600000143051147,1.4800000190734863,1.4200000762939453,1.0,other,2.0,1484.01
351669862,North 5th Street,residential,False,True,18.503,2284,936,44.0,0.0,2.0,None,None,None,None,1.190000057220459,1.4199999570846558,1.3075000047683716,1.0,other,2.0,1387.59
351669862,North 5th Street,residential,False,False,18.503,2285,163,44.0,0.0,2.0,None,None,None,None,1.190000057220459,1.4199999570846558,1.3075000047683716,1.0,other,2.0,1387.59
351669862,North 5th Street,residential,False,True,66.159,2286,936,44.0,0.002,2.0,None,None,None,None,1.3600000143051147,1.590000033378601,1.4655556148952908,1.0,other,2.0,5369.24
444454418,3rd Avenue North,residential,False,False,15.327,2287,264,44.0,0.0,2.0,None,None,None,None,1.4800000190734863,1.6699999570846558,1.5700000524520874,1.0,other,2.0,1296.66
444454418,3rd Avenue North,residential,False,True,14.809,2288,938,44.0,0.0,2.0,None,None,None,None,1.6699999570846558,1.6799999475479126,1.6749999523162842,1.0,other,2.0,1299.49
444454418,3rd Avenue North,residential,False,False,14.809,2289,264,44.0,0.0,2.0,None,None,None,None,1.6699999570846558,1.6799999475479126,1.6749999523162842,1.0,other,2.0,1299.49
444454418,3rd Avenue North,residential,False,True,76.194,2290,938,44.0,0.002,2.0,None,None,None,None,1.6299999952316284,2.009999990463257,1.7754544344815342,1.0,other,2.0,6915.64
351669862,North 5th Street,residential,False,False,52.59,2291,935,44.0,0.001,2.0,None,None,None,None,1.2899999618530273,1.4500000476837158,1.4071429116385323,1.0,other,2.0,4148.22
351669862,North 5th Street,residential,False,True,52.963,2292,304,44.0,0.001,2.0,None,None,None,None,1.440000057220459,1.5499999523162842,1.4725000858306885,1.0,other,2.0,4312.64
10873111,North 4th Street,residential,False,False,52.837,2293,262,44.0,0.001,2.0,None,None,None,None,1.840000033378601,1.9900000095367432,1.930000168936593,1.0,other,2.0,5040.65
10873111,North 4th Street,residential,False,True,52.361,2294,267,44.0,0.001,2.0,None,None,None,None,1.9199999570846558,2.0299999713897705,1.9757142748151506,1.0,other,2.0,5067.05
288716648,3rd Street North,primary,True,False,29.871,2295,997,56.0,0.001,2.0,FL A1A,35 mph,None,None,1.9199999570846558,1.940000057220459,1.9325000047683716,1.0,primary,2.0,4753.22
10883745,North 6th Street,residential,False,False,51.376,2296,839,44.0,0.001,2.0,None,None,None,None,0.9200000166893005,1.1200000047683716,1.0228571210588728,1.0,other,2.0,3282.49
10883745,North 6th Street,residential,False,True,54.363,2297,308,44.0,0.001,2.0,None,None,None,None,1.0099999904632568,1.0499999523162842,1.0300000054495675,1.0,other,2.0,3488.47
10873111,North 4th Street,residential,False,False,52.825,2298,258,44.0,0.001,2.0,None,None,None,None,1.6200000047683716,1.9700000286102295,1.8242859159197127,1.0,other,2.0,4871.97
10873111,North 4th Street,residential,False,True,20.093,2299,159,44.0,0.0,2.0,None,None,None,None,1.8899999856948853,1.9600000381469727,1.933333396911621,1.0,other,2.0,1918.88
288716648,3rd Street North,primary,True,False,51.778,2300,992,56.0,0.001,2.0,FL A1A,35 mph,None,None,1.6799999475479126,1.840000033378601,1.7385715757097517,1.0,primary,2.0,7737.11
10873111,North 4th Street,residential,False,False,3.624,2301,258,44.0,0.0,2.0,None,None,None,None,1.9600000381469727,1.9600000381469727,1.9600000381469727,1.0,other,2.0,348.99
10873111,North 4th Street,residential,False,True,13.375,2302,159,44.0,0.0,2.0,None,None,None,None,1.8899999856948853,1.9900000095367432,1.9466667175292969,1.0,other,2.0,1282.66
10874354,1st Avenue North,residential,False,False,72.876,2303,989,44.0,0.002,2.0,None,None,None,None,1.7999999523162842,1.9700000286102295,1.9120000839233398,1.0,other,2.0,6913.02
10874354,1st Avenue North,residential,False,True,35.633,2304,261,44.0,0.001,2.0,None,None,None,None,1.6799999475479126,1.899999976158142,1.8250001271565754,1.0,other,2.0,3287.14
288716648,3rd Street North,primary,True,False,30.657,2305,992,56.0,0.001,2.0,FL A1A,35 mph,None,None,1.840000033378601,1.9600000381469727,1.8819999694824219,1.0,primary,2.0,4800.89
10873111,North 4th Street,residential,False,False,47.692,2306,158,44.0,0.001,2.0,None,None,None,None,1.8700000047683716,2.009999990463257,1.9600000381469727,1.0,other,2.0,4592.74
10873111,North 4th Street,residential,False,True,55.574,2307,263,44.0,0.001,2.0,None,None,None,None,1.850000023841858,1.940000057220459,1.8925001621246338,1.0,other,2.0,5239.24
288716648,3rd Street North,primary,True,False,53.719,2308,993,56.0,0.001,2.0,FL A1A,35 mph,None,None,1.909999966621399,2.0399999618530273,1.9900000435965401,1.0,primary,2.0,8702.48
444454418,3rd Avenue North,residential,False,False,8.769,2309,994,44.0,0.0,2.0,None,None,None,None,1.9800000190734863,1.9900000095367432,1.9850000143051147,1.0,other,2.0,851.03
444454418,3rd Avenue North,residential,False,True,47.37,2310,265,44.0,0.001,2.0,None,None,None,None,1.909999966621399,2.059999942779541,2.0,1.0,other,2.0,4618.58
288716648,3rd Street North,primary,True,False,53.152,2311,1105,56.0,0.001,2.0,FL A1A,35 mph,None,None,1.9199999570846558,2.059999942779541,2.0071427481515065,1.0,primary,2.0,8651.44
10873111,North 4th Street,residential,False,False,10.532,2312,266,44.0,0.0,2.0,None,None,None,None,1.8700000047683716,2.0,1.940000057220459,1.0,other,2.0,1007.91
10873111,North 4th Street,residential,False,True,53.604,2313,272,44.0,0.001,2.0,None,None,None,None,1.940000057220459,2.0,1.9587501287460327,1.0,other,2.0,5160.06
83634153,4th Avenue North,residential,False,False,7.8,2314,268,44.0,0.0,2.0,None,None,None,None,1.8700000047683716,1.8899999856948853,1.8799999952316284,1.0,other,2.0,732.42
83634153,4th Avenue North,residential,False,True,65.518,2315,996,44.0,0.001,2.0,None,None,None,None,1.8700000047683716,2.0199999809265137,1.9459999084472657,1.0,other,2.0,6281.87
83634153,4th Avenue North,residential,False,False,34.059,2316,268,44.0,0.001,2.0,None,None,None,None,1.8899999856948853,2.059999942779541,1.9739999771118164,1.0,other,2.0,3294.19
83634153,4th Avenue North,residential,False,True,7.8,2317,996,44.0,0.0,2.0,None,None,None,None,1.8700000047683716,1.8899999856948853,1.8799999952316284,1.0,other,2.0,732.42
444563942,5th Avenue North,residential,False,False,10.018,2318,1106,44.0,0.0,2.0,None,None,None,None,1.9700000286102295,1.9900000095367432,1.9833332697550456,1.0,other,2.0,971.75
444563942,5th Avenue North,residential,False,True,39.23,2319,273,44.0,0.001,2.0,None,None,None,None,1.8899999856948853,2.0,1.9579999923706055,1.0,other,2.0,3775.5
83634153,4th Avenue North,residential,False,False,64.251,2320,303,44.0,0.001,2.0,None,None,None,None,1.6399999856948853,1.9500000476837158,1.7729999542236328,1.0,other,2.0,5826.92
83634153,4th Avenue North,residential,False,True,42.176,2321,269,44.0,0.001,2.0,None,None,None,None,1.440000057220459,1.6399999856948853,1.5340000152587892,1.0,other,2.0,3522.54
288716648,3rd Street North,primary,True,False,50.771,2322,1002,56.0,0.001,2.0,FL A1A,35 mph,None,None,1.6299999952316284,1.940000057220459,1.8500001089913505,1.0,primary,2.0,7869.51
10873111,North 4th Street,residential,False,False,51.402,2323,271,44.0,0.001,2.0,None,None,None,None,1.440000057220459,1.690000057220459,1.5199999128069197,1.0,other,2.0,4271.51
10873111,North 4th Street,residential,False,True,52.721,2324,276,44.0,0.001,2.0,None,None,None,None,1.690000057220459,1.899999976158142,1.8128570829119002,1.0,other,2.0,4844.31
10876164,6th Avenue North,residential,False,False,37.024,2325,1001,44.0,0.001,2.0,None,None,None,None,1.7000000476837158,1.809999942779541,1.771666685740153,1.0,other,2.0,3356.23
10876164,6th Avenue North,residential,False,True,26.602,2326,277,44.0,0.001,2.0,None,None,None,None,1.7999999523162842,1.8300000429153442,1.809999942779541,1.0,other,2.0,2442.06
288716648,3rd Street North,primary,True,False,17.083,2327,1002,56.0,0.0,2.0,FL A1A,35 mph,None,None,1.8700000047683716,2.0199999809265137,1.9233333269755046,1.0,primary,2.0,2710.5
10876164,6th Avenue North,residential,False,False,5.113,2328,1001,44.0,0.0,2.0,None,None,None,None,1.8300000429153442,1.8700000047683716,1.850000023841858,1.0,other,2.0,475.51
10876164,6th Avenue North,residential,False,True,18.677,2329,277,44.0,0.0,2.0,None,None,None,None,1.8700000047683716,2.049999952316284,1.9774999618530273,1.0,other,2.0,1808.4
444563942,5th Avenue North,residential,False,False,47.354,2330,1106,44.0,0.001,2.0,None,None,None,None,1.8899999856948853,1.9700000286102295,1.9283334414164226,1.0,other,2.0,4515.2
444563942,5th Avenue North,residential,False,True,10.018,2331,273,44.0,0.0,2.0,None,None,None,None,1.9700000286102295,1.9900000095367432,1.9833332697550456,1.0,other,2.0,971.75
10878701,7th Avenue North,residential,False,False,67.038,2332,1004,44.0,0.002,2.0,None,None,None,None,1.350000023841858,1.7300000190734863,1.5233333375718858,1.0,other,2.0,5577.56
10878701,7th Avenue North,residential,False,True,21.485,2333,281,44.0,0.0,2.0,None,None,None,None,1.7200000286102295,1.909999966621399,1.7899999618530273,1.0,other,2.0,1959.43
288716648,3rd Street North,primary,True,False,56.803,2334,1005,56.0,0.001,2.0,FL A1A,35 mph,None,None,1.9800000190734863,2.0199999809265137,1.9985713958740234,1.0,primary,2.0,9226.43
10878701,7th Avenue North,residential,False,False,19.615,2335,1004,44.0,0.0,2.0,None,None,None,None,1.25,1.350000023841858,1.3174999952316284,1.0,other,2.0,1478.63
10878701,7th Avenue North,residential,False,True,67.038,2336,281,44.0,0.002,2.0,None,None,None,None,1.350000023841858,1.7300000190734863,1.5233333375718858,1.0,other,2.0,5577.56
10876164,6th Avenue North,residential,False,False,20.297,2337,1001,44.0,0.0,2.0,None,None,None,None,1.5700000524520874,1.7000000476837158,1.6266667048136394,1.0,other,2.0,1751.63
10876164,6th Avenue North,residential,False,True,37.024,2338,277,44.0,0.001,2.0,None,None,None,None,1.7000000476837158,1.809999942779541,1.771666685740153,1.0,other,2.0,3356.23
10876164,6th Avenue North,residential,False,False,26.602,2339,1001,44.0,0.001,2.0,None,None,None,None,1.7999999523162842,1.8300000429153442,1.809999942779541,1.0,other,2.0,2442.06
10876164,6th Avenue North,residential,False,True,5.113,2340,277,44.0,0.0,2.0,None,None,None,None,1.8300000429153442,1.8700000047683716,1.850000023841858,1.0,other,2.0,475.51
351669862,North 5th Street,residential,False,False,52.033,2341,665,44.0,0.001,2.0,None,None,None,None,1.0,1.1699999570846558,1.0671428271702357,1.0,other,2.0,3414.33
351669862,North 5th Street,residential,False,True,52.163,2342,954,44.0,0.001,2.0,None,None,None,None,1.0700000524520874,1.2200000286102295,1.1528572354997908,1.0,other,2.0,3597.24
10873111,North 4th Street,residential,False,False,51.873,2343,279,44.0,0.001,2.0,None,None,None,None,0.9399999976158142,1.2999999523162842,1.096666653951009,1.0,other,2.0,3463.56
10873111,North 4th Street,residential,False,True,51.803,2344,284,44.0,0.001,2.0,None,None,None,None,0.9900000095367432,1.2599999904632568,1.1628571919032507,1.0,other,2.0,3592.61
10878701,7th Avenue North,residential,False,False,97.0,2345,673,44.0,0.002,2.0,None,None,None,None,0.7400000095367432,1.340000033378601,0.9164285659790039,1.0,other,2.0,5697.57
10878701,7th Avenue North,residential,False,True,115.972,2346,387,44.0,0.003,2.0,None,None,None,None,0.8999999761581421,1.4600000381469727,1.2246665954589844,1.0,other,2.0,8322.38
10874111,North 9th Street,residential,False,False,97.523,2347,378,44.0,0.002,2.0,None,None,None,None,0.3199999928474426,0.6399999856948853,0.4292307266822228,1.0,other,2.0,3139.49
10874111,North 9th Street,residential,False,True,6.894,2348,381,44.0,0.0,2.0,None,None,None,None,0.4300000071525574,0.4300000071525574,0.4300000071525574,1.0,other,2.0,222.33
10874111,North 9th Street,residential,False,False,6.953,2349,319,44.0,0.0,2.0,None,None,None,None,0.4000000059604645,0.4300000071525574,0.4150000214576721,1.0,other,2.0,216.41
10874111,North 9th Street,residential,False,True,98.145,2350,379,44.0,0.002,2.0,None,None,None,None,0.1899999976158142,0.75,0.4254545731977983,0.820903112762081,other,2.0,2570.84
83634153,4th Avenue North,residential,False,False,53.39,2351,326,44.0,0.001,2.0,None,None,None,None,0.10000000149011612,0.11999999731779099,0.10999999940395355,0.04729702451667507,other,2.0,20.83
83634153,4th Avenue North,residential,False,True,34.138,2352,323,44.0,0.001,2.0,None,None,None,None,,,,0.0,other,2.0,
10873111,North 4th Street,residential,False,True,21.739,2353,1107,44.0,0.0,2.0,None,None,None,None,1.0099999904632568,1.2999999523162842,1.1575000286102295,1.0,other,2.0,1503.09
83591046,8th Avenue North,residential,False,False,79.808,2354,1008,44.0,0.002,2.0,None,None,None,None,1.1299999952316284,1.4600000381469727,1.3010000228881835,1.0,other,2.0,5964.77
83591046,8th Avenue North,residential,False,True,27.411,2355,285,44.0,0.001,2.0,None,None,None,None,1.3600000143051147,2.0199999809265137,1.7049999237060547,1.0,other,2.0,2429.99
10878701,7th Avenue North,residential,False,False,21.755,2356,654,44.0,0.0,2.0,None,None,None,None,1.149999976158142,1.2100000381469727,1.1766667366027832,1.0,other,2.0,1520.46
10878701,7th Avenue North,residential,False,True,43.336,2357,656,44.0,0.001,2.0,None,None,None,None,1.100000023841858,1.4500000476837158,1.294285774230957,1.0,other,2.0,3227.54
687641943,1st Street North,tertiary,False,False,44.549,2358,657,50.0,0.001,2.0,None,None,None,None,1.190000057220459,1.4299999475479126,1.3271429879324776,1.0,tertiary,2.0,3937.46
687641943,1st Street North,tertiary,False,True,59.625,2359,941,50.0,0.001,2.0,None,None,None,None,1.0199999809265137,1.2599999904632568,1.1685714721679688,1.0,tertiary,2.0,4839.76
83591046,8th Avenue North,residential,False,False,21.97,2360,834,44.0,0.0,2.0,None,None,None,None,1.6799999475479126,2.0299999713897705,1.8649998903274536,1.0,other,2.0,2053.1
83591046,8th Avenue North,residential,False,True,69.855,2361,403,44.0,0.002,2.0,None,None,None,None,1.7000000476837158,1.8799999952316284,1.7809999465942383,1.0,other,2.0,6351.92
351754104,3rd Street North,primary,True,False,17.947,2362,401,56.0,0.0,2.0,FL A1A,35 mph,None,None,1.7599999904632568,1.8300000429153442,1.793333371480306,1.0,primary,2.0,2730.94
351754104,3rd Street North,primary,True,False,51.652,2363,401,56.0,0.001,2.0,FL A1A,35 mph,None,None,1.7599999904632568,1.9199999570846558,1.8685715539114816,1.0,primary,2.0,8054.02
351669850,North 2nd Street,residential,False,False,51.873,2364,836,40.0,0.001,2.0,None,25 mph,None,None,1.8600000143051147,2.059999942779541,1.9785714830671037,1.0,other,2.0,5024.27
351669850,North 2nd Street,residential,False,True,52.629,2365,662,40.0,0.001,2.0,None,25 mph,None,None,1.7999999523162842,2.059999942779541,1.9228570120675224,1.0,other,2.0,5009.53
83591046,8th Avenue North,residential,False,False,62.713,2366,905,44.0,0.001,2.0,None,None,None,None,0.07999999821186066,0.07999999821186066,0.07999999821186066,0.017511833842181232,other,2.0,6.59
83591046,8th Avenue North,residential,False,True,7.614,2367,914,44.0,0.0,2.0,None,None,None,None,0.07999999821186066,0.07999999821186066,0.07999999821186066,1.0,other,2.0,45.68
83591046,8th Avenue North,residential,False,False,7.115,2368,389,44.0,0.0,2.0,None,None,None,None,0.07999999821186066,0.17000000178813934,0.125,1.0,other,2.0,66.7
83591046,8th Avenue North,residential,False,True,99.407,2369,906,44.0,0.002,2.0,None,None,None,None,0.07999999821186066,0.3799999952316284,0.20272727446122604,0.740799264295207,other,2.0,1119.67
10884265,7th Street North,residential,False,False,79.919,2370,550,44.0,0.002,2.0,None,None,None,None,0.5799999833106995,1.0299999713897705,0.7955555386013455,1.0,other,2.0,4201.61
10884265,7th Street North,residential,False,True,23.256,2371,674,44.0,0.001,2.0,None,None,None,None,0.8199999928474426,1.2000000476837158,1.0579999923706054,1.0,other,2.0,1517.73
10876164,6th Avenue North,residential,False,False,108.315,2372,549,44.0,0.002,2.0,None,None,None,None,0.5600000023841858,1.3799999952316284,0.9,1.0,other,2.0,6271.44
10876164,6th Avenue North,residential,False,True,104.902,2373,383,44.0,0.002,2.0,None,None,None,None,1.0,1.3700000047683716,1.2271428789411272,1.0,other,2.0,7538.11
10876164,6th Avenue North,residential,False,False,11.755,2374,553,44.0,0.0,2.0,None,None,None,None,,,,0.0,other,2.0,
10876164,6th Avenue North,residential,False,True,11.266,2375,557,44.0,0.0,2.0,None,None,None,None,,,,0.0,other,2.0,
10876164,6th Avenue North,residential,False,False,7.652,2376,382,44.0,0.0,2.0,None,None,None,None,0.12999999523162842,0.12999999523162842,0.12999999523162842,1.0,other,2.0,74.61
10876164,6th Avenue North,residential,False,True,100.302,2377,554,44.0,0.002,2.0,None,None,None,None,0.12999999523162842,0.6399999856948853,0.3679999669392904,1.0,other,2.0,2768.33
10886116,11th Street North,residential,False,False,80.944,2378,911,44.0,0.002,2.0,None,None,None,None,,,,0.0,other,2.0,
10886116,11th Street North,residential,False,True,10.137,2379,558,44.0,0.0,2.0,None,None,None,None,,,,0.0,other,2.0,
10886116,11th Street North,residential,False,False,7.702,2380,325,44.0,0.0,2.0,None,None,None,None,,,,0.0,other,2.0,
10886116,11th Street North,residential,False,True,6.902,2381,912,44.0,0.0,2.0,None,None,None,None,,,,0.0,other,2.0,
10886116,11th Street North,residential,False,False,9.798,2382,325,44.0,0.0,2.0,None,None,None,None,,,,0.0,other,2.0,
10886116,11th Street North,residential,False,True,10.637,2383,912,44.0,0.0,2.0,None,None,None,None,,,,0.0,other,2.0,
10875608,Palm Tree Road,residential,False,False,8.851,2384,514,44.0,0.0,2.0,None,None,None,None,0.33000001311302185,0.5099999904632568,0.42000001668930054,1.0,other,2.0,278.81
10875608,Palm Tree Road,residential,False,True,87.554,2385,329,44.0,0.002,2.0,None,None,None,None,0.05999999865889549,0.4099999964237213,0.23333334922790527,0.88830877662739,other,2.0,1361.06
10876164,6th Avenue North,residential,False,False,102.224,2386,556,44.0,0.002,2.0,None,None,None,None,0.4000000059604645,0.5099999904632568,0.47153847034160906,1.0,other,2.0,3615.19
10876164,6th Avenue North,residential,False,True,101.989,2387,522,44.0,0.002,2.0,None,None,None,None,0.11999999731779099,0.4000000059604645,0.27799999713897705,0.40729993814523796,other,2.0,866.11
10872690,14th Avenue South,residential,False,True,105.349,2388,247,44.0,0.002,2.0,None,None,None,None,1.5099999904632568,2.440000057220459,2.1,1.0,other,2.0,10508.56
707606486,14th Avenue South,residential,False,False,106.723,2389,243,44.0,0.002,2.0,None,None,None,None,2.430000066757202,2.680000066757202,2.5926666259765625,1.0,other,2.0,11828.64
83591029,13th Avenue South,tertiary,False,False,106.762,2390,729,50.0,0.002,2.0,None,None,None,None,2.0999999046325684,2.6700000762939453,2.3899998982747395,1.0,tertiary,2.0,13237.15
83591029,13th Avenue South,tertiary,False,True,103.862,2391,803,50.0,0.002,2.0,None,None,None,None,1.5,2.0999999046325684,1.7633333841959635,1.0,tertiary,2.0,10953.98
444454367,1st Street South,tertiary,False,False,19.371,2392,950,50.0,0.0,2.0,None,None,None,None,2.0399999618530273,2.2699999809265137,2.140000104904175,1.0,tertiary,2.0,2274.64
444454367,1st Street South,tertiary,False,True,10.527,2393,771,50.0,0.0,2.0,None,None,None,None,2.0399999618530273,2.2699999809265137,2.1549999713897705,1.0,tertiary,2.0,1240.28
444454367,1st Street South,tertiary,False,False,18.199,2394,950,50.0,0.0,2.0,None,None,None,None,2.130000114440918,2.200000047683716,2.163333257039388,1.0,tertiary,2.0,2148.16
444454367,1st Street South,tertiary,False,True,19.371,2395,771,50.0,0.0,2.0,None,None,None,None,2.0399999618530273,2.2699999809265137,2.140000104904175,1.0,tertiary,2.0,2274.64
683228853,3rd Avenue South,residential,False,True,45.398,2396,1050,44.0,0.001,2.0,None,None,None,None,1.9600000381469727,2.109999895095825,2.0314286095755443,1.0,other,2.0,4458.41
683228854,3rd Avenue South,residential,False,False,12.63,2397,45,44.0,0.0,2.0,None,None,None,None,1.9600000381469727,1.9800000190734863,1.9700000286102295,1.0,other,2.0,1220.06
10887552,15th Avenue South,residential,False,False,83.669,2398,867,44.0,0.002,2.0,None,None,None,None,0.28999999165534973,0.8199999928474426,0.6341666777928671,1.0,other,2.0,3710.09
10887552,15th Avenue South,residential,False,True,7.607,2399,226,44.0,0.0,2.0,None,None,None,None,0.28999999165534973,0.28999999165534973,0.28999999165534973,1.0,other,2.0,165.45
687641943,1st Street North,tertiary,False,False,34.334,2400,1108,50.0,0.001,2.0,None,None,None,None,1.3899999856948853,1.590000033378601,1.5,1.0,tertiary,2.0,3304.65
10878786,10th Street South,residential,False,False,66.328,2401,697,44.0,0.002,2.0,None,None,None,None,0.23999999463558197,0.44999998807907104,0.36666666136847603,1.0,other,2.0,1824.02
10878786,10th Street South,residential,False,True,35.852,2402,712,44.0,0.001,2.0,None,None,None,None,0.3199999928474426,0.44999998807907104,0.3659999847412109,1.0,other,2.0,984.14
10889303,3rd Avenue North,residential,False,False,56.719,2403,909,44.0,0.001,2.0,None,None,None,None,0.4099999964237213,0.5600000023841858,0.4987499713897705,1.0,other,2.0,2121.64
10889303,3rd Avenue North,residential,False,True,27.788,2404,516,44.0,0.001,2.0,None,None,None,None,0.47999998927116394,0.5099999904632568,0.4925000071525574,1.0,other,2.0,1026.42
10889303,3rd Avenue North,residential,False,False,27.788,2405,909,44.0,0.001,2.0,None,None,None,None,0.47999998927116394,0.5099999904632568,0.4925000071525574,1.0,other,2.0,1026.42
10889303,3rd Avenue North,residential,False,True,86.533,2406,516,44.0,0.002,2.0,None,None,None,None,0.2800000011920929,0.5400000214576721,0.4309091134504838,1.0,other,2.0,2796.59
83634153,4th Avenue North,residential,False,False,171.061,2407,330,44.0,0.004,2.0,None,None,None,None,0.1899999976158142,0.44999998807907104,0.3554545532573353,0.5165561868221322,other,2.0,2355.67
83634153,4th Avenue North,residential,False,True,106.164,2408,327,44.0,0.002,2.0,None,None,None,None,0.3799999952316284,0.5099999904632568,0.4276923399705153,1.0,other,2.0,3405.41
10889303,3rd Avenue North,residential,False,False,86.533,2409,909,44.0,0.002,2.0,None,None,None,None,0.2800000011920929,0.5400000214576721,0.4309091134504838,1.0,other,2.0,2796.59
10889303,3rd Avenue North,residential,False,True,20.587,2410,516,44.0,0.0,2.0,None,None,None,None,0.1599999964237213,0.2800000011920929,0.23333330949147543,1.0,other,2.0,360.27
10889303,3rd Avenue North,residential,False,False,20.587,2411,909,44.0,0.0,2.0,None,None,None,None,0.1599999964237213,0.2800000011920929,0.23333330949147543,1.0,other,2.0,360.27
10889303,3rd Avenue North,residential,False,True,89.875,2412,516,44.0,0.002,2.0,None,None,None,None,0.05000000074505806,0.1599999964237213,0.10499999672174454,0.12636519779718114,other,2.0,89.44
707606486,14th Avenue South,residential,False,False,7.947,2413,89,44.0,0.0,2.0,None,None,None,None,2.109999895095825,2.200000047683716,2.1549999713897705,1.0,other,2.0,802.55
707606486,14th Avenue South,residential,False,True,92.351,2414,253,44.0,0.002,2.0,None,None,None,None,1.9500000476837158,2.2799999713897705,2.1242858341761996,1.0,other,2.0,9262.48
83591029,13th Avenue South,tertiary,False,False,93.278,2415,85,50.0,0.002,2.0,None,None,None,None,2.059999942779541,2.440000057220459,2.257857186453683,1.0,tertiary,2.0,11241.75
83591029,13th Avenue South,tertiary,False,True,5.702,2416,804,50.0,0.0,2.0,None,None,None,None,2.180000066757202,2.180000066757202,2.180000066757202,1.0,tertiary,2.0,675.54
83591067,12th Avenue South,residential,False,False,5.874,2417,126,44.0,0.0,2.0,None,None,None,None,2.359999895095825,2.4000000953674316,2.380000114440918,1.0,other,2.0,622.94
83591067,12th Avenue South,residential,False,True,93.234,2418,82,44.0,0.002,2.0,None,None,None,None,2.3399999141693115,2.609999895095825,2.4314286368233815,1.0,other,2.0,9995.35
707606486,14th Avenue South,residential,False,False,0.742,2419,89,44.0,0.0,2.0,None,None,None,None,2.2799999713897705,2.2799999713897705,2.2799999713897705,1.0,other,2.0,77.02
707606486,14th Avenue South,residential,False,True,5.277,2420,253,44.0,0.0,2.0,None,None,None,None,2.2799999713897705,2.2799999713897705,2.2799999713897705,1.0,other,2.0,547.75
10887552,15th Avenue South,residential,False,False,6.075,2421,916,44.0,0.0,2.0,None,None,None,None,2.490000009536743,2.490000009536743,2.490000009536743,1.0,other,2.0,659.29
10887552,15th Avenue South,residential,False,True,93.576,2422,94,44.0,0.002,2.0,None,None,None,None,1.909999966621399,2.490000009536743,2.104285785130092,1.0,other,2.0,9343.23
10887552,15th Avenue South,residential,False,False,93.576,2423,916,44.0,0.002,2.0,None,None,None,None,1.909999966621399,2.490000009536743,2.104285785130092,1.0,other,2.0,9343.23
10887552,15th Avenue South,residential,False,True,8.0,2424,94,44.0,0.0,2.0,None,None,None,None,2.049999952316284,2.0799999237060547,2.065000057220459,1.0,other,2.0,791.7
707606486,14th Avenue South,residential,False,False,92.351,2425,89,44.0,0.002,2.0,None,None,None,None,1.9500000476837158,2.2799999713897705,2.1242858341761996,1.0,other,2.0,9262.48
707606486,14th Avenue South,residential,False,True,0.742,2426,253,44.0,0.0,2.0,None,None,None,None,2.2799999713897705,2.2799999713897705,2.2799999713897705,1.0,other,2.0,77.02
83591029,13th Avenue South,tertiary,False,False,7.782,2427,85,50.0,0.0,2.0,None,None,None,None,2.430000066757202,2.490000009536743,2.4600000381469727,1.0,tertiary,2.0,979.17
83591029,13th Avenue South,tertiary,False,True,93.278,2428,804,50.0,0.002,2.0,None,None,None,None,2.059999942779541,2.440000057220459,2.257857186453683,1.0,tertiary,2.0,11241.75
83591067,12th Avenue South,residential,False,False,93.234,2429,126,44.0,0.002,2.0,None,None,None,None,2.3399999141693115,2.609999895095825,2.4314286368233815,1.0,other,2.0,9995.35
83591067,12th Avenue South,residential,False,True,7.194,2430,82,44.0,0.0,2.0,None,None,None,None,2.609999895095825,2.609999895095825,2.609999895095825,1.0,other,2.0,800.15
10880199,11th Avenue South,residential,False,False,7.017,2431,77,44.0,0.0,2.0,None,None,None,None,2.3499999046325684,2.5,2.424999952316284,1.0,other,2.0,751.26
10880199,11th Avenue South,residential,False,True,14.075,2432,1025,44.0,0.0,2.0,None,None,None,None,2.380000114440918,2.5,2.4600000381469727,1.0,other,2.0,1517.99
10880199,11th Avenue South,residential,False,False,5.39,2433,746,44.0,0.0,2.0,None,None,None,None,2.2899999618530273,2.3399999141693115,2.315000057220459,1.0,other,2.0,563.73
10880199,11th Avenue South,residential,False,True,14.392,2434,78,44.0,0.0,2.0,None,None,None,None,2.2899999618530273,2.3499999046325684,2.3299999237060547,1.0,other,2.0,1510.08
83591065,16th Avenue South,tertiary,False,False,7.765,2435,96,50.0,0.0,2.0,None,None,None,None,2.4700000286102295,2.690000057220459,2.5799999237060547,1.0,tertiary,2.0,1001.49
83591065,16th Avenue South,tertiary,False,True,11.179,2436,1010,50.0,0.0,2.0,None,None,None,None,2.690000057220459,2.7799999713897705,2.7350001335144043,1.0,tertiary,2.0,1487.3
83591029,13th Avenue South,tertiary,False,False,20.633,2437,1019,50.0,0.0,2.0,None,None,None,None,2.2699999809265137,2.559999942779541,2.4319999694824217,1.0,tertiary,2.0,2580.98
83591029,13th Avenue South,tertiary,False,True,5.542,2438,86,50.0,0.0,2.0,None,None,None,None,2.440000057220459,2.440000057220459,2.440000057220459,1.0,tertiary,2.0,694.41
83591067,12th Avenue South,residential,False,False,6.41,2439,81,44.0,0.0,2.0,None,None,None,None,2.559999942779541,2.559999942779541,2.559999942779541,1.0,other,2.0,705.74
83591067,12th Avenue South,residential,False,True,28.526,2440,1022,44.0,0.001,2.0,None,None,None,None,2.4700000286102295,2.630000114440918,2.546000099182129,1.0,other,2.0,3131.73
83591029,13th Avenue South,tertiary,False,False,7.294,2441,1019,50.0,0.0,2.0,None,None,None,None,2.1600000858306885,2.180000066757202,2.1700000762939453,1.0,tertiary,2.0,862.24
83591029,13th Avenue South,tertiary,False,True,40.461,2442,86,50.0,0.001,2.0,None,None,None,None,2.1500000953674316,2.509999990463257,2.2642857687813893,1.0,tertiary,2.0,4883.14
83591067,12th Avenue South,residential,False,False,8.35,2443,81,44.0,0.0,2.0,None,None,None,None,2.3499999046325684,2.4000000953674316,2.375,1.0,other,2.0,884.58
83591067,12th Avenue South,residential,False,True,7.152,2444,1022,44.0,0.0,2.0,None,None,None,None,2.4000000953674316,2.4000000953674316,2.4000000953674316,1.0,other,2.0,761.69
10880199,11th Avenue South,residential,False,False,28.664,2445,77,44.0,0.001,2.0,None,None,None,None,2.2799999713897705,2.3399999141693115,2.3100000381469727,1.0,other,2.0,2994.67
10880199,11th Avenue South,residential,False,True,7.661,2446,1025,44.0,0.0,2.0,None,None,None,None,2.2899999618530273,2.2899999618530273,2.2899999618530273,1.0,other,2.0,796.94
707606486,14th Avenue South,residential,False,False,9.279,2447,1017,44.0,0.0,2.0,None,None,None,None,2.5799999237060547,2.5799999237060547,2.5799999237060547,1.0,other,2.0,1025.79
707606486,14th Avenue South,residential,False,True,6.143,2448,90,44.0,0.0,2.0,None,None,None,None,2.569999933242798,2.5799999237060547,2.5749998092651367,1.0,other,2.0,678.42
10887552,15th Avenue South,residential,False,False,6.569,2449,93,44.0,0.0,2.0,None,None,None,None,2.309999942779541,2.309999942779541,2.309999942779541,1.0,other,2.0,686.3
10887552,15th Avenue South,residential,False,True,44.817,2450,1013,44.0,0.001,2.0,None,None,None,None,2.190000057220459,2.5799999237060547,2.4100001198904857,1.0,other,2.0,4783.09
707606486,14th Avenue South,residential,False,False,7.673,2451,1017,44.0,0.0,2.0,None,None,None,None,2.2799999713897705,2.3399999141693115,2.309999942779541,1.0,other,2.0,801.64
707606486,14th Avenue South,residential,False,True,40.98,2452,90,44.0,0.001,2.0,None,None,None,None,2.3399999141693115,2.490000009536743,2.4128570556640625,1.0,other,2.0,4376.22
10887552,15th Avenue South,residential,False,False,15.599,2453,93,44.0,0.0,2.0,None,None,None,None,2.3499999046325684,2.509999990463257,2.4175000190734863,1.0,other,2.0,1667.44
10887552,15th Avenue South,residential,False,True,6.922,2454,1013,44.0,0.0,2.0,None,None,None,None,2.4600000381469727,2.490000009536743,2.4749999046325684,1.0,other,2.0,748.87
10868875,South 2nd Street,residential,False,False,6.409,2455,91,40.0,0.0,2.0,None,25 mph,None,None,2.7699999809265137,2.8299999237060547,2.799999952316284,1.0,other,2.0,740.24
10868875,South 2nd Street,residential,False,True,43.354,2456,95,40.0,0.001,2.0,None,25 mph,None,None,2.630000114440918,2.7899999618530273,2.7100000381469727,1.0,other,2.0,4919.6
122483547,10th Avenue South,residential,False,False,7.132,2457,73,44.0,0.0,2.0,None,None,None,None,2.059999942779541,2.2200000286102295,2.1399998664855957,1.0,other,2.0,717.84
122483547,10th Avenue South,residential,False,True,13.372,2458,1028,44.0,0.0,2.0,None,None,None,None,2.2200000286102295,2.2899999618530273,2.263333320617676,1.0,other,2.0,1383.0
122483555,9th Avenue South,residential,False,False,6.303,2459,69,44.0,0.0,2.0,None,None,None,None,2.180000066757202,2.3299999237060547,2.255000114440918,1.0,other,2.0,650.71
122483555,9th Avenue South,residential,False,True,44.984,2460,1031,44.0,0.001,2.0,None,None,None,None,2.130000114440918,2.3299999237060547,2.2457143238612582,1.0,other,2.0,4634.64
122483547,10th Avenue South,residential,False,False,41.063,2461,73,44.0,0.001,2.0,None,None,None,None,2.0,2.109999895095825,2.0649998982747397,1.0,other,2.0,4063.7
122483547,10th Avenue South,residential,False,True,7.874,2462,1028,44.0,0.0,2.0,None,None,None,None,2.0,2.009999990463257,2.005000114440918,1.0,other,2.0,768.6
122483555,9th Avenue South,residential,False,False,38.524,2463,69,44.0,0.001,2.0,None,None,None,None,2.130000114440918,2.240000009536743,2.196666876475016,1.0,other,2.0,3926.56
122483555,9th Avenue South,residential,False,True,8.493,2464,1031,44.0,0.0,2.0,None,None,None,None,2.0899999141693115,2.190000057220459,2.1399998664855957,1.0,other,2.0,854.82
122483547,10th Avenue South,residential,False,False,5.201,2465,627,44.0,0.0,2.0,None,None,None,None,1.9900000095367432,2.009999990463257,2.0,1.0,other,2.0,507.1
122483547,10th Avenue South,residential,False,True,72.562,2466,74,44.0,0.002,2.0,None,None,None,None,1.8899999856948853,2.009999990463257,1.9479999542236328,1.0,other,2.0,6961.6
122483555,9th Avenue South,residential,False,False,4.601,2467,769,44.0,0.0,2.0,None,None,None,None,2.0399999618530273,2.0899999141693115,2.065000057220459,1.0,other,2.0,455.33
122483555,9th Avenue South,residential,False,True,24.958,2468,70,44.0,0.001,2.0,None,None,None,None,1.9800000190734863,2.0399999618530273,1.997499942779541,1.0,other,2.0,2431.53
10880199,11th Avenue South,residential,False,False,24.826,2469,746,44.0,0.001,2.0,None,None,None,None,2.1700000762939453,2.240000009536743,2.2150001525878906,1.0,other,2.0,2540.63
10880199,11th Avenue South,residential,False,True,7.072,2470,78,44.0,0.0,2.0,None,None,None,None,2.1700000762939453,2.1700000762939453,2.1700000762939453,1.0,other,2.0,716.57
122483547,10th Avenue South,residential,False,False,20.483,2471,627,44.0,0.0,2.0,None,None,None,None,1.8700000047683716,1.9199999570846558,1.8900000254313152,1.0,other,2.0,1929.5
122483547,10th Avenue South,residential,False,True,8.355,2472,74,44.0,0.0,2.0,None,None,None,None,1.8700000047683716,1.940000057220459,1.9049999713897705,1.0,other,2.0,790.8
122483555,9th Avenue South,residential,False,False,67.965,2473,769,44.0,0.002,2.0,None,None,None,None,1.8300000429153442,2.0399999618530273,1.9588890075683594,1.0,other,2.0,6542.76
122483555,9th Avenue South,residential,False,True,7.535,2474,70,44.0,0.0,2.0,None,None,None,None,1.8300000429153442,2.1600000858306885,1.9733333587646484,1.0,other,2.0,728.63
10878731,7th Avenue South,residential,False,False,93.191,2475,681,44.0,0.002,2.0,None,None,None,None,1.2400000095367432,2.1600000858306885,1.8138461479773889,1.0,other,2.0,8565.69
10878731,7th Avenue South,residential,False,True,6.97,2476,62,44.0,0.0,2.0,None,None,None,None,2.0799999237060547,2.1600000858306885,2.119999885559082,1.0,other,2.0,698.39
122483553,6th Avenue South,residential,False,False,93.087,2477,559,44.0,0.002,2.0,None,None,None,None,1.6200000047683716,1.9800000190734863,1.8053847092848558,1.0,other,2.0,8532.5
122483553,6th Avenue South,residential,False,True,6.876,2478,58,44.0,0.0,2.0,None,None,None,None,1.9800000190734863,2.0199999809265137,2.0,1.0,other,2.0,670.41
122483554,8th Avenue South,residential,False,False,93.08,2479,949,44.0,0.002,2.0,None,None,None,None,1.809999942779541,2.2899999618530273,2.0392306401179385,1.0,other,2.0,9157.46
122483554,8th Avenue South,residential,False,True,7.625,2480,66,44.0,0.0,2.0,None,None,None,None,2.259999990463257,2.2899999618530273,2.2750000953674316,1.0,other,2.0,790.62
122483554,8th Avenue South,residential,False,False,6.346,2481,65,44.0,0.0,2.0,None,None,None,None,2.0899999141693115,2.0899999141693115,2.0899999141693115,1.0,other,2.0,631.59
122483554,8th Avenue South,residential,False,True,12.884,2482,1034,44.0,0.0,2.0,None,None,None,None,2.0899999141693115,2.180000066757202,2.1366666158040366,1.0,other,2.0,1295.81
83591037,5th Avenue South,residential,False,False,4.72,2483,53,44.0,0.0,2.0,None,None,None,None,1.75,1.9800000190734863,1.8866666158040364,1.0,other,2.0,444.15
83591037,5th Avenue South,residential,False,True,93.302,2484,1043,44.0,0.002,2.0,None,None,None,None,1.7599999904632568,2.0999999046325684,1.944166660308838,1.0,other,2.0,8940.66
122483553,6th Avenue South,residential,False,False,4.798,2485,57,44.0,0.0,2.0,None,None,None,None,1.9600000381469727,2.140000104904175,2.0500001907348633,1.0,other,2.0,473.2
122483553,6th Avenue South,residential,False,True,19.363,2486,1040,44.0,0.0,2.0,None,None,None,None,2.0999999046325684,2.240000009536743,2.1750001907348633,1.0,other,2.0,1964.13
10878731,7th Avenue South,residential,False,False,5.125,2487,61,44.0,0.0,2.0,None,None,None,None,1.8300000429153442,2.0299999713897705,1.9300000667572021,1.0,other,2.0,488.93
10878731,7th Avenue South,residential,False,True,14.198,2488,1037,44.0,0.0,2.0,None,None,None,None,1.9500000476837158,2.049999952316284,2.009999910990397,1.0,other,2.0,1387.5
122483554,8th Avenue South,residential,False,False,40.534,2489,65,44.0,0.001,2.0,None,None,None,None,1.809999942779541,1.9900000095367432,1.908333460489909,1.0,other,2.0,3840.6
122483554,8th Avenue South,residential,False,True,7.235,2490,1034,44.0,0.0,2.0,None,None,None,None,1.8700000047683716,1.9199999570846558,1.8949999809265137,1.0,other,2.0,682.62
10878731,7th Avenue South,residential,False,False,70.024,2491,61,44.0,0.002,2.0,None,None,None,None,1.8700000047683716,2.119999885559082,2.0209999084472656,1.0,other,2.0,6860.43
10878731,7th Avenue South,residential,False,True,6.599,2492,1037,44.0,0.0,2.0,None,None,None,None,1.75,1.8700000047683716,1.809999942779541,1.0,other,2.0,605.79
122483553,6th Avenue South,residential,False,False,73.871,2493,57,44.0,0.002,2.0,None,None,None,None,1.7799999713897705,2.2200000286102295,1.9659999847412108,1.0,other,2.0,7127.07
122483553,6th Avenue South,residential,False,True,6.371,2494,1040,44.0,0.0,2.0,None,None,None,None,1.7799999713897705,1.7899999618530273,1.784999966621399,1.0,other,2.0,580.08
83591037,5th Avenue South,residential,False,False,93.302,2495,53,44.0,0.002,2.0,None,None,None,None,1.7599999904632568,2.0999999046325684,1.944166660308838,1.0,other,2.0,8940.66
83591037,5th Avenue South,residential,False,True,8.02,2496,1043,44.0,0.0,2.0,None,None,None,None,1.8600000143051147,1.8600000143051147,1.8600000143051147,1.0,other,2.0,748.27
122483554,8th Avenue South,residential,False,False,5.88,2497,949,44.0,0.0,2.0,None,None,None,None,1.850000023841858,1.8700000047683716,1.8600000143051147,1.0,other,2.0,548.6
122483554,8th Avenue South,residential,False,True,93.08,2498,66,44.0,0.002,2.0,None,None,None,None,1.809999942779541,2.2899999618530273,2.0392306401179385,1.0,other,2.0,9157.46
10878731,7th Avenue South,residential,False,False,6.541,2499,681,44.0,0.0,2.0,None,None,None,None,1.75,1.75,1.75,1.0,other,2.0,588.69
10878731,7th Avenue South,residential,False,True,93.191,2500,62,44.0,0.002,2.0,None,None,None,None,1.2400000095367432,2.1600000858306885,1.8138461479773889,1.0,other,2.0,8565.69
122483553,6th Avenue South,residential,False,False,6.798,2501,559,44.0,0.0,2.0,None,None,None,None,1.7899999618530273,1.7899999618530273,1.7899999618530273,1.0,other,2.0,619.98
122483553,6th Avenue South,residential,False,True,93.087,2502,58,44.0,0.002,2.0,None,None,None,None,1.6200000047683716,1.9800000190734863,1.8053847092848558,1.0,other,2.0,8532.5
83591037,5th Avenue South,residential,False,False,5.163,2503,927,44.0,0.0,2.0,None,None,None,None,1.8200000524520874,1.8600000143051147,1.840000033378601,1.0,other,2.0,478.61
83591037,5th Avenue South,residential,False,True,33.488,2504,54,44.0,0.001,2.0,None,None,None,None,1.6799999475479126,1.8200000524520874,1.7583333651224773,1.0,other,2.0,3022.29
83591037,5th Avenue South,residential,False,False,33.488,2505,927,44.0,0.001,2.0,None,None,None,None,1.6799999475479126,1.8200000524520874,1.7583333651224773,1.0,other,2.0,3022.29
83591037,5th Avenue South,residential,False,True,59.85,2506,54,44.0,0.001,2.0,None,None,None,None,1.3700000047683716,1.7999999523162842,1.631250023841858,1.0,other,2.0,5173.28
683228850,2nd Avenue South,residential,False,False,6.804,2507,41,44.0,0.0,2.0,None,None,None,None,1.75,1.9800000190734863,1.8650000095367432,1.0,other,2.0,635.83
683228850,2nd Avenue South,residential,False,True,20.682,2508,1052,44.0,0.0,2.0,None,None,None,None,1.9800000190734863,2.049999952316284,2.020000139872233,1.0,other,2.0,2025.8
683228854,3rd Avenue South,residential,False,False,4.89,2509,45,44.0,0.0,2.0,None,None,None,None,2.1700000762939453,2.25,2.2100000381469727,1.0,other,2.0,499.88
683228854,3rd Avenue South,residential,False,True,0.897,2510,1050,44.0,0.0,2.0,None,None,None,None,2.25,2.25,2.25,1.0,other,2.0,92.5
683228853,3rd Avenue South,residential,False,False,45.398,2511,45,44.0,0.001,2.0,None,None,None,None,1.9600000381469727,2.109999895095825,2.0314286095755443,1.0,other,2.0,4458.41
683228853,3rd Avenue South,residential,False,True,0.791,2512,1050,44.0,0.0,2.0,None,None,None,None,2.109999895095825,2.109999895095825,2.109999895095825,1.0,other,2.0,79.08
683228849,2nd Avenue South,residential,False,False,6.718,2513,190,44.0,0.0,2.0,None,None,None,None,2.259999990463257,2.299999952316284,2.2799999713897705,1.0,other,2.0,697.33
683228849,2nd Avenue South,residential,False,True,90.334,2514,40,44.0,0.002,2.0,None,None,None,None,2.130000114440918,2.2799999713897705,2.2333332697550454,1.0,other,2.0,9281.82
683228849,2nd Avenue South,residential,False,False,90.334,2515,190,44.0,0.002,2.0,None,None,None,None,2.130000114440918,2.2799999713897705,2.2333332697550454,1.0,other,2.0,9281.82
683228849,2nd Avenue South,residential,False,True,9.362,2516,40,44.0,0.0,2.0,None,None,None,None,2.2300000190734863,2.369999885559082,2.306666692097982,1.0,other,2.0,977.39
683228856,3rd Avenue South,residential,False,False,89.757,2517,944,44.0,0.002,2.0,None,None,None,None,2.0899999141693115,2.3299999237060547,2.2108332316080728,1.0,other,2.0,9177.09
683228856,3rd Avenue South,residential,False,True,9.755,2518,46,44.0,0.0,2.0,None,None,None,None,2.319999933242798,2.4800000190734863,2.4133334159851074,1.0,other,2.0,1041.83
683228856,3rd Avenue South,residential,False,False,6.837,2519,944,44.0,0.0,2.0,None,None,None,None,2.109999895095825,2.140000104904175,2.125,1.0,other,2.0,685.84
683228856,3rd Avenue South,residential,False,True,89.757,2520,46,44.0,0.002,2.0,None,None,None,None,2.0899999141693115,2.3299999237060547,2.2108332316080728,1.0,other,2.0,9177.09
122483552,4th Avenue South,residential,False,False,5.871,2521,331,44.0,0.0,2.0,None,None,None,None,2.049999952316284,2.059999942779541,2.054999828338623,1.0,other,2.0,579.69
122483552,4th Avenue South,residential,False,True,93.314,2522,50,44.0,0.002,2.0,None,None,None,None,2.059999942779541,2.240000009536743,2.147692313561073,1.0,other,2.0,9408.2
122483552,4th Avenue South,residential,False,False,93.314,2523,331,44.0,0.002,2.0,None,None,None,None,2.059999942779541,2.240000009536743,2.147692313561073,1.0,other,2.0,9408.2
122483552,4th Avenue South,residential,False,True,1.453,2524,50,44.0,0.0,2.0,None,None,None,None,2.190000057220459,2.190000057220459,2.190000057220459,1.0,other,2.0,147.88
10874354,1st Avenue North,residential,False,False,6.342,2525,438,44.0,0.0,2.0,None,None,None,None,1.8600000143051147,1.8600000143051147,1.8600000143051147,1.0,other,2.0,591.71
10874354,1st Avenue North,residential,False,True,15.16,2526,440,44.0,0.0,2.0,None,None,None,None,1.7100000381469727,1.8600000143051147,1.786666711171468,1.0,other,2.0,1381.08
683228866,2nd Street North,residential,False,False,7.121,2527,295,40.0,0.0,2.0,None,25 mph,None,None,1.8200000524520874,1.840000033378601,1.8300000429153442,1.0,other,2.0,657.98
683228866,2nd Street North,residential,False,True,40.406,2528,829,40.0,0.001,2.0,None,25 mph,None,None,1.8200000524520874,1.899999976158142,1.86200008392334,1.0,other,2.0,3772.3
683228866,2nd Street North,residential,False,False,5.234,2529,295,40.0,0.0,2.0,None,25 mph,None,None,1.7699999809265137,1.840000033378601,1.8050000667572021,1.0,other,2.0,479.7
683228866,2nd Street North,residential,False,True,7.121,2530,829,40.0,0.0,2.0,None,25 mph,None,None,1.8200000524520874,1.840000033378601,1.8300000429153442,1.0,other,2.0,657.98
351669852,Beach Boulevard,residential,False,False,13.934,2531,33,44.0,0.0,2.0,None,None,None,None,1.8799999952316284,2.0,1.9466667175292969,1.0,other,2.0,1336.27
351669852,Beach Boulevard,residential,False,True,5.553,2532,1075,44.0,0.0,2.0,None,None,None,None,1.9700000286102295,2.0,1.9850000143051147,1.0,other,2.0,538.92
122483548,1st Avenue South,residential,False,False,9.25,2533,35,44.0,0.0,2.0,None,None,None,None,1.6100000143051147,1.9199999570846558,1.7649999856948853,1.0,other,2.0,836.66
122483548,1st Avenue South,residential,False,True,37.62,2534,1054,44.0,0.001,2.0,None,None,None,None,1.9199999570846558,2.069999933242798,2.009999910990397,1.0,other,2.0,3676.41
122483548,1st Avenue South,residential,False,False,59.03,2535,467,44.0,0.001,2.0,None,None,None,None,2.0,2.2799999713897705,2.153749942779541,1.0,other,2.0,5959.63
122483548,1st Avenue South,residential,False,True,6.445,2536,36,44.0,0.0,2.0,None,None,None,None,2.0,2.0299999713897705,2.013333320617676,1.0,other,2.0,630.32
122483548,1st Avenue South,residential,False,False,47.104,2537,35,44.0,0.001,2.0,None,None,None,None,2.109999895095825,2.3399999141693115,2.1971427372523715,1.0,other,2.0,4801.58
122483548,1st Avenue South,residential,False,True,5.838,2538,1054,44.0,0.0,2.0,None,None,None,None,2.3399999141693115,2.3499999046325684,2.3449997901916504,1.0,other,2.0,614.52
122483548,1st Avenue South,residential,False,False,5.609,2539,467,44.0,0.0,2.0,None,None,None,None,2.3499999046325684,2.3499999046325684,2.3499999046325684,1.0,other,2.0,591.05
122483548,1st Avenue South,residential,False,True,1.266,2540,36,44.0,0.0,2.0,None,None,None,None,2.3499999046325684,2.3499999046325684,2.3499999046325684,1.0,other,2.0,133.4
683228866,2nd Street North,residential,False,False,9.001,2541,152,40.0,0.0,2.0,None,25 mph,None,None,1.809999942779541,1.8700000047683716,1.846666653951009,1.0,other,2.0,836.19
683228866,2nd Street North,residential,False,True,26.121,2542,442,40.0,0.001,2.0,None,25 mph,None,None,1.8200000524520874,1.8700000047683716,1.84333340326945,1.0,other,2.0,2424.03
683228866,2nd Street North,residential,False,False,10.22,2543,295,40.0,0.0,2.0,None,25 mph,None,None,1.850000023841858,1.850000023841858,1.850000023841858,1.0,other,2.0,950.46
683228866,2nd Street North,residential,False,True,33.1,2544,829,40.0,0.001,2.0,None,25 mph,None,None,1.7599999904632568,1.8600000143051147,1.8120000839233399,1.0,other,2.0,3040.57
10889302,3rd Avenue North,residential,False,False,5.189,2545,934,44.0,0.0,2.0,None,None,None,None,1.850000023841858,1.850000023841858,1.850000023841858,1.0,other,2.0,482.58
10889302,3rd Avenue North,residential,False,True,23.826,2546,827,44.0,0.001,2.0,None,None,None,None,1.8200000524520874,1.850000023841858,1.834000015258789,1.0,other,2.0,2204.38
683228866,2nd Street North,residential,False,False,44.535,2547,828,40.0,0.001,2.0,None,25 mph,None,None,1.6699999570846558,1.8600000143051147,1.7800000508626301,1.0,other,2.0,4048.23
683228866,2nd Street North,residential,False,True,7.584,2548,153,40.0,0.0,2.0,None,25 mph,None,None,1.850000023841858,1.850000023841858,1.850000023841858,1.0,other,2.0,705.31
683228866,2nd Street North,residential,False,False,10.173,2549,828,40.0,0.0,2.0,None,25 mph,None,None,1.7899999618530273,1.899999976158142,1.8450000286102295,1.0,other,2.0,944.56
683228866,2nd Street North,residential,False,True,20.389,2550,153,40.0,0.001,2.0,None,25 mph,None,None,1.7200000286102295,1.899999976158142,1.8033332824707031,1.0,other,2.0,1867.63
683228866,2nd Street North,residential,False,False,16.488,2551,152,40.0,0.0,2.0,None,25 mph,None,None,1.7999999523162842,1.909999966621399,1.8633333841959636,1.0,other,2.0,1539.98
683228866,2nd Street North,residential,False,True,11.915,2552,442,40.0,0.0,2.0,None,25 mph,None,None,1.7899999618530273,1.940000057220459,1.8799999554951985,1.0,other,2.0,1118.82
10874354,1st Avenue North,residential,False,False,8.833,2553,439,44.0,0.0,2.0,None,None,None,None,1.6399999856948853,1.6799999475479126,1.659999966621399,1.0,other,2.0,771.12
10874354,1st Avenue North,residential,False,True,14.412,2554,393,44.0,0.0,2.0,None,None,None,None,1.6299999952316284,1.7400000095367432,1.6675000190734863,1.0,other,2.0,1261.41
444454376,2nd Avenue North,residential,False,False,9.115,2555,150,44.0,0.0,2.0,None,None,None,None,1.8300000429153442,2.0399999618530273,1.9600000381469727,1.0,other,2.0,877.77
444454376,2nd Avenue North,residential,False,True,8.423,2556,155,44.0,0.0,2.0,None,None,None,None,2.0399999618530273,2.0399999618530273,2.0399999618530273,1.0,other,2.0,828.82
10889302,3rd Avenue North,residential,False,False,12.19,2557,826,44.0,0.0,2.0,None,None,None,None,1.6399999856948853,1.9800000190734863,1.8599999745686848,1.0,other,2.0,1137.33
10889302,3rd Avenue North,residential,False,True,2.103,2558,395,44.0,0.0,2.0,None,None,None,None,1.9800000190734863,1.9800000190734863,1.9800000190734863,1.0,other,2.0,203.78
10874354,1st Avenue North,residential,False,False,31.497,2559,439,44.0,0.001,2.0,None,None,None,None,1.6799999475479126,1.809999942779541,1.7316665649414062,1.0,other,2.0,2817.41
10874354,1st Avenue North,residential,False,True,8.434,2560,393,44.0,0.0,2.0,None,None,None,None,1.809999942779541,1.8600000143051147,1.8350000381469727,1.0,other,2.0,780.57
444454376,2nd Avenue North,residential,False,False,3.775,2561,150,44.0,0.0,2.0,None,None,None,None,1.7899999618530273,1.8600000143051147,1.8250000476837158,1.0,other,2.0,348.24
444454376,2nd Avenue North,residential,False,True,7.393,2562,155,44.0,0.0,2.0,None,None,None,None,1.7899999618530273,1.7899999618530273,1.7899999618530273,1.0,other,2.0,674.24
10889302,3rd Avenue North,residential,False,False,11.204,2563,826,44.0,0.0,2.0,None,None,None,None,1.850000023841858,1.8600000143051147,1.8566667238871257,1.0,other,2.0,1044.21
10889302,3rd Avenue North,residential,False,True,8.124,2564,395,44.0,0.0,2.0,None,None,None,None,1.850000023841858,1.850000023841858,1.850000023841858,1.0,other,2.0,755.53
683228866,2nd Street North,residential,False,False,40.406,2565,295,40.0,0.001,2.0,None,25 mph,None,None,1.8200000524520874,1.899999976158142,1.86200008392334,1.0,other,2.0,3772.3
683228866,2nd Street North,residential,False,True,8.522,2566,829,40.0,0.0,2.0,None,25 mph,None,None,1.8600000143051147,1.8799999952316284,1.8700000047683716,1.0,other,2.0,797.66
444454376,2nd Avenue North,residential,False,False,5.876,2567,149,44.0,0.0,2.0,None,None,None,None,1.7899999618530273,1.940000057220459,1.8650000095367432,1.0,other,2.0,549.11
444454376,2nd Avenue North,residential,False,True,11.146,2568,151,44.0,0.0,2.0,None,None,None,None,1.899999976158142,1.940000057220459,1.9266667366027832,1.0,other,2.0,1062.21
444454376,2nd Avenue North,residential,False,False,9.754,2569,149,44.0,0.0,2.0,None,None,None,None,1.659999966621399,1.6799999475479126,1.6699999570846558,1.0,other,2.0,854.45
444454376,2nd Avenue North,residential,False,True,8.027,2570,151,44.0,0.0,2.0,None,None,None,None,1.659999966621399,1.690000057220459,1.6749999523162842,1.0,other,2.0,704.37
351669850,North 2nd Street,residential,False,False,12.875,2571,537,40.0,0.0,2.0,None,25 mph,None,None,1.75,1.8799999952316284,1.8300000826517742,1.0,other,2.0,1189.65
351669850,North 2nd Street,residential,False,True,9.121,2572,833,40.0,0.0,2.0,None,25 mph,None,None,1.8799999952316284,2.0199999809265137,1.9500000476837158,1.0,other,2.0,875.62
351669850,North 2nd Street,residential,False,False,10.709,2573,832,40.0,0.0,2.0,None,25 mph,None,None,1.8600000143051147,1.899999976158142,1.8799999952316284,1.0,other,2.0,1005.58
351669850,North 2nd Street,residential,False,True,30.776,2574,294,40.0,0.001,2.0,None,25 mph,None,None,1.8200000524520874,1.9199999570846558,1.8799999952316284,1.0,other,2.0,2889.87
687641943,1st Street North,tertiary,False,False,91.848,2575,533,50.0,0.002,2.0,None,None,None,None,0.8899999856948853,1.190000057220459,1.0466667811075847,1.0,tertiary,2.0,6945.85
687641943,1st Street North,tertiary,False,True,12.748,2576,658,50.0,0.0,2.0,None,None,None,None,1.1399999856948853,1.2400000095367432,1.1833333174387615,1.0,tertiary,2.0,1043.32
351669850,North 2nd Street,residential,False,False,9.619,2577,661,40.0,0.0,2.0,None,25 mph,None,None,1.940000057220459,2.0199999809265137,1.9800000190734863,1.0,other,2.0,932.08
351669850,North 2nd Street,residential,False,True,42.726,2578,538,40.0,0.001,2.0,None,25 mph,None,None,1.7200000286102295,1.9900000095367432,1.8616666793823242,1.0,other,2.0,3988.47
687641943,1st Street North,tertiary,False,False,12.198,2579,1108,50.0,0.0,2.0,None,None,None,None,1.2400000095367432,1.2599999904632568,1.25,1.0,tertiary,2.0,1035.31
687641943,1st Street North,tertiary,False,True,8.53,2580,534,50.0,0.0,2.0,None,None,None,None,1.2599999904632568,1.3300000429153442,1.2833333015441895,1.0,tertiary,2.0,736.92
351669850,North 2nd Street,residential,False,False,8.781,2581,537,40.0,0.0,2.0,None,25 mph,None,None,1.840000033378601,1.840000033378601,1.840000033378601,1.0,other,2.0,814.0
351669850,North 2nd Street,residential,False,True,23.662,2582,833,40.0,0.001,2.0,None,25 mph,None,None,1.8300000429153442,1.899999976158142,1.8625000715255737,1.0,other,2.0,2209.44
10876164,6th Avenue North,residential,False,False,53.929,2583,531,44.0,0.001,2.0,None,None,None,None,1.2400000095367432,1.6299999952316284,1.4950000047683716,1.0,other,2.0,4438.63
10876164,6th Avenue North,residential,False,True,7.493,2584,536,44.0,0.0,2.0,None,None,None,None,1.2400000095367432,1.2400000095367432,1.2400000095367432,1.0,other,2.0,542.19
10878701,7th Avenue North,residential,False,False,93.413,2585,655,44.0,0.002,2.0,None,None,None,None,1.1100000143051147,1.8700000047683716,1.4915384145883412,1.0,other,2.0,7675.75
10878701,7th Avenue North,residential,False,True,6.997,2586,660,44.0,0.0,2.0,None,None,None,None,1.190000057220459,1.25,1.2200000286102295,1.0,other,2.0,500.85
83591046,8th Avenue North,residential,False,False,44.788,2587,940,44.0,0.001,2.0,None,None,None,None,1.2999999523162842,1.690000057220459,1.4742858069283622,1.0,other,2.0,3650.09
83591046,8th Avenue North,residential,False,True,6.662,2588,835,44.0,0.0,2.0,None,None,None,None,1.4199999570846558,1.4199999570846558,1.4199999570846558,1.0,other,2.0,528.83
687641943,1st Street North,tertiary,False,True,11.734,2589,1109,50.0,0.0,2.0,None,None,None,None,1.409999966621399,1.4199999570846558,1.4149999618530273,1.0,tertiary,2.0,1084.02
10888754,5th Avenue North,residential,False,False,33.497,2590,1104,44.0,0.001,2.0,None,None,None,None,1.5800000429153442,1.7400000095367432,1.6775000095367432,1.0,other,2.0,2941.87
10888754,5th Avenue North,residential,False,True,9.287,2591,831,44.0,0.0,2.0,None,None,None,None,1.5700000524520874,1.5800000429153442,1.5750000476837158,1.0,other,2.0,787.07
351669850,North 2nd Street,residential,False,False,55.671,2592,832,40.0,0.001,2.0,None,25 mph,None,None,1.6799999475479126,1.8899999856948853,1.8066666920979817,1.0,other,2.0,5105.03
351669850,North 2nd Street,residential,False,True,6.775,2593,294,40.0,0.0,2.0,None,25 mph,None,None,1.7999999523162842,1.840000033378601,1.8199999332427979,1.0,other,2.0,623.98
683228867,4th Avenue North,residential,False,False,11.552,2594,296,44.0,0.0,2.0,None,None,None,None,1.5700000524520874,1.600000023841858,1.5850000381469727,1.0,other,2.0,982.5
683228867,4th Avenue North,residential,False,True,7.319,2595,293,44.0,0.0,2.0,None,None,None,None,1.5700000524520874,1.5700000524520874,1.5700000524520874,1.0,other,2.0,619.19
683228868,4th Avenue North,residential,False,False,9.992,2596,300,44.0,0.0,2.0,None,None,None,None,2.049999952316284,2.049999952316284,2.049999952316284,1.0,other,2.0,985.46
683228868,4th Avenue North,residential,False,True,10.49,2597,297,44.0,0.0,2.0,None,None,None,None,1.9500000476837158,2.049999952316284,2.0,1.0,other,2.0,1022.78
10888754,5th Avenue North,residential,False,False,10.558,2598,830,44.0,0.0,2.0,None,None,None,None,1.7799999713897705,1.7799999713897705,1.7799999713897705,1.0,other,2.0,959.72
10888754,5th Avenue North,residential,False,True,10.433,2599,999,44.0,0.0,2.0,None,None,None,None,1.7799999713897705,1.9800000190734863,1.8799999952316284,1.0,other,2.0,979.66
10876164,6th Avenue North,residential,False,False,10.492,2600,535,44.0,0.0,2.0,None,None,None,None,1.9700000286102295,2.119999885559082,2.0450000762939453,1.0,other,2.0,1033.59
10876164,6th Avenue North,residential,False,True,10.523,2601,397,44.0,0.0,2.0,None,None,None,None,1.9900000095367432,2.119999885559082,2.054999828338623,1.0,other,2.0,1039.01
10878701,7th Avenue North,residential,False,False,7.431,2602,659,44.0,0.0,2.0,None,None,None,None,1.7899999618530273,1.909999966621399,1.8499999046325684,1.0,other,2.0,691.08
10878701,7th Avenue North,residential,False,True,93.15,2603,400,44.0,0.002,2.0,None,None,None,None,1.7000000476837158,1.9800000190734863,1.8207692366379957,1.0,other,2.0,8581.26
683228868,4th Avenue North,residential,False,False,8.194,2604,300,44.0,0.0,2.0,None,None,None,None,1.8200000524520874,1.8600000143051147,1.840000033378601,1.0,other,2.0,759.58
683228868,4th Avenue North,residential,False,True,49.176,2605,297,44.0,0.001,2.0,None,None,None,None,1.7400000095367432,1.8200000524520874,1.791428565979004,1.0,other,2.0,4486.96
10888754,5th Avenue North,residential,False,False,38.281,2606,830,44.0,0.001,2.0,None,None,None,None,1.7300000190734863,1.9199999570846558,1.85,1.0,other,2.0,3560.13
10888754,5th Avenue North,residential,False,True,6.897,2607,999,44.0,0.0,2.0,None,None,None,None,1.7300000190734863,1.840000033378601,1.7899999618530273,1.0,other,2.0,629.01
10876164,6th Avenue North,residential,False,False,14.86,2608,535,44.0,0.0,2.0,None,None,None,None,1.909999966621399,2.059999942779541,1.9599998792012532,1.0,other,2.0,1431.02
10876164,6th Avenue North,residential,False,True,8.309,2609,397,44.0,0.0,2.0,None,None,None,None,2.0199999809265137,2.059999942779541,2.0399999618530273,1.0,other,2.0,817.61
10878701,7th Avenue North,residential,False,False,93.15,2610,659,44.0,0.002,2.0,None,None,None,None,1.7000000476837158,1.9800000190734863,1.8207692366379957,1.0,other,2.0,8581.26
10878701,7th Avenue North,residential,False,True,4.984,2611,400,44.0,0.0,2.0,None,None,None,None,1.9800000190734863,2.0,1.9900000095367432,1.0,other,2.0,484.44
10876164,6th Avenue North,residential,False,False,7.383,2612,531,44.0,0.0,2.0,None,None,None,None,1.9600000381469727,2.0199999809265137,1.9900000095367432,1.0,other,2.0,717.63
10876164,6th Avenue North,residential,False,True,37.01,2613,536,44.0,0.001,2.0,None,None,None,None,1.6299999952316284,1.9800000190734863,1.8360000610351563,1.0,other,2.0,3426.39
10878701,7th Avenue North,residential,False,False,7.894,2614,655,44.0,0.0,2.0,None,None,None,None,1.8700000047683716,2.0,1.934999942779541,1.0,other,2.0,754.27
10878701,7th Avenue North,residential,False,True,93.413,2615,660,44.0,0.002,2.0,None,None,None,None,1.1100000143051147,1.8700000047683716,1.4915384145883412,1.0,other,2.0,7675.75
683228867,4th Avenue North,residential,False,False,63.022,2616,296,44.0,0.001,2.0,None,None,None,None,1.600000023841858,1.8700000047683716,1.7633333206176758,1.0,other,2.0,5697.19
683228867,4th Avenue North,residential,False,True,6.553,2617,293,44.0,0.0,2.0,None,None,None,None,1.8600000143051147,1.8799999952316284,1.8700000445048015,1.0,other,2.0,613.36
10888754,5th Avenue North,residential,False,False,5.183,2618,1104,44.0,0.0,2.0,None,None,None,None,1.840000033378601,1.8700000047683716,1.8550000190734863,1.0,other,2.0,482.8
10888754,5th Avenue North,residential,False,True,54.131,2619,831,44.0,0.001,2.0,None,None,None,None,1.6299999952316284,1.9500000476837158,1.8200000524520874,1.0,other,2.0,4985.47
10876164,6th Avenue North,residential,False,False,7.78,2620,530,44.0,0.0,2.0,None,None,None,None,1.159999966621399,1.2400000095367432,1.1899999777475994,1.0,other,2.0,547.79
10876164,6th Avenue North,residential,False,True,63.088,2621,532,44.0,0.001,2.0,None,None,None,None,1.0800000429153442,1.2000000476837158,1.1288888719346788,1.0,other,2.0,4291.67
10878701,7th Avenue North,residential,False,False,6.213,2622,654,44.0,0.0,2.0,None,None,None,None,1.190000057220459,1.2100000381469727,1.2000000476837158,1.0,other,2.0,439.88
10878701,7th Avenue North,residential,False,True,21.755,2623,656,44.0,0.0,2.0,None,None,None,None,1.149999976158142,1.2100000381469727,1.1766667366027832,1.0,other,2.0,1520.46
10888754,5th Avenue North,residential,False,False,6.454,2624,1104,44.0,0.0,2.0,None,None,None,None,1.5700000524520874,1.5700000524520874,1.5700000524520874,1.0,other,2.0,546.01
10888754,5th Avenue North,residential,False,True,12.898,2625,831,44.0,0.0,2.0,None,None,None,None,1.4700000286102295,1.5700000524520874,1.5049999952316284,1.0,other,2.0,1066.02
83591046,8th Avenue North,residential,False,False,8.449,2626,834,44.0,0.0,2.0,None,None,None,None,1.9199999570846558,2.0299999713897705,1.9749999046325684,1.0,other,2.0,817.44
83591046,8th Avenue North,residential,False,True,21.97,2627,403,44.0,0.0,2.0,None,None,None,None,1.6799999475479126,2.0299999713897705,1.8649998903274536,1.0,other,2.0,2053.1
83591046,8th Avenue North,residential,False,False,69.855,2628,834,44.0,0.002,2.0,None,None,None,None,1.7000000476837158,1.8799999952316284,1.7809999465942383,1.0,other,2.0,6351.92
83591046,8th Avenue North,residential,False,True,5.607,2629,403,44.0,0.0,2.0,None,None,None,None,1.8600000143051147,1.8700000047683716,1.8650000095367432,1.0,other,2.0,523.97
83591046,8th Avenue North,residential,False,False,7.597,2630,940,44.0,0.0,2.0,None,None,None,None,1.8700000047683716,1.8899999856948853,1.8799999952316284,1.0,other,2.0,713.36
83591046,8th Avenue North,residential,False,True,48.684,2631,835,44.0,0.001,2.0,None,None,None,None,1.690000057220459,1.8899999856948853,1.7528572082519531,1.0,other,2.0,4385.73
10880199,11th Avenue South,residential,False,False,28.369,2632,764,44.0,0.001,2.0,None,None,None,None,0.25,0.36000001430511475,0.3174999952316284,1.0,other,2.0,675.54
10880199,11th Avenue South,residential,False,True,43.625,2633,718,44.0,0.001,2.0,None,None,None,None,0.25,1.1100000143051147,0.5985714367457798,1.0,other,2.0,1855.25
10880199,11th Avenue South,residential,False,False,18.377,2634,764,44.0,0.0,2.0,None,None,None,None,0.3799999952316284,0.5099999904632568,0.4350000023841858,1.0,other,2.0,599.55
10880199,11th Avenue South,residential,False,True,18.503,2635,718,44.0,0.0,2.0,None,None,None,None,0.36000001430511475,0.4300000071525574,0.40000001589457196,1.0,other,2.0,555.09
10878786,10th Street South,residential,False,False,40.141,2636,716,44.0,0.001,2.0,None,None,None,None,0.5299999713897705,0.9200000166893005,0.7266666889190674,1.0,other,2.0,1969.32
10878786,10th Street South,residential,False,True,42.218,2637,148,44.0,0.001,2.0,None,None,None,None,0.5099999904632568,0.8799999952316284,0.5883333285649618,1.0,other,2.0,1773.37
444454367,1st Street South,tertiary,False,False,21.769,2638,682,50.0,0.0,2.0,None,None,None,None,1.940000057220459,2.0,1.9699999491373699,1.0,tertiary,2.0,2453.37
444454367,1st Street South,tertiary,False,True,14.696,2639,951,50.0,0.0,2.0,None,None,None,None,1.940000057220459,1.9900000095367432,1.9699999491373699,1.0,tertiary,2.0,1656.24
444454367,1st Street South,tertiary,False,False,9.401,2640,682,50.0,0.0,2.0,None,None,None,None,2.0,2.0299999713897705,2.0149998664855957,1.0,tertiary,2.0,1073.07
444454367,1st Street South,tertiary,False,True,21.769,2641,951,50.0,0.0,2.0,None,None,None,None,1.940000057220459,2.0,1.9699999491373699,1.0,tertiary,2.0,2453.37
444454367,1st Street South,tertiary,False,False,10.33,2642,682,50.0,0.0,2.0,None,None,None,None,2.0399999618530273,2.0999999046325684,2.069999933242798,1.0,tertiary,2.0,1194.02
444454367,1st Street South,tertiary,False,True,14.15,2643,951,50.0,0.0,2.0,None,None,None,None,2.0199999809265137,2.0399999618530273,2.0333333015441895,1.0,tertiary,2.0,1621.94
444454367,1st Street South,tertiary,False,False,22.182,2644,682,50.0,0.0,2.0,None,None,None,None,2.0999999046325684,2.259999990463257,2.1799999872843423,1.0,tertiary,2.0,2628.01
444454367,1st Street South,tertiary,False,True,10.33,2645,951,50.0,0.0,2.0,None,None,None,None,2.0399999618530273,2.0999999046325684,2.069999933242798,1.0,tertiary,2.0,1194.02
10880336,North 8th Street,residential,False,False,36.878,2646,16,44.0,0.001,2.0,None,None,None,None,0.9100000262260437,1.1100000143051147,0.9866665999094645,1.0,other,2.0,2298.24
10880336,North 8th Street,residential,False,True,53.408,2647,458,44.0,0.001,2.0,None,None,None,None,0.9300000071525574,1.149999976158142,1.044285706111363,1.0,other,2.0,3456.95
10874354,1st Avenue North,residential,False,False,16.925,2648,455,44.0,0.0,2.0,None,None,None,None,0.5,0.6200000047683716,0.5566666920979818,1.0,other,2.0,683.6
10874354,1st Avenue North,residential,False,True,89.17,2649,371,44.0,0.002,2.0,None,None,None,None,0.550000011920929,1.1100000143051147,0.8707692072941706,1.0,other,2.0,5030.01
10874354,1st Avenue North,residential,False,False,18.266,2650,451,44.0,0.0,2.0,None,None,None,None,1.0399999618530273,1.1100000143051147,1.0700000127156575,1.0,other,2.0,1200.62
10874354,1st Avenue North,residential,False,True,88.189,2651,456,44.0,0.002,2.0,None,None,None,None,1.0399999618530273,1.399999976158142,1.13999997652494,1.0,other,2.0,6037.42
10884265,7th Street North,residential,False,False,2.287,2652,453,44.0,0.0,2.0,None,None,None,None,1.3799999952316284,1.3799999952316284,1.3799999952316284,1.0,other,2.0,177.97
10884265,7th Street North,residential,False,True,41.044,2653,170,44.0,0.001,2.0,None,None,None,None,1.350000023841858,1.399999976158142,1.3733332951863606,1.0,other,2.0,3183.37
10882814,South 4th Street,residential,False,False,28.638,2654,800,44.0,0.001,2.0,None,None,None,None,2.690000057220459,2.7300000190734863,2.7150001525878906,1.0,other,2.0,3252.92
10882814,South 4th Street,residential,False,True,33.903,2655,245,44.0,0.001,2.0,None,None,None,None,2.619999885559082,2.690000057220459,2.660000038146973,1.0,other,2.0,3809.0
10878732,7th Avenue South,residential,False,False,28.454,2656,694,44.0,0.001,2.0,None,None,None,None,0.3700000047683716,0.49000000953674316,0.4440000057220459,1.0,other,2.0,947.52
10878732,7th Avenue South,residential,False,True,51.992,2657,696,44.0,0.001,2.0,None,None,None,None,0.4699999988079071,0.6200000047683716,0.5514285223824638,1.0,other,2.0,2086.07
10878786,10th Street South,residential,False,False,5.522,2658,708,44.0,0.0,2.0,None,None,None,None,0.27000001072883606,0.27000001072883606,0.27000001072883606,1.0,other,2.0,111.82
10878786,10th Street South,residential,False,True,48.657,2659,579,44.0,0.001,2.0,None,None,None,None,0.14000000059604645,0.27000001072883606,0.19285714626312256,1.0,other,2.0,703.79
10878786,10th Street South,residential,False,False,11.54,2660,578,44.0,0.0,2.0,None,None,None,None,0.3700000047683716,0.38999998569488525,0.3799999952316284,1.0,other,2.0,328.89
10878786,10th Street South,residential,False,True,96.649,2661,698,44.0,0.002,2.0,None,None,None,None,0.25999999046325684,0.44999998807907104,0.35692306665273815,1.0,other,2.0,2587.22
10878786,10th Street South,residential,False,False,58.151,2662,363,44.0,0.001,2.0,None,None,None,None,0.17000000178813934,0.27000001072883606,0.2224999964237213,1.0,other,2.0,970.39
10878786,10th Street South,residential,False,True,49.739,2663,709,44.0,0.001,2.0,None,None,None,None,0.05999999865889549,0.17000000178813934,0.09333333373069763,0.8408506685775792,other,2.0,292.76
10884136,South 9th Street,tertiary,False,False,55.765,2664,359,50.0,0.001,2.0,None,None,None,None,0.33000001311302185,0.4399999976158142,0.37428573199680876,1.0,tertiary,2.0,1826.3
10884136,South 9th Street,tertiary,False,True,50.977,2665,858,50.0,0.001,2.0,None,None,None,None,0.11999999731779099,0.36000001430511475,0.24285714966910227,1.0,tertiary,2.0,1083.26
10884136,South 9th Street,tertiary,False,False,50.71,2666,855,50.0,0.001,2.0,None,None,None,None,0.25,0.4099999964237213,0.3125,1.0,tertiary,2.0,1386.6
10884136,South 9th Street,tertiary,False,True,53.185,2667,360,50.0,0.001,2.0,None,None,None,None,0.2199999988079071,0.3799999952316284,0.30428573063441683,1.0,tertiary,2.0,1416.05
10894908,South 8th Street,residential,False,False,51.369,2668,948,44.0,0.001,2.0,None,None,None,None,0.7599999904632568,0.9200000166893005,0.8485714367457798,1.0,other,2.0,2839.53
10894908,South 8th Street,residential,False,True,28.395,2669,355,44.0,0.001,2.0,None,None,None,None,0.75,0.8500000238418579,0.8020000457763672,1.0,other,2.0,1502.15
434963585,4th Avenue South,residential,False,False,39.849,2670,352,44.0,0.001,2.0,None,None,None,None,0.9200000166893005,1.0099999904632568,0.9516666730244955,1.0,other,2.0,2412.26
434963585,4th Avenue South,residential,False,True,66.759,2671,356,44.0,0.002,2.0,None,None,None,None,1.0099999904632568,1.2400000095367432,1.1109999656677245,1.0,other,2.0,4494.82
10884324,7th Street South,residential,False,False,32.794,2672,893,44.0,0.001,2.0,None,None,None,None,1.159999966621399,1.2699999809265137,1.2100000381469727,1.0,other,2.0,2334.6
10884324,7th Street South,residential,False,True,19.828,2673,351,44.0,0.0,2.0,None,None,None,None,1.090000033378601,1.159999966621399,1.1166666348775227,1.0,other,2.0,1339.38
10879843,South 6th Street,residential,False,False,51.982,2674,348,44.0,0.001,2.0,None,None,None,None,1.2100000381469727,1.3899999856948853,1.2885713577270508,1.0,other,2.0,3859.89
10879843,South 6th Street,residential,False,True,52.401,2675,745,44.0,0.001,2.0,None,None,None,None,1.1699999570846558,1.3700000047683716,1.2662498950958252,1.0,other,2.0,3845.38
10876469,South 5th Street,residential,False,False,52.104,2676,343,44.0,0.001,2.0,None,None,None,None,1.7100000381469727,1.7899999618530273,1.7516667048136394,1.0,other,2.0,4691.97
10876469,South 5th Street,residential,False,True,52.283,2677,620,44.0,0.001,2.0,None,None,None,None,1.590000033378601,1.809999942779541,1.7100000381469727,1.0,other,2.0,4642.73
288720070,1st Avenue South,residential,False,False,18.031,2678,472,44.0,0.0,2.0,None,None,None,None,1.3700000047683716,1.409999966621399,1.3833333651224773,1.0,other,2.0,1405.52
288720070,1st Avenue South,residential,False,True,28.557,2679,477,44.0,0.001,2.0,None,None,None,None,1.3200000524520874,1.6399999856948853,1.5083333651224773,1.0,other,2.0,2363.09
10882817,South 4th Street,residential,False,False,68.746,2680,195,44.0,0.002,2.0,None,None,None,None,2.130000114440918,2.309999942779541,2.234999895095825,1.0,other,2.0,7066.23
10882817,South 4th Street,residential,False,True,34.079,2681,819,44.0,0.001,2.0,None,None,None,None,2.0999999046325684,2.2300000190734863,2.163333257039388,1.0,other,2.0,3447.94
122483550,2nd Avenue South,residential,False,False,16.704,2682,193,44.0,0.0,2.0,None,None,None,None,2.0899999141693115,2.1600000858306885,2.116666793823242,1.0,other,2.0,1672.49
122483550,2nd Avenue South,residential,False,True,7.673,2683,197,44.0,0.0,2.0,None,None,None,None,2.0199999809265137,2.0899999141693115,2.054999828338623,1.0,other,2.0,757.61
10876469,South 5th Street,residential,False,False,61.955,2684,201,44.0,0.001,2.0,None,None,None,None,1.0,1.4199999570846558,1.1649999618530273,1.0,other,2.0,4301.85
10876469,South 5th Street,residential,False,True,41.112,2685,616,44.0,0.001,2.0,None,None,None,None,1.0099999904632568,1.3300000429153442,1.1366666158040364,1.0,other,2.0,2809.18
91487775,South 8th Street,residential,False,False,46.642,2686,760,44.0,0.001,2.0,None,None,None,None,0.8700000047683716,1.2799999713897705,1.1185714176722936,1.0,other,2.0,3154.13
91487775,South 8th Street,residential,False,True,50.831,2687,144,44.0,0.001,2.0,None,None,None,None,0.49000000953674316,1.090000033378601,0.7114285741533551,1.0,other,2.0,2454.27
10884136,South 9th Street,tertiary,False,False,65.717,2688,575,50.0,0.001,2.0,None,None,None,None,0.49000000953674316,0.6800000071525574,0.5799999833106995,1.0,tertiary,2.0,3187.93
10884136,South 9th Street,tertiary,False,True,20.386,2689,695,50.0,0.0,2.0,None,None,None,None,0.3700000047683716,0.5,0.45750001072883606,1.0,tertiary,2.0,816.08
10884136,South 9th Street,tertiary,False,False,20.386,2690,575,50.0,0.0,2.0,None,None,None,None,0.3700000047683716,0.5,0.45750001072883606,1.0,tertiary,2.0,816.08
10884136,South 9th Street,tertiary,False,True,19.718,2691,695,50.0,0.0,2.0,None,None,None,None,0.5,0.5199999809265137,0.5099999904632568,1.0,tertiary,2.0,874.39
10878732,7th Avenue South,residential,False,False,51.992,2692,694,44.0,0.001,2.0,None,None,None,None,0.4699999988079071,0.6200000047683716,0.5514285223824638,1.0,other,2.0,2086.07
10878732,7th Avenue South,residential,False,True,26.01,2693,696,44.0,0.001,2.0,None,None,None,None,0.5199999809265137,0.6700000166893005,0.5899999618530274,1.0,other,2.0,1094.76
10874354,1st Avenue North,residential,False,False,6.103,2694,460,44.0,0.0,2.0,None,None,None,None,0.4099999964237213,0.46000000834465027,0.4350000023841858,1.0,other,2.0,199.11
10874354,1st Avenue North,residential,False,True,9.455,2695,465,44.0,0.0,2.0,None,None,None,None,0.4000000059604645,0.4099999964237213,0.4050000011920929,1.0,other,2.0,287.2
10874354,1st Avenue North,residential,False,False,20.53,2696,460,44.0,0.0,2.0,None,None,None,None,0.4000000059604645,0.4699999988079071,0.43666668732961017,1.0,other,2.0,672.36
10874354,1st Avenue North,residential,False,True,18.86,2697,465,44.0,0.0,2.0,None,None,None,None,0.4699999988079071,0.6499999761581421,0.5549999475479126,1.0,other,2.0,760.15
10874354,1st Avenue North,residential,False,False,22.37,2698,370,44.0,0.001,2.0,None,None,None,None,0.30000001192092896,0.5199999809265137,0.4480000019073486,1.0,other,2.0,751.63
10874354,1st Avenue North,residential,False,True,31.467,2699,461,44.0,0.001,2.0,None,None,None,None,0.46000000834465027,0.5,0.4749999940395355,1.0,other,2.0,1121.01
10874111,North 9th Street,residential,False,False,55.184,2700,368,44.0,0.001,2.0,None,None,None,None,0.6200000047683716,0.9399999976158142,0.8085714067731585,1.0,other,2.0,2937.84
10874111,North 9th Street,residential,False,True,48.973,2701,179,44.0,0.001,2.0,None,None,None,None,0.3499999940395355,0.6499999761581421,0.5357142516544887,1.0,other,2.0,1925.69
10874354,1st Avenue North,residential,False,False,9.493,2702,460,44.0,0.0,2.0,None,None,None,None,0.4099999964237213,0.5199999809265137,0.4649999737739563,1.0,other,2.0,331.07
10874354,1st Avenue North,residential,False,True,37.225,2703,465,44.0,0.001,2.0,None,None,None,None,0.46000000834465027,0.6200000047683716,0.5366666714350382,1.0,other,2.0,1465.55
351754106,2nd Avenue North,residential,False,False,13.289,2704,183,44.0,0.0,2.0,None,None,None,None,0.4699999988079071,0.5600000023841858,0.5199999809265137,1.0,other,2.0,511.89
351754106,2nd Avenue North,residential,False,True,24.042,2705,187,44.0,0.001,2.0,None,None,None,None,0.44999998807907104,0.5600000023841858,0.5024999976158142,1.0,other,2.0,904.64
351754106,2nd Avenue North,residential,False,False,11.062,2706,171,44.0,0.0,2.0,None,None,None,None,1.3200000524520874,1.3300000429153442,1.3250000476837158,1.0,other,2.0,837.12
351754106,2nd Avenue North,residential,False,True,34.251,2707,175,44.0,0.001,2.0,None,None,None,None,1.2100000381469727,1.3200000524520874,1.2466667493184407,1.0,other,2.0,2487.31
10880336,North 8th Street,residential,False,False,45.263,2708,457,44.0,0.001,2.0,None,None,None,None,0.8799999952316284,1.3300000429153442,1.2083333333333333,1.0,other,2.0,3219.33
10880336,North 8th Street,residential,False,True,59.645,2709,174,44.0,0.001,2.0,None,None,None,None,1.0199999809265137,1.1699999570846558,1.091249942779541,1.0,other,2.0,3969.9
10873111,North 4th Street,residential,False,False,20.815,2710,266,44.0,0.0,2.0,None,None,None,None,1.8899999856948853,1.9500000476837158,1.9200000762939453,1.0,other,2.0,1979.51
10873111,North 4th Street,residential,False,True,19.755,2711,272,44.0,0.0,2.0,None,None,None,None,1.9500000476837158,1.9700000286102295,1.956666628519694,1.0,other,2.0,1900.43
10875608,Palm Tree Road,residential,False,False,70.434,2712,186,44.0,0.002,2.0,None,None,None,None,0.4099999964237213,1.1799999475479126,0.8022221989101834,1.0,other,2.0,3726.9
10875608,Palm Tree Road,residential,False,True,25.547,2713,515,44.0,0.001,2.0,None,None,None,None,0.8799999952316284,1.1799999475479126,1.027500033378601,1.0,other,2.0,1636.86
444454367,1st Street South,tertiary,False,False,8.709,2714,950,50.0,0.0,2.0,None,None,None,None,2.2200000286102295,2.2699999809265137,2.244999885559082,1.0,tertiary,2.0,1046.66
444454367,1st Street South,tertiary,False,True,42.682,2715,771,50.0,0.001,2.0,None,None,None,None,2.2200000286102295,2.2899999618530273,2.2600000699361167,1.0,tertiary,2.0,5146.38
122483548,1st Avenue South,residential,False,False,34.568,2716,467,44.0,0.001,2.0,None,None,None,None,2.1600000858306885,2.3499999046325684,2.26200008392334,1.0,other,2.0,3574.16
122483548,1st Avenue South,residential,False,True,59.03,2717,36,44.0,0.001,2.0,None,None,None,None,2.0,2.2799999713897705,2.153749942779541,1.0,other,2.0,5959.63
10878786,10th Street South,residential,False,False,50.998,2718,653,44.0,0.001,2.0,None,None,None,None,0.6600000262260437,1.2200000286102295,0.8242857115609306,1.0,other,2.0,2755.86
10878786,10th Street South,residential,False,True,19.283,2719,717,44.0,0.0,2.0,None,None,None,None,0.9599999785423279,1.1200000047683716,1.0399999618530273,1.0,other,2.0,1244.91
10878786,10th Street South,residential,False,False,4.804,2720,653,44.0,0.0,2.0,None,None,None,None,0.7099999785423279,0.7300000190734863,0.7200000286102295,1.0,other,2.0,234.05
10878786,10th Street South,residential,False,True,50.998,2721,717,44.0,0.001,2.0,None,None,None,None,0.6600000262260437,1.2200000286102295,0.8242857115609306,1.0,other,2.0,2755.86
10884265,7th Street North,residential,False,False,45.516,2722,20,44.0,0.001,2.0,None,None,None,None,1.0399999618530273,1.4500000476837158,1.2128571101597376,1.0,other,2.0,3245.36
10884265,7th Street North,residential,False,True,41.53,2723,454,44.0,0.001,2.0,None,None,None,None,1.0700000524520874,1.309999942779541,1.2033332983652751,1.0,other,2.0,2945.72
83591046,8th Avenue North,residential,False,False,48.684,2724,940,44.0,0.001,2.0,None,None,None,None,1.690000057220459,1.8899999856948853,1.7528572082519531,1.0,other,2.0,4385.73
83591046,8th Avenue North,residential,False,True,44.788,2725,835,44.0,0.001,2.0,None,None,None,None,1.2999999523162842,1.690000057220459,1.4742858069283622,1.0,other,2.0,3650.09
351669862,North 5th Street,residential,False,False,51.504,2726,542,44.0,0.001,2.0,None,None,None,None,1.2000000476837158,1.3300000429153442,1.244285719735282,1.0,other,2.0,3735.44
351669862,North 5th Street,residential,False,True,52.814,2727,666,44.0,0.001,2.0,None,None,None,None,1.309999942779541,1.5299999713897705,1.4042857033865792,1.0,other,2.0,4160.01
10873111,North 4th Street,residential,False,False,53.625,2728,275,44.0,0.001,2.0,None,None,None,None,1.25,1.4500000476837158,1.3862500190734863,1.0,other,2.0,4186.17
10873111,North 4th Street,residential,False,True,51.243,2729,280,44.0,0.001,2.0,None,None,None,None,1.440000057220459,1.590000033378601,1.541428565979004,1.0,other,2.0,4291.24
83591067,12th Avenue South,residential,False,False,22.476,2730,81,44.0,0.001,2.0,None,None,None,None,2.380000114440918,2.5,2.447500228881836,1.0,other,2.0,2417.72
83591067,12th Avenue South,residential,False,True,13.609,2731,1022,44.0,0.0,2.0,None,None,None,None,2.319999933242798,2.380000114440918,2.359999974568685,1.0,other,2.0,1437.11
83591067,12th Avenue South,residential,False,False,13.609,2732,81,44.0,0.0,2.0,None,None,None,None,2.319999933242798,2.380000114440918,2.359999974568685,1.0,other,2.0,1437.11
83591067,12th Avenue South,residential,False,True,17.848,2733,1022,44.0,0.0,2.0,None,None,None,None,2.319999933242798,2.3499999046325684,2.333333174387614,1.0,other,2.0,1874.04
83591067,12th Avenue South,residential,False,False,17.848,2734,81,44.0,0.0,2.0,None,None,None,None,2.319999933242798,2.3499999046325684,2.333333174387614,1.0,other,2.0,1874.04
83591067,12th Avenue South,residential,False,True,8.35,2735,1022,44.0,0.0,2.0,None,None,None,None,2.3499999046325684,2.4000000953674316,2.375,1.0,other,2.0,884.58
122483547,10th Avenue South,residential,False,False,72.562,2736,627,44.0,0.002,2.0,None,None,None,None,1.8899999856948853,2.009999990463257,1.9479999542236328,1.0,other,2.0,6961.6
122483547,10th Avenue South,residential,False,True,20.483,2737,74,44.0,0.0,2.0,None,None,None,None,1.8700000047683716,1.9199999570846558,1.8900000254313152,1.0,other,2.0,1929.5
122483555,9th Avenue South,residential,False,False,24.958,2738,769,44.0,0.001,2.0,None,None,None,None,1.9800000190734863,2.0399999618530273,1.997499942779541,1.0,other,2.0,2431.53
122483555,9th Avenue South,residential,False,True,67.965,2739,70,44.0,0.002,2.0,None,None,None,None,1.8300000429153442,2.0399999618530273,1.9588890075683594,1.0,other,2.0,6542.76
10886049,Lower 8th Avenue South,residential,False,False,150.526,2740,812,44.0,0.003,2.0,None,None,None,None,2.059999942779541,2.309999942779541,2.21105274401213,1.0,other,2.0,15391.09
10886049,Lower 8th Avenue South,residential,False,True,46.256,2741,606,44.0,0.001,2.0,None,None,None,None,2.0299999713897705,2.190000057220459,2.0883332888285318,1.0,other,2.0,4601.89
10884324,7th Street South,residential,False,False,19.828,2742,893,44.0,0.0,2.0,None,None,None,None,1.090000033378601,1.159999966621399,1.1166666348775227,1.0,other,2.0,1339.38
10884324,7th Street South,residential,False,True,51.908,2743,351,44.0,0.001,2.0,None,None,None,None,1.0499999523162842,1.090000033378601,1.0750000476837158,1.0,other,2.0,3422.03
10884324,7th Street South,residential,False,False,17.173,2744,896,44.0,0.0,2.0,None,None,None,None,1.1399999856948853,1.190000057220459,1.1666666666666667,1.0,other,2.0,1193.52
10884324,7th Street South,residential,False,True,50.238,2745,104,44.0,0.001,2.0,None,None,None,None,1.0800000429153442,1.2100000381469727,1.1557143075125558,1.0,other,2.0,3470.08
10876202,6th Avenue South,residential,False,False,73.924,2746,574,44.0,0.002,2.0,None,None,None,None,0.27000001072883606,0.4099999964237213,0.3259999990463257,1.0,other,2.0,1807.44
10876202,6th Avenue South,residential,False,True,32.489,2747,577,44.0,0.001,2.0,None,None,None,None,0.3499999940395355,0.5099999904632568,0.4059999942779541,1.0,other,2.0,989.29
10884136,South 9th Street,tertiary,False,False,56.642,2748,857,50.0,0.001,2.0,None,None,None,None,0.41999998688697815,0.5099999904632568,0.45875000953674316,1.0,tertiary,2.0,2273.65
10884136,South 9th Street,tertiary,False,True,45.543,2749,576,50.0,0.001,2.0,None,None,None,None,0.4000000059604645,0.47999998927116394,0.4350000222524007,1.0,tertiary,2.0,1733.48
10878786,10th Street South,residential,False,False,48.657,2750,708,44.0,0.001,2.0,None,None,None,None,0.14000000059604645,0.27000001072883606,0.19285714626312256,1.0,other,2.0,703.79
10878786,10th Street South,residential,False,True,45.09,2751,579,44.0,0.001,2.0,None,None,None,None,0.14000000059604645,0.27000001072883606,0.18166667222976685,1.0,other,2.0,614.35
83591065,16th Avenue South,tertiary,False,False,46.243,2752,510,50.0,0.001,2.0,None,None,None,None,0.30000001192092896,0.7099999785423279,0.5899999539057413,1.0,tertiary,2.0,2270.76
83591065,16th Avenue South,tertiary,False,True,61.134,2753,513,50.0,0.001,2.0,None,None,None,None,0.25999999046325684,0.6000000238418579,0.39777776930067277,1.0,tertiary,2.0,2127.8
10878786,10th Street South,residential,False,False,29.588,2754,653,44.0,0.001,2.0,None,None,None,None,0.5099999904632568,0.7300000190734863,0.5779999732971192,1.0,other,2.0,1227.25
10878786,10th Street South,residential,False,True,4.804,2755,717,44.0,0.0,2.0,None,None,None,None,0.7099999785423279,0.7300000190734863,0.7200000286102295,1.0,other,2.0,234.05
10880199,11th Avenue South,residential,False,False,18.503,2756,764,44.0,0.0,2.0,None,None,None,None,0.36000001430511475,0.4300000071525574,0.40000001589457196,1.0,other,2.0,555.09
10880199,11th Avenue South,residential,False,True,28.369,2757,718,44.0,0.001,2.0,None,None,None,None,0.25,0.36000001430511475,0.3174999952316284,1.0,other,2.0,675.54
10873111,North 4th Street,residential,False,False,19.755,2758,266,44.0,0.0,2.0,None,None,None,None,1.9500000476837158,1.9700000286102295,1.956666628519694,1.0,other,2.0,1900.43
10873111,North 4th Street,residential,False,True,10.532,2759,272,44.0,0.0,2.0,None,None,None,None,1.8700000047683716,2.0,1.940000057220459,1.0,other,2.0,1007.91
10874185,3rd Street North,primary,True,False,26.005,2760,983,56.0,0.0,2.0,FL A1A,35 mph,None,None,1.590000033378601,1.690000057220459,1.6375000476837158,1.0,primary,2.0,3754.47
10879764,South 12th Street,residential,False,False,14.978,2761,1,44.0,0.0,2.0,None,None,None,None,0.7900000214576721,0.9100000262260437,0.8399999936421713,1.0,other,2.0,821.39
10879764,South 12th Street,residential,False,True,12.733,2762,719,44.0,0.0,2.0,None,None,None,None,0.9100000262260437,0.9700000286102295,0.940000057220459,1.0,other,2.0,763.22
10879764,South 12th Street,residential,False,False,21.85,2763,1,44.0,0.0,2.0,None,None,None,None,0.7400000095367432,0.8399999737739563,0.7949999570846558,1.0,other,2.0,1148.11
10879764,South 12th Street,residential,False,True,14.978,2764,719,44.0,0.0,2.0,None,None,None,None,0.7900000214576721,0.9100000262260437,0.8399999936421713,1.0,other,2.0,821.39
128600936,Beach Boulevard,primary,False,False,13.462,2765,975,56.0,0.0,5.0,US 90,35 mph,None,None,0.9700000286102295,1.0299999713897705,1.006666660308838,1.0,primary,5.0,2838.69
128600936,Beach Boulevard,primary,False,True,40.646,2766,4,56.0,0.001,5.0,US 90,35 mph,None,None,0.9599999785423279,0.9900000095367432,0.9800000190734863,1.0,primary,5.0,8397.46
10879764,South 12th Street,residential,False,False,12.733,2767,1,44.0,0.0,2.0,None,None,None,None,0.9100000262260437,0.9700000286102295,0.940000057220459,1.0,other,2.0,763.22
10879764,South 12th Street,residential,False,True,12.902,2768,719,44.0,0.0,2.0,None,None,None,None,0.9700000286102295,1.0299999713897705,1.0,1.0,other,2.0,812.83
10879764,South 12th Street,residential,False,False,12.792,2769,1083,44.0,0.0,2.0,None,None,None,None,0.9599999785423279,1.0299999713897705,0.9900000095367432,1.0,other,2.0,799.37
10879764,South 12th Street,residential,False,True,8.697,2770,2,44.0,0.0,2.0,None,None,None,None,0.8199999928474426,0.9900000095367432,0.9049999713897705,1.0,other,2.0,505.77
10873111,North 4th Street,residential,False,False,43.098,2771,979,44.0,0.001,2.0,None,None,None,None,1.809999942779541,2.0199999809265137,1.8814284460885184,1.0,other,2.0,4048.75
10873111,North 4th Street,residential,False,True,13.99,2772,256,44.0,0.0,2.0,None,None,None,None,1.9500000476837158,2.009999990463257,1.9800000190734863,1.0,other,2.0,1355.63
10883745,North 6th Street,residential,False,False,20.949,2773,25,44.0,0.0,2.0,None,None,None,None,1.440000057220459,1.4900000095367432,1.4600000381469727,1.0,other,2.0,1695.61
10883745,North 6th Street,residential,False,True,12.135,2774,626,44.0,0.0,2.0,None,None,None,None,1.4500000476837158,1.5099999904632568,1.4800000190734863,1.0,other,2.0,991.67
10884265,7th Street North,residential,False,False,41.53,2775,20,44.0,0.001,2.0,None,None,None,None,1.0700000524520874,1.309999942779541,1.2033332983652751,1.0,other,2.0,2945.72
10884265,7th Street North,residential,False,True,12.23,2776,454,44.0,0.0,2.0,None,None,None,None,1.2300000190734863,1.25,1.2400000095367432,1.0,other,2.0,884.96
10880336,North 8th Street,residential,False,False,53.408,2777,16,44.0,0.001,2.0,None,None,None,None,0.9300000071525574,1.149999976158142,1.044285706111363,1.0,other,2.0,3456.95
10880336,North 8th Street,residential,False,True,12.428,2778,458,44.0,0.0,2.0,None,None,None,None,1.0800000429153442,1.100000023841858,1.090000033378601,1.0,other,2.0,826.59
10874111,North 9th Street,residential,False,False,50.474,2779,12,44.0,0.001,2.0,None,None,None,None,0.4399999976158142,0.7900000214576721,0.5766666730244955,1.0,other,2.0,2090.13
10874111,North 9th Street,residential,False,True,12.486,2780,369,44.0,0.0,2.0,None,None,None,None,0.7900000214576721,0.8199999928474426,0.8066666920979818,1.0,other,2.0,663.51
10886114,North 10th Street,residential,False,False,17.426,2781,9,56.0,0.0,2.0,None,35 mph,None,None,0.5799999833106995,0.6299999952316284,0.6066666841506958,1.0,other,2.0,748.27
10886114,North 10th Street,residential,False,True,13.071,2782,462,56.0,0.0,2.0,None,35 mph,None,None,0.6100000143051147,0.6299999952316284,0.6200000047683716,1.0,other,2.0,570.16
10886116,11th Street North,residential,False,False,27.794,2783,5,44.0,0.001,2.0,None,None,None,None,0.5400000214576721,0.8199999928474426,0.6924999952316284,1.0,other,2.0,1315.14
10886116,11th Street North,residential,False,True,12.704,2784,466,44.0,0.0,2.0,None,None,None,None,0.8100000023841858,0.8199999928474426,0.8133333524068197,1.0,other,2.0,679.41
10873111,North 4th Street,residential,False,False,12.531,2785,979,44.0,0.0,2.0,None,None,None,None,1.8300000429153442,1.8899999856948853,1.8600000143051147,1.0,other,2.0,1169.14
10873111,North 4th Street,residential,False,True,43.098,2786,256,44.0,0.001,2.0,None,None,None,None,1.809999942779541,2.0199999809265137,1.8814284460885184,1.0,other,2.0,4048.75
10882817,South 4th Street,residential,False,False,25.439,2787,980,44.0,0.001,2.0,None,None,None,None,1.8200000524520874,2.059999942779541,1.9575001001358032,1.0,other,2.0,2447.87
10882817,South 4th Street,residential,False,True,12.09,2788,471,44.0,0.0,2.0,None,None,None,None,1.9500000476837158,2.009999990463257,1.9900000890096028,1.0,other,2.0,1175.15
10876469,South 5th Street,residential,False,False,43.635,2789,29,44.0,0.001,2.0,None,None,None,None,1.3899999856948853,1.649999976158142,1.566666603088379,1.0,other,2.0,3687.16
10876469,South 5th Street,residential,False,True,12.607,2790,611,44.0,0.0,2.0,None,None,None,None,1.5099999904632568,1.7599999904632568,1.6349999904632568,1.0,other,2.0,1091.14
10879843,South 6th Street,residential,False,False,12.234,2791,24,44.0,0.0,2.0,None,None,None,None,1.4600000381469727,1.5299999713897705,1.4950000047683716,1.0,other,2.0,1006.92
10879843,South 6th Street,residential,False,True,13.118,2792,735,44.0,0.0,2.0,None,None,None,None,1.5099999904632568,1.5299999713897705,1.5199999809265137,1.0,other,2.0,1090.11
10884324,7th Street South,residential,False,False,21.97,2793,21,44.0,0.0,2.0,None,None,None,None,1.1699999570846558,1.2999999523162842,1.2333332697550456,1.0,other,2.0,1584.04
10884324,7th Street South,residential,False,True,12.973,2794,887,44.0,0.0,2.0,None,None,None,None,1.159999966621399,1.2999999523162842,1.2366665999094646,1.0,other,2.0,937.04
10894908,South 8th Street,residential,False,False,24.866,2795,17,44.0,0.001,2.0,None,None,None,None,0.8600000143051147,1.1699999570846558,1.0559999465942382,1.0,other,2.0,1620.87
10894908,South 8th Street,residential,False,True,12.778,2796,956,44.0,0.0,2.0,None,None,None,None,1.100000023841858,1.1699999570846558,1.1349999904632568,1.0,other,2.0,872.29
10884136,South 9th Street,tertiary,False,False,58.046,2797,13,50.0,0.001,2.0,None,None,None,None,0.4699999988079071,0.699999988079071,0.5985714367457798,1.0,tertiary,2.0,2879.95
10884136,South 9th Street,tertiary,False,True,15.644,2798,849,50.0,0.0,2.0,None,None,None,None,0.6299999952316284,0.8199999928474426,0.746666669845581,1.0,tertiary,2.0,914.03
10878786,10th Street South,residential,False,False,23.82,2799,8,44.0,0.001,2.0,None,None,None,None,0.41999998688697815,0.46000000834465027,0.44333330790201825,1.0,other,2.0,792.01
10878786,10th Street South,residential,False,True,13.071,2800,700,44.0,0.0,2.0,None,None,None,None,0.44999998807907104,0.6100000143051147,0.5649999976158142,1.0,other,2.0,533.49
128600936,Beach Boulevard,primary,False,False,4.763,2801,14,56.0,0.0,5.0,US 90,35 mph,None,None,0.8399999737739563,0.8399999737739563,0.8399999737739563,1.0,primary,5.0,870.68
128600936,Beach Boulevard,primary,False,True,8.93,2802,19,56.0,0.0,5.0,US 90,35 mph,None,None,0.8199999928474426,0.8399999737739563,0.8299999833106995,1.0,primary,5.0,1617.22
128600936,Beach Boulevard,primary,False,False,11.59,2803,10,56.0,0.0,5.0,US 90,35 mph,None,None,0.7699999809265137,0.8199999928474426,0.7933332920074463,1.0,primary,5.0,2026.7
128600936,Beach Boulevard,primary,False,True,10.428,2804,15,56.0,0.0,5.0,US 90,35 mph,None,None,0.7400000095367432,0.7699999809265137,0.7549999952316284,1.0,primary,5.0,1755.55
202526447,Beach Boulevard,primary,True,False,10.534,2805,981,56.0,0.0,2.0,US 90,35 mph,None,None,1.7699999809265137,1.8600000143051147,1.815000057220459,1.0,primary,2.0,1614.34
1126937650,Beach Boulevard,primary,True,False,10.399,2806,985,56.0,0.0,2.0,US 90,35 mph,None,None,1.8300000429153442,1.850000023841858,1.840000033378601,1.0,primary,2.0,1606.65
10874185,3rd Street North,primary,True,False,24.272,2807,983,56.0,0.0,2.0,FL A1A,35 mph,None,None,1.7799999713897705,1.8300000429153442,1.809999942779541,1.0,primary,2.0,3713.62
1311372008,3rd Street North,primary,True,False,16.059,2808,987,56.0,0.0,2.0,FL A1A,35 mph,None,None,1.7699999809265137,1.8600000143051147,1.815000057220459,1.0,primary,2.0,2461.04
683228855,3rd Street South,primary,True,False,14.152,2809,1055,56.0,0.0,2.0,FL A1A,35 mph,None,None,1.7699999809265137,1.7999999523162842,1.7800000508626301,1.0,primary,2.0,2144.03
10874232,3rd Street South,primary,True,False,6.724,2810,32,56.0,0.0,2.0,FL A1A,35 mph,None,None,1.7899999618530273,1.7899999618530273,1.7899999618530273,1.0,primary,2.0,1022.05
683228861,None,tertiary,True,False,1.424,2811,1068,50.0,0.0,2.0,None,None,roundabout,None,2.119999885559082,2.119999885559082,2.119999885559082,1.0,tertiary,2.0,166.47
683228861,None,tertiary,True,False,2.264,2812,1068,50.0,0.0,2.0,None,None,roundabout,None,2.119999885559082,2.119999885559082,2.119999885559082,1.0,tertiary,2.0,264.66
683228861,None,tertiary,True,False,2.504,2813,1068,50.0,0.0,2.0,None,None,roundabout,None,2.0999999046325684,2.0999999046325684,2.0999999046325684,1.0,tertiary,2.0,291.4
683228863,None,tertiary,True,False,1.161,2814,1067,50.0,0.0,2.0,None,None,roundabout,None,2.0999999046325684,2.0999999046325684,2.0999999046325684,1.0,tertiary,2.0,135.11
683228863,None,tertiary,True,False,2.413,2815,1067,50.0,0.0,2.0,None,None,roundabout,None,2.0999999046325684,2.130000114440918,2.115000009536743,1.0,tertiary,2.0,281.76
683228863,None,tertiary,True,False,2.422,2816,1067,50.0,0.0,2.0,None,None,roundabout,None,2.130000114440918,2.130000114440918,2.130000114440918,1.0,tertiary,2.0,283.77
683228859,None,tertiary,True,False,0.938,2817,1064,50.0,0.0,2.0,None,None,roundabout,None,2.130000114440918,2.130000114440918,2.130000114440918,1.0,tertiary,2.0,109.9
683228859,None,tertiary,True,False,2.282,2818,1064,50.0,0.0,2.0,None,None,roundabout,None,2.1500000953674316,2.1500000953674316,2.1500000953674316,1.0,tertiary,2.0,268.56
683228859,None,tertiary,True,False,2.479,2819,1064,50.0,0.0,2.0,None,None,roundabout,None,2.2300000190734863,2.2300000190734863,2.2300000190734863,1.0,tertiary,2.0,296.95
683228864,None,tertiary,True,False,2.489,2820,1061,50.0,0.0,2.0,None,None,roundabout,None,2.2200000286102295,2.2200000286102295,2.2200000286102295,1.0,tertiary,2.0,297.5
683228864,None,tertiary,True,False,2.11,2821,1061,50.0,0.0,2.0,None,None,roundabout,None,2.2200000286102295,2.2200000286102295,2.2200000286102295,1.0,tertiary,2.0,252.2
683228864,None,tertiary,True,False,2.114,2822,1061,50.0,0.0,2.0,None,None,roundabout,None,2.119999885559082,2.2200000286102295,2.1700000762939453,1.0,tertiary,2.0,249.9
288720070,1st Avenue South,residential,False,False,10.287,2823,405,44.0,0.0,2.0,None,None,None,None,1.8200000524520874,1.9700000286102295,1.880000114440918,1.0,other,2.0,965.95
288720070,1st Avenue South,residential,False,True,8.943,2824,473,44.0,0.0,2.0,None,None,None,None,1.9500000476837158,1.9700000286102295,1.9600000381469727,1.0,other,2.0,861.21
10882817,South 4th Street,residential,False,False,12.765,2825,470,44.0,0.0,2.0,None,None,None,None,2.0,2.0999999046325684,2.049999952316284,1.0,other,2.0,1258.95
10882817,South 4th Street,residential,False,True,43.422,2826,196,44.0,0.001,2.0,None,None,None,None,1.4600000381469727,2.0,1.7250000635782878,1.0,other,2.0,3875.41
683228851,3rd Street South,primary,True,False,7.363,2827,1049,56.0,0.0,2.0,FL A1A,35 mph,None,None,1.75,1.7599999904632568,1.7549999952316284,1.0,primary,2.0,1106.29
10874232,3rd Street South,primary,True,False,55.675,2828,192,56.0,0.001,2.0,FL A1A,35 mph,None,None,1.850000023841858,2.0899999141693115,1.9671429225376673,1.0,primary,2.0,8955.72
122483550,2nd Avenue South,residential,False,False,12.09,2829,193,44.0,0.0,2.0,None,None,None,None,1.850000023841858,1.899999976158142,1.875,1.0,other,2.0,1133.44
122483550,2nd Avenue South,residential,False,True,7.858,2830,197,44.0,0.0,2.0,None,None,None,None,1.850000023841858,1.9299999475479126,1.903333346048991,1.0,other,2.0,743.37
683228855,3rd Street South,primary,True,False,6.46,2831,1053,56.0,0.0,2.0,FL A1A,35 mph,None,None,1.7300000190734863,1.7400000095367432,1.7350000143051147,1.0,primary,2.0,964.16
10874232,3rd Street South,primary,True,False,14.813,2832,404,56.0,0.0,2.0,FL A1A,35 mph,None,None,1.7599999904632568,1.9299999475479126,1.8450000286102295,1.0,primary,2.0,2292.31
122483551,3rd Avenue South,residential,False,False,50.479,2833,408,44.0,0.001,2.0,None,None,None,None,2.049999952316284,2.190000057220459,2.1133333841959634,1.0,other,2.0,5050.42
122483551,3rd Avenue South,residential,False,True,8.313,2834,820,44.0,0.0,2.0,None,None,None,None,2.190000057220459,2.2799999713897705,2.246666590372721,1.0,other,2.0,856.65
633038681,None,tertiary,True,False,0.999,2835,34,50.0,0.0,2.0,None,None,roundabout,None,1.899999976158142,1.899999976158142,1.899999976158142,1.0,tertiary,2.0,110.14
633038681,None,tertiary,True,False,0.997,2836,1098,50.0,0.0,2.0,None,None,roundabout,None,1.9700000286102295,1.9700000286102295,1.9700000286102295,1.0,tertiary,2.0,112.36
434303813,3rd Street South,primary,True,False,12.328,2837,1011,56.0,0.0,2.0,FL A1A,35 mph,None,None,2.4200000762939453,2.450000047683716,2.434999942779541,1.0,primary,2.0,2204.4
10874232,3rd Street South,primary,True,False,10.008,2838,434,56.0,0.0,2.0,FL A1A,35 mph,None,None,2.5999999046325684,2.619999885559082,2.609999895095825,1.0,primary,2.0,1855.23
83591065,16th Avenue South,tertiary,False,False,28.88,2839,437,50.0,0.001,2.0,None,None,None,None,2.5299999713897705,2.619999885559082,2.5639999389648436,1.0,tertiary,2.0,3712.67
83591065,16th Avenue South,tertiary,False,True,8.343,2840,501,50.0,0.0,2.0,None,None,None,None,2.619999885559082,2.619999885559082,2.619999885559082,1.0,tertiary,2.0,1084.8
10887552,15th Avenue South,residential,False,False,37.885,2841,435,44.0,0.001,2.0,None,None,None,None,2.200000047683716,2.5,2.2900001207987466,1.0,other,2.0,3940.99
10887552,15th Avenue South,residential,False,True,6.149,2842,816,44.0,0.0,2.0,None,None,None,None,2.359999895095825,2.5,2.429999828338623,1.0,other,2.0,659.02
707606486,14th Avenue South,residential,False,False,7.294,2843,246,44.0,0.0,2.0,None,None,None,None,2.5999999046325684,2.609999895095825,2.6050000190734863,1.0,other,2.0,810.45
707606486,14th Avenue South,residential,False,True,47.416,2844,250,44.0,0.001,2.0,None,None,None,None,2.450000047683716,2.8299999237060547,2.6471429552350725,1.0,other,2.0,5313.47
434303813,3rd Street South,primary,True,False,8.884,2845,1016,56.0,0.0,2.0,FL A1A,35 mph,None,None,2.4100000858306885,2.440000057220459,2.4250001907348633,1.0,primary,2.0,1585.24
434303813,3rd Street South,primary,True,False,72.341,2846,1020,56.0,0.001,2.0,FL A1A,35 mph,None,None,2.3299999237060547,2.6500000953674316,2.4450000762939452,1.0,primary,2.0,12962.6
10874232,3rd Street South,primary,True,False,13.463,2847,431,56.0,0.0,2.0,FL A1A,35 mph,None,None,2.4200000762939453,2.450000047683716,2.434999942779541,1.0,primary,2.0,2407.35
10874232,3rd Street South,primary,True,False,7.827,2848,130,56.0,0.0,2.0,FL A1A,35 mph,None,None,2.4600000381469727,2.4800000190734863,2.4700000286102295,1.0,primary,2.0,1409.84
83591029,13th Avenue South,tertiary,False,False,6.97,2849,802,50.0,0.0,2.0,None,None,None,None,2.4200000762939453,2.4600000381469727,2.440000057220459,1.0,tertiary,2.0,873.34
83591029,13th Avenue South,tertiary,False,True,20.903,2850,432,50.0,0.0,2.0,None,None,None,None,2.4200000762939453,2.4200000762939453,2.4200000762939453,1.0,tertiary,2.0,2608.17
83591067,12th Avenue South,residential,False,False,12.178,2851,131,44.0,0.0,2.0,None,None,None,None,2.5999999046325684,2.6600000858306885,2.633333206176758,1.0,other,2.0,1360.89
83591067,12th Avenue South,residential,False,True,8.446,2852,135,44.0,0.0,2.0,None,None,None,None,2.490000009536743,2.6600000858306885,2.575000047683716,1.0,other,2.0,932.76
10880199,11th Avenue South,residential,False,False,6.116,2853,429,44.0,0.0,2.0,None,None,None,None,2.3399999141693115,2.4200000762939453,2.380000114440918,1.0,other,2.0,648.6
10880199,11th Avenue South,residential,False,True,7.436,2854,751,44.0,0.0,2.0,None,None,None,None,2.359999895095825,2.4200000762939453,2.3899998664855957,1.0,other,2.0,790.26
122483547,10th Avenue South,residential,False,False,7.943,2855,426,44.0,0.0,2.0,None,None,None,None,2.200000047683716,2.25,2.2249999046325684,1.0,other,2.0,814.65
122483547,10th Avenue South,residential,False,True,7.26,2856,633,44.0,0.0,2.0,None,None,None,None,2.200000047683716,2.2200000286102295,2.2100000381469727,1.0,other,2.0,742.15
122483555,9th Avenue South,residential,False,False,10.77,2857,423,44.0,0.0,2.0,None,None,None,None,2.200000047683716,2.240000009536743,2.2266667683919272,1.0,other,2.0,1105.0
122483555,9th Avenue South,residential,False,True,9.875,2858,775,44.0,0.0,2.0,None,None,None,None,2.240000009536743,2.3499999046325684,2.2999998728434243,1.0,other,2.0,1029.47
122483554,8th Avenue South,residential,False,False,10.078,2859,420,44.0,0.0,2.0,None,None,None,None,1.9700000286102295,2.2100000381469727,2.123333295186361,1.0,other,2.0,1010.57
122483554,8th Avenue South,residential,False,True,8.352,2860,809,44.0,0.0,2.0,None,None,None,None,2.0199999809265137,2.2100000381469727,2.115000009536743,1.0,other,2.0,835.93
10878731,7th Avenue South,residential,False,False,9.275,2861,417,44.0,0.0,2.0,None,None,None,None,2.009999990463257,2.0299999713897705,2.0166667302449546,1.0,other,2.0,907.79
10878731,7th Avenue South,residential,False,True,7.905,2862,686,44.0,0.0,2.0,None,None,None,None,1.850000023841858,2.009999990463257,1.9300000667572021,1.0,other,2.0,754.14
122483553,6th Avenue South,residential,False,False,22.452,2863,414,44.0,0.001,2.0,None,None,None,None,1.9299999475479126,1.9600000381469727,1.9424999952316284,1.0,other,2.0,2150.34
122483553,6th Avenue South,residential,False,True,7.21,2864,565,44.0,0.0,2.0,None,None,None,None,1.9600000381469727,2.069999933242798,2.0149998664855957,1.0,other,2.0,705.41
83591037,5th Avenue South,residential,False,False,28.683,2865,411,44.0,0.001,2.0,None,None,None,None,1.9800000190734863,2.0799999237060547,2.0099998474121095,1.0,other,2.0,2803.05
83591037,5th Avenue South,residential,False,True,6.393,2866,824,44.0,0.0,2.0,None,None,None,None,1.9800000190734863,1.9800000190734863,1.9800000190734863,1.0,other,2.0,619.48
434963585,4th Avenue South,residential,False,False,13.327,2867,336,44.0,0.0,2.0,None,None,None,None,2.0799999237060547,2.119999885559082,2.1033331553141275,1.0,other,2.0,1330.37
434963585,4th Avenue South,residential,False,True,5.331,2868,340,44.0,0.0,2.0,None,None,None,None,2.119999885559082,2.119999885559082,2.119999885559082,1.0,other,2.0,534.17
683228853,3rd Avenue South,residential,False,False,0.791,2869,45,44.0,0.0,2.0,None,None,None,None,2.109999895095825,2.109999895095825,2.109999895095825,1.0,other,2.0,79.08
683228853,3rd Avenue South,residential,False,True,6.531,2870,1050,44.0,0.0,2.0,None,None,None,None,2.109999895095825,2.109999895095825,2.109999895095825,1.0,other,2.0,652.94
122483552,4th Avenue South,residential,False,False,1.453,2871,331,44.0,0.0,2.0,None,None,None,None,2.190000057220459,2.190000057220459,2.190000057220459,1.0,other,2.0,147.88
122483552,4th Avenue South,residential,False,True,5.577,2872,50,44.0,0.0,2.0,None,None,None,None,2.109999895095825,2.190000057220459,2.1500000953674316,1.0,other,2.0,562.58
683228854,3rd Avenue South,residential,False,False,0.897,2873,45,44.0,0.0,2.0,None,None,None,None,2.25,2.25,2.25,1.0,other,2.0,92.5
683228854,3rd Avenue South,residential,False,True,14.175,2874,1050,44.0,0.0,2.0,None,None,None,None,2.0899999141693115,2.25,2.1700000762939453,1.0,other,2.0,1436.28
683228850,2nd Avenue South,residential,False,False,21.164,2875,41,44.0,0.0,2.0,None,None,None,None,2.2699999809265137,2.309999942779541,2.2825000286102295,1.0,other,2.0,2198.01
683228850,2nd Avenue South,residential,False,True,5.696,2876,1052,44.0,0.0,2.0,None,None,None,None,2.2799999713897705,2.299999952316284,2.2899999618530273,1.0,other,2.0,592.53
683228845,South 2nd Street,residential,False,False,43.644,2877,39,40.0,0.001,2.0,None,25 mph,None,None,2.200000047683716,2.2799999713897705,2.2266667683919272,1.0,other,2.0,4477.87
683228845,South 2nd Street,residential,False,True,8.871,2878,44,40.0,0.0,2.0,None,25 mph,None,None,2.2799999713897705,2.299999952316284,2.2899999618530273,1.0,other,2.0,922.81
683228857,2nd Street South,residential,False,False,8.86,2879,37,40.0,0.0,2.0,None,25 mph,None,None,2.2200000286102295,2.299999952316284,2.259999990463257,1.0,other,2.0,915.68
683228857,2nd Street South,residential,False,True,43.629,2880,42,40.0,0.001,2.0,None,25 mph,None,None,2.1700000762939453,2.25,2.2066667874654136,1.0,other,2.0,4456.7
122483548,1st Avenue South,residential,False,False,1.266,2881,467,44.0,0.0,2.0,None,None,None,None,2.3499999046325684,2.3499999046325684,2.3499999046325684,1.0,other,2.0,133.4
122483548,1st Avenue South,residential,False,True,34.568,2882,36,44.0,0.001,2.0,None,None,None,None,2.1600000858306885,2.3499999046325684,2.26200008392334,1.0,other,2.0,3574.16
10882814,South 4th Street,residential,False,False,100.24,2883,133,44.0,0.002,2.0,None,None,None,None,2.190000057220459,2.6700000762939453,2.4038461538461537,1.0,other,2.0,10684.23
10882814,South 4th Street,residential,False,True,6.501,2884,801,44.0,0.0,2.0,None,None,None,None,2.190000057220459,2.2100000381469727,2.200000047683716,1.0,other,2.0,663.1
10894908,South 8th Street,residential,False,False,53.843,2885,354,44.0,0.001,2.0,None,None,None,None,0.7599999904632568,0.8700000047683716,0.8285713876996722,1.0,other,2.0,2921.37
10894908,South 8th Street,residential,False,True,51.088,2886,932,44.0,0.001,2.0,None,None,None,None,0.7799999713897705,0.9200000166893005,0.851428576878139,1.0,other,2.0,2831.44
83591037,5th Avenue South,residential,False,False,50.13,2887,933,44.0,0.001,2.0,None,None,None,None,0.4399999976158142,0.6399999856948853,0.557142836706979,1.0,other,2.0,2025.97
83591037,5th Avenue South,residential,False,True,56.871,2888,859,44.0,0.001,2.0,None,None,None,None,0.6399999856948853,0.8500000238418579,0.7111111746893989,1.0,other,2.0,2744.97
122885311,None,residential,False,False,1.815,2889,970,44.0,0.0,2.0,None,None,None,None,0.14000000059604645,0.14000000059604645,0.14000000059604645,1.0,other,2.0,19.06
122885311,None,residential,False,True,21.72,2890,968,44.0,0.0,2.0,None,None,None,None,0.14000000059604645,0.20999999344348907,0.17333332697550455,1.0,other,2.0,282.36
683228857,2nd Street South,residential,False,False,5.681,2891,1073,40.0,0.0,2.0,None,25 mph,None,None,2.059999942779541,2.1600000858306885,2.1100001335144043,1.0,other,2.0,567.96
683228857,2nd Street South,residential,False,True,7.308,2892,38,40.0,0.0,2.0,None,25 mph,None,None,2.1600000858306885,2.190000057220459,2.1750001907348633,1.0,other,2.0,741.31
