u,v,key,osmid,name,highway,oneway,reversed,length,rfid_c,rfid,avgspeed,time,EV1_ma,EV1_fr,dam_EV1_HZ_segments,dam_EV1_HZ,lanes,ref,maxspeed,junction,access
96572598,96715468,0,10879764,South 12th Street,residential,False,True,170.648,"[2762, 2764, 2768, 2005, 792, 2013, 2015]",719,44.0,0.004,1.0299999713897705,1.0,"[763.22, 821.39, 812.83, 681.46, 3257.41, 1148.11, 929.49]",8413.91,nan,nan,nan,nan,nan
96572598,4377126928,0,10879764,South 12th Street,residential,False,False,21.488999999999997,"[2769, 2034]",1083,44.0,0.0,1.0299999713897705,1.0,"[799.37, 505.77]",1305.14,nan,nan,nan,nan,nan
96572598,96572600,0,128600936,Beach Boulevard,primary,False,True,65.265,"[2009, 2011, 7]",7,56.0,0.001,1.0299999713897705,1.0,"[4776.42, 6500.09, 1051.08]",12327.59,5,US 90,35 mph,nan,nan
96572598,1375396018,0,128600936,Beach Boulevard,primary,False,False,108.543,"[2016, 2028, 2765, 2030, 1209]",975,56.0,0.002,1.0299999713897705,1.0,"[2867.91, 1421.3, 2838.69, 8397.46, 6267.91]",21793.27,5,US 90,35 mph,nan,nan
96572600,96634605,0,10886116,11th Street North,residential,False,True,89.21100000000001,"[2784, 505, 2087]",466,44.0,0.002,0.8199999928474426,1.0,"[679.41, 1674.51, 1315.14]",3669.06,nan,nan,nan,nan,nan
96572600,96572601,0,128600936,Beach Boulevard,primary,False,True,100.733,"[2083, 2085, 11, 1997, 2007, 2079]",11,56.0,0.002,0.8100000023841858,1.0,"[3983.08, 3281.96, 3259.42, 2400.8, 1057.73, 1742.54]",15725.53,5,US 90,35 mph,nan,nan
96572601,96700804,0,10878786,10th Street South,residential,False,True,147.248,"[1989, 1993, 1995, 1999, 2800, 767]",700,44.0,0.003,0.6100000143051147,0.9659817637769093,"[457.48, 792.01, 1164.94, 207.32, 533.49, 207.88]",3363.12,2,nan,nan,nan,nan
96572601,96634599,0,10886114,North 10th Street,residential,False,True,70.343,"[2075, 499, 2077, 2782]",462,56.0,0.001,0.6499999761581421,1.0,"[632.93, 1060.7, 748.27, 570.16]",3012.06,2,nan,35 mph,nan,nan
96572601,96572602,0,128600936,Beach Boulevard,primary,False,True,107.45,"[1985, 1991, 15, 2804, 2073]",15,56.0,0.002,0.8199999928474426,1.0,"[4879.7, 1119.24, 2026.7, 1755.55, 7141.45]",16922.64,5,US 90,35 mph,nan,nan
96572602,96631227,0,10874111,North 9th Street,residential,False,True,85.733,"[2091, 2780, 405]",369,44.0,0.002,0.8199999928474426,1.0,"[2090.13, 663.51, 802.75]",3556.39,nan,nan,nan,nan,nan
96572602,96770924,0,10884136,South 9th Street,tertiary,False,True,131.749,"[952, 1973, 2798, 1983]",849,50.0,0.003,0.8199999928474426,1.0,"[1442.99, 2879.95, 914.03, 521.81]",5758.78,2,nan,nan,nan,nan
96572602,96572603,0,128600936,Beach Boulevard,primary,False,True,108.44900000000001,"[2093, 2095, 2097, 2802, 19, 2099, 1975, 1977, 1979]",19,56.0,0.002,1.100000023841858,1.0,"[3770.8, 2985.62, 1180.1, 1617.22, 4811.39, 870.68, 1631.72, 1579.8, 3191.05]",21638.38,5,US 90,35 mph,nan,nan
96572603,96634597,0,10880336,North 8th Street,residential,False,True,102.714,"[2778, 2647, 495]",458,44.0,0.002,1.149999976158142,1.0,"[826.59, 3456.95, 2298.24]",6581.78,nan,nan,nan,nan,nan
96572603,96912619,0,10894908,South 8th Street,residential,False,True,113.82700000000001,"[2796, 1956, 1109, 1981]",956,44.0,0.003,1.1699999570846558,1.0,"[872.29, 898.63, 3395.23, 1620.87]",6787.02,nan,nan,nan,nan,nan
96572603,96572605,0,"[128600936, 435255811]",Beach Boulevard,primary,False,True,107.862,"[1929, 1932, 1958, 23]",23,56.0,0.002,1.25,1.0,"[3888.14, 7660.41, 9580.82, 1980.49]",23109.86,"['4', '5']",US 90,35 mph,nan,nan
96572605,96634596,0,10884265,7th Street North,residential,False,True,120.177,"[2776, 2105, 491, 2723]",454,44.0,0.003,1.4500000476837158,1.0,"[884.96, 3245.36, 1528.7, 2945.72]",8604.74,nan,nan,nan,nan,nan
96572605,96772621,0,10884324,7th Street South,residential,False,True,96.974,"[992, 1938, 2794]",887,44.0,0.002,1.2999999523162842,1.0,"[4195.23, 1584.04, 937.04]",6716.31,nan,nan,nan,nan,nan
96572605,96572606,0,435255811,Beach Boulevard,primary,False,True,107.727,"[1936, 1940, 1942, 27, 2109, 2111]",27,56.0,0.002,1.5099999904632568,1.0,"[3548.27, 6513.55, 2535.37, 4372.57, 5807.24, 712.68]",23489.68,4,US 90,35 mph,nan,nan
96572606,96716412,0,10879843,South 6th Street,residential,False,True,78.068,"[808, 2792, 1944]",735,44.0,0.002,1.5299999713897705,1.0,"[4048.39, 1090.11, 1006.92]",6145.42,nan,nan,nan,nan,nan
96572606,96669951,0,10883745,North 6th Street,residential,False,True,33.084,"[2774, 686]",626,44.0,0.001,1.5099999904632568,1.0,"[991.67, 1695.61]",2687.28,nan,nan,nan,nan,nan
96572606,96572607,0,435255811,Beach Boulevard,primary,False,True,108.34800000000001,"[1954, 1950, 30, 1127]",30,56.0,0.002,1.7599999904632568,1.0,"[1047.68, 9138.7, 12594.5, 3453.32]",26234.2,4,US 90,35 mph,nan,nan
96572607,2124932338,0,435255811,Beach Boulevard,primary,False,True,108.029,1243,978,56.0,0.002,2.009999990463257,1.0,[28395.01],28395.01,4,US 90,35 mph,nan,nan
96572607,96665463,0,10876469,South 5th Street,residential,False,True,61.385999999999996,"[672, 1922, 2790]",611,44.0,0.001,1.7599999904632568,1.0,"[436.73, 3687.16, 1091.14]",5215.03,nan,nan,nan,nan,nan
96572609,2922788766,0,683228798,Beach Boulevard,primary,True,False,17.39,32,31,56.0,0.0,1.7699999809265137,1.0,[2599.8],2599.8,2,US 90,35 mph,nan,nan
96572609,96632600,0,10874232,3rd Street South,primary,True,False,122.696,"[1920, 2810, 1919, 31]",32,56.0,0.002,1.9500000476837158,1.0,"[5590.38, 1022.05, 10185.62, 1922.19]",18720.24,2,FL A1A,35 mph,nan,nan
96572609,2124932338,0,202526447,Beach Boulevard,primary,True,False,108.425,"[1835, 2805, 1238, 1242, 1918]",981,56.0,0.002,2.009999990463257,1.0,"[3638.67, 1614.34, 3023.42, 6791.21, 2077.68]",17145.32,2,US 90,35 mph,nan,nan
96572609,2922706568,0,1126937651,3rd Street North,primary,True,False,12.311,1250,984,56.0,0.0,1.7699999809265137,1.0,[1848.7],1848.7,2,FL A1A,35 mph,nan,nan
96572612,3574801815,0,351669852,Beach Boulevard,residential,False,True,19.487,"[1361, 2532]",1075,44.0,0.0,2.0,1.0,"[1336.27, 538.92]",1875.19,nan,nan,nan,nan,nan
96572612,4419335614,0,633038681,nan,tertiary,True,False,8.891,"[34, 2183, 2184, 2185, 2186, 2835]",34,50.0,0.0,1.9700000286102295,1.0,"[105.26, 221.05, 218.41, 219.62, 110.47, 110.14]",984.95,nan,nan,nan,roundabout,nan
96572612,4419335612,0,633038681,nan,tertiary,True,False,7.890000000000001,"[2180, 2181, 2182, 2164, 2836, 2172]",1098,50.0,0.0,1.9700000286102295,1.0,"[223.26, 223.93, 120.36, 96.13, 112.36, 113.15]",889.19,nan,nan,nan,roundabout,nan
96572712,2922788764,0,122483548,1st Avenue South,residential,False,True,105.41499999999999,"[2534, 1801, 1321, 2538, 1815]",1054,44.0,0.002,2.3499999046325684,1.0,"[3676.41, 557.64, 836.66, 614.52, 4801.58]",10486.81,nan,nan,nan,nan,nan
96572712,96635103,0,122483548,1st Avenue South,residential,False,False,106.91799999999999,"[2881, 2535, 2539, 506, 2716]",467,44.0,0.002,2.3499999046325684,1.0,"[133.4, 5959.63, 591.05, 630.32, 3574.16]",10888.56,nan,nan,nan,nan,nan
96572712,96572713,0,683228857,2nd Street South,residential,False,True,103.965,"[2880, 1761, 42, 1803]",42,40.0,0.003,2.3499999046325684,1.0,"[4456.7, 2929.93, 915.68, 2395.12]",10697.43,nan,nan,25 mph,nan,nan
96572712,3574801809,0,683228857,2nd Street South,residential,False,False,84.832,"[1798, 1770, 2891, 1355, 1776, 1780, 1812]",1073,40.0,0.002,2.3499999046325684,1.0,"[1565.45, 2840.6, 567.96, 473.86, 1481.49, 741.31, 994.95]",8665.62,nan,nan,25 mph,nan,nan
96572713,96572714,0,683228845,South 2nd Street,residential,False,True,104.05199999999999,"[2878, 1753, 44, 1758]",44,40.0,0.003,2.299999952316284,1.0,"[922.81, 4477.87, 2270.5, 2935.46]",10606.64,nan,nan,25 mph,nan,nan
96572713,96578247,0,683228849,2nd Avenue South,residential,False,False,106.414,"[208, 2513, 2515]",190,44.0,0.002,2.369999885559082,1.0,"[977.39, 697.33, 9281.82]",10956.54,nan,nan,nan,nan,nan
96572713,2922788763,0,683228850,2nd Avenue South,residential,False,True,104.034,"[1319, 2508, 1805, 1808, 2876]",1052,44.0,0.002,2.309999942779541,1.0,"[635.83, 2025.8, 2198.01, 5038.83, 592.53]",10491.0,nan,nan,nan,nan,nan
96572714,96572717,0,10868875,South 2nd Street,residential,False,True,106.13000000000001,"[1408, 1739, 48, 50, 1748]",48,40.0,0.003,2.109999895095825,1.0,"[2870.58, 382.36, 1011.92, 3675.9, 2427.34]",10368.1,nan,nan,25 mph,nan,nan
96572714,2922788762,0,"[683228853, 683228854]",3rd Avenue South,residential,False,True,105.32300000000001,"[1317, 2510, 2512, 1746, 1750, 2870, 2874, 2396]",1050,44.0,0.002,2.25,1.0,"[499.88, 92.5, 79.08, 1220.06, 1954.67, 652.94, 1436.28, 4458.41]",10393.82,nan,nan,nan,nan,nan
96572714,96832915,0,683228856,3rd Avenue South,residential,False,False,106.349,"[2519, 2517, 1079]",944,44.0,0.002,2.4800000190734863,1.0,"[685.84, 9177.09, 1041.83]",10904.76,nan,nan,nan,nan,nan
96572717,96572719,0,10868875,South 2nd Street,residential,False,True,105.128,"[1737, 1734, 54]",52,40.0,0.003,2.049999952316284,1.0,"[2705.56, 2238.14, 5041.02]",9984.72,nan,nan,25 mph,nan,nan
96572717,2922788761,0,"[122483552, 434963585]",4th Avenue South,residential,False,True,106.189,"[1728, 1314, 1731, 1742, 1727]",1047,44.0,0.002,2.119999885559082,1.0,"[4525.94, 521.47, 754.87, 3444.88, 1213.22]",10460.38,nan,nan,nan,nan,nan
96572717,96625121,0,122483552,4th Avenue South,residential,False,False,106.21499999999999,"[2521, 2523, 2871, 367]",331,44.0,0.002,2.240000009536743,1.0,"[579.69, 9408.2, 147.88, 562.58]",10698.35,nan,nan,nan,nan,nan
96572719,96572720,0,10868875,South 2nd Street,residential,False,True,102.451,"[58, 1723]",56,40.0,0.003,1.8600000143051147,1.0,"[4779.51, 4674.96]",9454.47,nan,nan,25 mph,nan,nan
96572719,2922788760,0,83591037,5th Avenue South,residential,False,True,106.042,"[2496, 2484, 1310]",1043,44.0,0.002,2.0999999046325684,1.0,"[748.27, 8940.66, 444.15]",10133.08,2,nan,nan,nan,nan
96572719,96825463,0,83591037,5th Avenue South,residential,False,False,106.67999999999999,"[2505, 1702, 1062, 2503]",927,44.0,0.002,1.8600000143051147,1.0,"[3022.29, 5173.28, 745.92, 478.61]",9420.1,2,nan,nan,nan,nan
96572720,96572721,0,10868875,South 2nd Street,residential,False,True,106.15299999999999,"[1697, 62]",60,40.0,0.003,1.7899999618530273,1.0,"[4767.16, 4736.39]",9503.55,nan,nan,25 mph,nan,nan
96572720,2922788759,0,122483553,6th Avenue South,residential,False,True,104.40299999999999,"[1720, 1307, 2494, 2486]",1040,44.0,0.002,2.240000009536743,1.0,"[7127.07, 473.2, 580.08, 1964.13]",10144.48,nan,nan,nan,nan,nan
96572720,96662032,0,122483553,6th Avenue South,residential,False,False,106.76100000000001,"[2501, 618, 2477]",559,44.0,0.002,2.0199999809265137,1.0,"[619.98, 670.41, 8532.5]",9822.89,nan,nan,nan,nan,nan
96572721,96572724,0,10868875,South 2nd Street,residential,False,True,103.85499999999999,"[1689, 66, 68]",64,40.0,0.003,1.8700000047683716,1.0,"[4353.93, 1340.82, 3735.15]",9429.9,nan,nan,25 mph,nan,nan
96572721,2922788758,0,10878731,7th Avenue South,residential,False,True,104.894,"[1692, 2488, 1715, 1304, 2492]",1037,44.0,0.002,2.119999885559082,1.0,"[6860.43, 1387.5, 882.5, 488.93, 605.79]",10225.15,nan,nan,nan,nan,nan
96572721,96699488,0,10878731,7th Avenue South,residential,False,False,106.702,"[2499, 2475, 742]",681,44.0,0.002,2.1600000858306885,1.0,"[588.69, 8565.69, 698.39]",9852.77,nan,nan,nan,nan,nan
96572724,96572725,0,10868875,South 2nd Street,residential,False,True,103.632,"[72, 1683]",68,40.0,0.003,2.0899999141693115,1.0,"[5018.91, 4901.92]",9920.83,nan,nan,25 mph,nan,nan
96572724,2922788757,0,122483554,8th Avenue South,residential,False,True,105.388,"[1677, 1679, 1681, 2482, 1301, 2490, 1694]",1034,44.0,0.002,2.180000066757202,1.0,"[758.56, 1292.28, 3840.6, 1295.81, 631.59, 682.62, 1726.29]",10227.75,nan,nan,nan,nan,nan
96572724,96833136,0,122483554,8th Avenue South,residential,False,False,106.585,"[2497, 1090, 2479]",949,44.0,0.002,2.2899999618530273,1.0,"[548.6, 790.62, 9157.46]",10496.68,nan,nan,nan,nan,nan
96572725,96572726,0,10868875,South 2nd Street,residential,False,True,105.127,"[1665, 76]",72,40.0,0.003,2.0899999141693115,1.0,"[5056.88, 5136.67]",10193.55,nan,nan,25 mph,nan,nan
96572725,2922788756,0,122483555,9th Avenue South,residential,False,True,108.01899999999999,"[2464, 1671, 1674, 1298, 2460]",1031,44.0,0.002,2.3299999237060547,1.0,"[854.82, 992.02, 3926.56, 650.71, 4634.64]",11058.75,nan,nan,nan,nan,nan
96572725,96732155,0,122483555,9th Avenue South,residential,False,False,105.059,"[2738, 2473, 842, 2467]",769,44.0,0.002,2.1600000858306885,1.0,"[2431.53, 6542.76, 728.63, 455.33]",10158.25,nan,nan,nan,nan,nan
96572726,96572727,0,10868875,South 2nd Street,residential,False,True,105.60300000000001,"[80, 1648]",76,40.0,0.003,2.359999895095825,1.0,"[5499.79, 5152.67]",10652.46,nan,nan,25 mph,nan,nan
96572726,2922788755,0,122483547,10th Avenue South,residential,False,True,108.083,"[1295, 1653, 2458, 1659, 1661, 2462]",1028,44.0,0.002,2.2899999618530273,1.0,"[717.84, 2479.95, 1383.0, 4063.7, 1464.78, 768.6]",10877.87,nan,nan,nan,nan,nan
96572726,96687746,0,122483547,10th Avenue South,residential,False,False,106.601,"[688, 2465, 2736, 2471]",627,44.0,0.002,2.009999990463257,1.0,"[790.8, 507.1, 6961.6, 1929.5]",10189.0,nan,nan,nan,nan,nan
96572727,96572728,0,10868875,South 2nd Street,residential,False,True,102.57,"[1619, 84]",80,40.0,0.003,2.4000000953674316,1.0,"[5388.85, 5335.3]",10724.15,nan,nan,25 mph,nan,nan
96572727,2922788754,0,10880199,11th Avenue South,residential,False,True,106.638,"[2432, 1292, 2446, 1621, 1623, 1625, 1627]",1025,44.0,0.002,2.5,1.0,"[1517.99, 751.26, 796.94, 1882.67, 931.74, 2302.62, 2994.67]",11177.89,nan,nan,nan,nan,nan
96572727,96721662,0,10880199,11th Avenue South,residential,False,False,105.646,"[2433, 2469, 819, 1654, 1656]",746,44.0,0.002,2.3499999046325684,1.0,"[563.73, 2540.63, 716.57, 5556.14, 1510.08]",10887.15,nan,nan,nan,nan,nan
96572728,96572729,0,10868875,South 2nd Street,residential,False,True,105.64099999999999,"[88, 1642]",84,40.0,0.003,2.4000000953674316,1.0,"[5254.81, 5726.4]",10981.21,nan,nan,25 mph,nan,nan
96572728,2922788753,0,83591067,12th Avenue South,residential,False,True,104.371,"[2440, 1289, 1546, 2731, 2444, 2733, 2735]",1022,44.0,0.002,2.630000114440918,1.0,"[3131.73, 705.74, 2417.72, 1437.11, 761.69, 1874.04, 884.58]",11212.61,2,nan,nan,nan,nan
96572728,96577383,0,83591067,12th Avenue South,residential,False,False,106.30199999999999,"[2417, 138, 2429]",126,44.0,0.002,2.609999895095825,1.0,"[622.94, 800.15, 9995.35]",11418.44,2,nan,nan,nan,nan
96572729,96572730,0,10868875,South 2nd Street,residential,False,True,105.49699999999999,"[92, 1638, 1527]",88,40.0,0.003,2.3399999141693115,1.0,"[5670.83, 1268.2, 3823.27]",10762.3,nan,nan,25 mph,nan,nan
96572729,96755052,0,83591029,13th Avenue South,tertiary,False,True,106.762,"[2416, 897, 2428]",804,50.0,0.002,2.490000009536743,1.0,"[675.54, 979.17, 11241.75]",12896.46,2,nan,nan,nan,nan
96572729,2922788752,0,83591029,13th Avenue South,tertiary,False,False,103.916,"[1285, 2437, 2441, 1547, 1524]",1019,50.0,0.002,2.559999942779541,1.0,"[694.41, 2580.98, 862.24, 3572.27, 4883.14]",12593.04,2,nan,nan,nan,nan
96572730,96572732,0,10868875,South 2nd Street,residential,False,True,103.701,"[96, 1505, 1512, 1630]",92,40.0,0.003,2.490000009536743,1.0,"[5192.63, 459.03, 2431.83, 2909.97]",10993.46,nan,nan,25 mph,nan,nan
96572730,96615424,0,707606486,14th Avenue South,residential,False,True,106.31700000000001,"[2426, 275, 2420, 2414]",253,44.0,0.002,2.2799999713897705,1.0,"[77.02, 802.55, 547.75, 9262.48]",10689.8,nan,nan,nan,nan,nan
96572730,2922788751,0,707606486,14th Avenue South,residential,False,False,105.025,"[1283, 1507, 1509, 2447, 1522, 2451]",1017,44.0,0.002,2.5799999237060547,1.0,"[678.42, 3615.26, 4376.22, 1025.79, 850.84, 801.64]",11348.17,nan,nan,nan,nan,nan
96572732,96572733,0,10868875,South 2nd Street,residential,False,True,101.37899999999999,"[2456, 1634, 99]",95,40.0,0.003,2.8299999237060547,1.0,"[4919.6, 5593.33, 740.24]",11253.17,nan,nan,25 mph,nan,nan
96572732,2922788750,0,10887552,15th Avenue South,residential,False,True,106.355,"[1280, 2450, 2454, 1499, 1501, 1503]",1013,44.0,0.002,2.5799999237060547,1.0,"[686.3, 4783.09, 748.87, 817.71, 1667.44, 2654.68]",11358.09,nan,nan,nan,nan,nan
96572732,96808777,0,10887552,15th Avenue South,residential,False,False,107.651,"[2421, 2423, 1047]",916,44.0,0.002,2.490000009536743,1.0,"[659.29, 9343.23, 791.7]",10794.22,nan,nan,nan,nan,nan
96572733,2922788749,0,83591065,16th Avenue South,tertiary,False,True,107.00399999999999,"[2436, 1492, 1494, 1497, 1277]",1010,50.0,0.002,2.940000057220459,1.0,"[1487.3, 2029.43, 3874.55, 6101.48, 1001.49]",14494.25,2,nan,nan,nan,nan
96572733,96808777,0,"[83591065, 444454367]","['1st Street South', '16th Avenue South']",tertiary,False,False,208.68199999999996,"[1635, 1093, 1413, 1415, 1417, 1482, 1484, 1486, 1488, 1141, 1048, 540, 542]",917,50.0,0.004,2.9200000762939453,1.0,"[970.25, 439.3, 9523.19, 431.35, 1114.71, 3021.99, 1445.06, 2469.23, 1239.18, 1675.24, 747.31, 1579.97, 1688.01]",26344.79,2,nan,nan,nan,nan
96573412,96573413,0,10868938,South 10th Street,residential,False,True,45.559,106,102,44.0,0.001,1.7000000476837158,1.0,[3821.1],3821.1,nan,nan,nan,nan,nan
96573412,96755022,0,10882793,13th Avenue South,residential,False,True,105.943,882,789,44.0,0.002,1.4500000476837158,1.0,[6631.18],6631.18,2,nan,nan,nan,nan
96573412,96615416,0,10878787,10th Street South,residential,False,True,105.8,"[249, 789]",227,44.0,0.002,1.409999966621399,1.0,"[5893.58, 806.91]",6700.49,nan,nan,nan,nan,nan
96573412,4324743829,0,"[83591040, 10882793, 10873482]","['13th Avenue South', '16th Avenue South', 'Roberts Drive']",residential,False,"[False, True]",894.7439999999998,"[1420, 1422, 1424, 1426, 1428, 1430, 1432, 1433, 1436, 1437, 1438, 1441, 1442, 1445, 1446, 1448, 559, 311, 313, 314, 1230, 872, 874, 876, 878, 880, 245]",1081,44.0,0.02,1.409999966621399,0.2575289108593904,"[nan, nan, nan, nan, nan, nan, nan, nan, nan, nan, nan, nan, 5045.68, nan, nan, 998.53, nan, nan, nan, nan, 1498.65, nan, nan, 1758.64, 1443.69, 1831.58, nan]",12576.77,2,nan,nan,nan,nan
96574212,96574213,0,10868998,Gonzales Avenue,residential,False,True,39.59,111,107,44.0,0.001,1.159999966621399,1.0,[2636.22],2636.22,nan,nan,nan,nan,nan
96574212,96772625,0,10884324,7th Street South,residential,False,False,67.411,"[2744, 999]",896,44.0,0.002,1.2100000381469727,1.0,"[1193.52, 3470.08]",4663.6,nan,nan,nan,nan,nan
96574212,96662036,0,122483553,6th Avenue South,residential,False,False,216.71099999999998,"[626, 628]",568,44.0,0.005,2.2899999618530273,1.0,"[1740.97, 16166.09]",17907.06,nan,nan,nan,nan,nan
96574213,96574214,0,10868998,Gonzales Avenue,residential,False,True,38.698,114,109,44.0,0.001,0.9800000190734863,1.0,[2329.43],2329.43,nan,nan,nan,nan,nan
96574213,96662041,0,10876202,6th Avenue South,residential,False,True,99.942,631,570,44.0,0.002,1.0399999618530273,1.0,[6186.56],6186.56,nan,nan,nan,nan,nan
96574214,96665460,0,10878731,7th Avenue South,residential,False,False,196.668,669,608,44.0,0.004,2.119999885559082,1.0,[16227.57],16227.57,nan,nan,nan,nan,nan
96574214,96574216,0,10868998,Gonzales Avenue,residential,False,True,72.584,"[117, 119]",113,44.0,0.002,1.0700000524520874,1.0,"[3659.24, 653.65]",4312.89,nan,nan,nan,nan,nan
96574216,96574218,0,10868998,Gonzales Avenue,residential,False,True,90.21199999999999,"[123, 125]",117,44.0,0.002,1.0800000429153442,1.0,"[905.0, 4395.84]",5300.84,nan,nan,nan,nan,nan
96574216,96624008,0,10873483,Upper 8th Avenue South,residential,False,False,198.675,"[323, 325, 327, 319]",292,44.0,0.005,2.109999895095825,1.0,"[849.2, 479.08, 405.87, 14650.54]",16384.69,nan,nan,nan,nan,nan
96574216,96699497,0,10878732,7th Avenue South,residential,False,True,86.78,"[752, 754, 756]",691,44.0,0.002,1.0,1.0,"[393.47, 376.12, 3499.42]",4269.01,nan,nan,nan,nan,nan
96574218,96574219,0,10868998,Gonzales Avenue,residential,False,True,68.496,129,121,44.0,0.002,0.9700000286102295,1.0,[3871.1],3871.1,nan,nan,nan,nan,nan
96574218,96665459,0,10886049,Lower 8th Avenue South,residential,False,False,197.952,"[666, 1003, 1005]",605,44.0,0.004,2.1600000858306885,1.0,"[15575.81, 422.92, 338.89]",16337.62,nan,nan,nan,nan,nan
96574218,96912621,0,10896800,8th Avenue South,residential,False,True,74.352,"[1123, 1125, 1117, 1121]",962,44.0,0.002,0.8299999833106995,1.0,"[223.44, 242.72, 2026.63, 323.54]",2816.33,nan,nan,nan,nan,nan
96574219,96574220,0,10868998,Gonzales Avenue,residential,False,True,43.034,132,123,44.0,0.001,1.100000023841858,1.0,[2727.93],2727.93,nan,nan,nan,nan,nan
96574219,96665458,0,122483555,9th Avenue South,residential,False,False,196.301,662,601,44.0,0.004,2.1600000858306885,1.0,[17510.9],17510.9,nan,nan,nan,nan,nan
96574220,96732177,0,10880864,9th Avenue South,residential,False,True,51.513,860,777,44.0,0.001,1.100000023841858,1.0,[2599.79],2599.79,nan,nan,nan,nan,nan
96574220,96772612,0,"[10868998, 10889535]","['10th Place South', 'Gonzales Avenue']",residential,False,"[False, True]",93.63600000000001,"[136, 985, 135, 1103]",881,44.0,0.002,1.2999999523162842,1.0,"[329.82, 3732.62, 1905.09, 345.42]",6312.95,nan,nan,nan,nan,nan
96577383,96755052,0,444454367,1st Street South,tertiary,False,True,105.406,"[1152, 899, 1609, 1611, 1644, 1150]",806,50.0,0.002,2.6500000953674316,1.0,"[1959.71, 1899.52, 2837.33, 1097.14, 3901.19, 1744.27]",13439.16,2,nan,nan,nan,nan
96577383,96721662,0,444454367,1st Street South,tertiary,False,False,103.88,"[1411, 820, 1645, 1612]",747,50.0,0.002,2.609999895095825,1.0,"[2483.07, 2018.58, 6670.44, 1753.71]",12925.8,2,nan,nan,nan,nan
96577384,2922788753,0,83591067,12th Avenue South,residential,False,False,16.601,1288,1021,44.0,0.0,2.559999942779541,1.0,[1806.29],1806.29,2,nan,nan,nan,nan
96577384,96632615,0,10874232,3rd Street South,primary,True,False,106.28999999999999,"[2848, 1553, 141]",130,56.0,0.002,2.5899999141693115,1.0,"[1409.84, 5327.26, 12286.04]",19023.14,2,FL A1A,35 mph,nan,nan
96577384,96577385,0,83591067,12th Avenue South,residential,False,True,107.64399999999999,"[2852, 1550, 1555, 147, 1559, 1564]",135,44.0,0.002,2.6600000858306885,1.0,"[932.76, 2123.99, 4372.97, 1743.85, 695.5, 1360.89]",11229.96,2,nan,nan,nan,nan
96577384,96632614,0,10874232,3rd Street South,primary,True,False,102.245,"[464, 1562]",428,56.0,0.002,2.5999999046325684,1.0,"[11123.45, 7268.41]",18391.86,2,FL A1A,35 mph,nan,nan
96577385,96721666,0,10882814,South 4th Street,residential,False,False,99.685,824,750,44.0,0.002,2.4100000858306885,1.0,[10294.97],10294.97,nan,nan,nan,nan,nan
96577385,96755038,0,10882814,South 4th Street,residential,False,True,106.741,"[2884, 894]",801,44.0,0.002,2.6700000762939453,1.0,"[663.1, 10684.23]",11347.33,nan,nan,nan,nan,nan
96577385,96577387,0,83591067,12th Avenue South,residential,False,True,211.475,"[152, 1227, 149]",138,44.0,0.005,2.2100000381469727,1.0,"[8244.07, 690.74, 9454.33]",18389.14,2,nan,nan,nan,nan
96577387,96716407,0,10879842,South 6th Street,residential,False,False,101.614,795,722,44.0,0.002,1.6200000047683716,1.0,[7858.83],7858.83,nan,nan,nan,nan,nan
96577387,96577389,0,83591067,12th Avenue South,residential,False,True,104.898,155,141,44.0,0.002,1.3799999952316284,1.0,[7053.13],7053.13,2,nan,nan,nan,nan
96577389,96721669,0,10884323,7th Street South,residential,False,False,99.34,828,755,44.0,0.002,1.0099999904632568,1.0,[5973.93],5973.93,nan,nan,nan,nan,nan
96577389,96577390,0,83591067,12th Avenue South,residential,False,True,111.233,157,143,44.0,0.003,1.190000057220459,1.0,[5994.12],5994.12,2,nan,nan,nan,nan
96577390,96577391,0,83591067,12th Avenue South,residential,False,True,104.993,162,146,44.0,0.002,1.2599999904632568,1.0,[7225.84],7225.84,2,nan,nan,nan,nan
96577390,96721670,0,91487775,South 8th Street,residential,False,False,97.47300000000001,"[832, 2686]",760,44.0,0.002,1.2799999713897705,1.0,"[2454.27, 3154.13]",5608.4,nan,nan,nan,nan,nan
96577391,96721671,0,10884136,South 9th Street,tertiary,False,False,96.183,836,762,50.0,0.002,1.1100000143051147,1.0,[7116.86],7116.86,2,nan,nan,nan,nan
96577391,96755022,0,10884136,South 9th Street,tertiary,False,True,109.523,"[968, 1225, 884]",792,50.0,0.002,1.190000057220459,1.0,"[3001.17, 351.89, 3436.93]",6789.99,2,nan,nan,nan,nan
96577391,96700813,0,"[10878786, 83591067]","['12th Avenue South', '10th Street South']",residential,False,"[False, True]",200.55200000000002,"[164, 2636, 783, 1232, 786]",716,44.0,0.005,1.0700000524520874,1.0,"[5281.24, 1969.32, 1773.37, 460.87, 342.56]",9827.36,2,nan,nan,nan,nan
96578054,96578055,0,444454376,2nd Avenue North,residential,False,True,104.96700000000001,"[1217, 1219, 1221, 167, 2568, 2570, 2158, 2196]",151,44.0,0.002,1.940000057220459,1.0,"[2080.77, 569.76, 854.45, 549.11, 1062.21, 704.37, 1439.7, 2174.32]",9434.69,nan,nan,nan,nan,nan
96578055,96578056,0,444454376,2nd Avenue North,residential,False,True,108.29800000000002,"[1376, 1378, 2562, 171, 2190, 2192, 2225, 1211, 2556, 1213, 1215]",155,44.0,0.002,2.0399999618530273,1.0,"[406.89, 348.24, 674.24, 877.77, 574.17, 2614.88, 341.82, 557.83, 828.82, 1175.71, 1637.58]",10037.95,nan,nan,nan,nan,nan
96578055,96634587,0,683228866,2nd Street North,residential,False,True,106.452,"[2156, 2542, 2160, 2162, 2552, 479]",442,40.0,0.003,1.940000057220459,1.0,"[1265.69, 2424.03, 2642.98, 1539.98, 1118.82, 836.19]",9827.69,nan,nan,25 mph,nan,nan
96578055,96762604,0,683228866,2nd Street North,residential,False,False,103.769,"[931, 2547, 2197, 2549, 2199, 2201]",828,40.0,0.003,1.899999976158142,1.0,"[705.31, 4048.23, 1867.63, 944.56, 1208.39, 698.93]",9473.05,nan,nan,25 mph,nan,nan
96578056,96632078,0,10874185,3rd Street North,primary,True,False,106.01,"[2216, 170, 2211]",154,56.0,0.002,1.9199999570846558,1.0,"[5023.23, 7923.05, 3123.2]",16069.48,2,FL A1A,35 mph,nan,nan
96578056,96632075,0,10874185,3rd Street North,primary,True,False,105.733,428,391,56.0,0.002,1.9800000190734863,1.0,[16095.82],16095.82,2,FL A1A,35 mph,nan,nan
96578057,96578058,0,351754106,2nd Avenue North,residential,False,True,106.786,179,162,44.0,0.002,1.909999966621399,1.0,[9602.2],9602.2,nan,nan,nan,nan,nan
96578057,2922706573,0,351754106,2nd Avenue North,residential,False,False,107.694,1259,991,44.0,0.002,2.0,1.0,[10144.78],10144.78,nan,nan,nan,nan,nan
96578057,96620163,0,10873111,North 4th Street,residential,False,True,103.26599999999999,"[2307, 287]",263,44.0,0.002,2.009999990463257,1.0,"[5239.24, 4592.74]",9831.98,nan,nan,nan,nan,nan
96578057,96620160,0,10873111,North 4th Street,residential,False,False,105.263,"[282, 2265, 2298, 2267, 2301]",258,44.0,0.002,1.9900000095367432,1.0,"[1480.89, 1918.88, 4871.97, 1282.66, 348.99]",9903.39,nan,nan,nan,nan,nan
96578058,96634592,0,351669862,North 5th Street,residential,False,False,105.225,482,444,44.0,0.002,1.5499999523162842,1.0,[8523.22],8523.22,nan,nan,nan,nan,nan
96578058,96578060,0,351754106,2nd Avenue North,residential,False,True,106.836,183,167,44.0,0.002,1.5499999523162842,1.0,[8069.93],8069.93,nan,nan,nan,nan,nan
96578058,96832597,0,351669862,North 5th Street,residential,False,True,103.357,"[2284, 2286, 1071]",936,44.0,0.002,1.590000033378601,1.0,"[1387.59, 5369.24, 1484.01]",8240.84,nan,nan,nan,nan,nan
96578060,96766572,0,10883745,North 6th Street,residential,False,True,103.156,941,837,44.0,0.002,1.1399999856948853,1.0,[6789.73],6789.73,nan,nan,nan,nan,nan
96578060,96634594,0,10883745,North 6th Street,residential,False,False,104.784,486,448,44.0,0.002,1.3600000143051147,1.0,[7144.32],7144.32,nan,nan,nan,nan,nan
96578060,96578061,0,351754106,2nd Avenue North,residential,False,True,106.33,187,168,44.0,0.002,1.25,1.0,[6897.84],6897.84,nan,nan,nan,nan,nan
96578061,96772158,0,10884265,7th Street North,residential,False,True,105.449,"[2276, 974]",871,44.0,0.002,1.25,1.0,"[3499.37, 2487.37]",5986.74,nan,nan,nan,nan,nan
96578061,96634596,0,10884265,7th Street North,residential,False,False,104.32,"[490, 2652, 2102]",453,44.0,0.002,1.399999976158142,1.0,"[3183.37, 177.97, 4380.46]",7741.8,nan,nan,nan,nan,nan
96578061,96578062,0,351754106,2nd Avenue North,residential,False,True,105.514,"[2272, 2274, 2278, 2707, 191]",175,44.0,0.002,1.3300000429153442,1.0,"[910.39, 2282.35, 756.25, 2487.31, 837.12]",7273.42,nan,nan,nan,nan,nan
96578062,96723852,0,10880336,North 8th Street,residential,False,True,104.693,839,766,44.0,0.002,1.5,1.0,[7650.96],7650.96,nan,nan,nan,nan,nan
96578062,96578063,0,351754106,2nd Avenue North,residential,False,True,107.833,195,178,44.0,0.002,1.3300000429153442,1.0,[7152.35],7152.35,nan,nan,nan,nan,nan
96578062,96634597,0,10880336,North 8th Street,residential,False,False,104.908,"[2708, 494]",457,44.0,0.002,1.3300000429153442,1.0,"[3219.33, 3969.9]",7189.23,nan,nan,nan,nan,nan
96578063,96631228,0,10874111,North 9th Street,residential,False,True,104.07,409,373,44.0,0.002,0.9399999976158142,1.0,[4429.3],4429.3,nan,nan,nan,nan,nan
96578063,96578064,0,351754106,2nd Avenue North,residential,False,True,106.065,199,182,44.0,0.002,0.9399999976158142,1.0,[4828.5],4828.5,nan,nan,nan,nan,nan
96578063,96631227,0,10874111,North 9th Street,residential,False,False,104.157,"[2700, 404]",368,44.0,0.002,0.9399999976158142,1.0,"[2937.84, 1925.69]",4863.53,nan,nan,nan,nan,nan
96578064,96791302,0,10886114,North 10th Street,residential,False,True,103.268,1008,899,56.0,0.002,0.5299999713897705,1.0,[2943.14],2943.14,2,nan,35 mph,nan,nan
96578064,96634599,0,10886114,North 10th Street,residential,False,False,103.493,498,459,56.0,0.002,0.6499999761581421,1.0,[3546.63],3546.63,2,nan,35 mph,nan,nan
96578064,96578066,0,351754106,2nd Avenue North,residential,False,True,93.783,"[2705, 203, 2101]",187,44.0,0.002,0.5600000023841858,1.0,"[904.64, 511.89, 1784.29]",3200.82,nan,nan,nan,nan,nan
96578066,96791343,0,10886116,11th Street North,residential,False,True,97.986,1017,908,44.0,0.002,0.4699999988079071,0.7574154818024457,[1329.71],1329.71,nan,nan,nan,nan,nan
96578066,96634605,0,10886116,11th Street North,residential,False,False,82.891,504,463,44.0,0.002,0.5299999713897705,1.0,[2271.97],2271.97,nan,nan,nan,nan,nan
96578066,96653908,0,"[10875608, 351754106]","['2nd Avenue North', 'Palm Tree Road']",residential,False,True,384.59,"[2713, 562, 205]",515,44.0,0.009,1.1799999475479126,1.0,"[1636.86, 3726.9, 13377.03]",18740.79,nan,nan,nan,nan,nan
96578247,96832915,0,444454367,1st Street South,tertiary,False,True,103.35300000000001,"[1755, 1765, 1078, 1767]",943,50.0,0.002,2.4800000190734863,1.0,"[1235.43, 4965.12, 2755.09, 3594.52]",12550.16,2,nan,nan,nan,nan
96578247,96635103,0,444454367,1st Street South,tertiary,False,False,103.57,"[1768, 1762, 507]",468,50.0,0.002,2.369999885559082,1.0,"[2818.98, 3318.41, 5815.98]",11953.37,2,nan,nan,nan,nan
96578248,2922788763,0,122483550,2nd Avenue South,residential,False,False,18.535,1318,1051,44.0,0.0,1.9299999475479126,1.0,[1708.93],1708.93,nan,nan,nan,nan,nan
96578248,96632602,0,10874232,3rd Street South,primary,True,False,103.874,"[1896, 209, 1899, 2828]",192,56.0,0.002,2.2699999809265137,1.0,"[4131.41, 1118.15, 2805.03, 8955.72]",17010.31,2,FL A1A,35 mph,nan,nan
96578248,96578249,0,122483550,2nd Avenue South,residential,False,True,105.454,"[1851, 1895, 2830, 1847, 1849, 215, 2683, 1853]",197,44.0,0.002,2.1600000858306885,1.0,"[1133.44, 593.58, 743.37, 3171.45, 1777.5, 1672.49, 757.61, 425.19]",10274.63,nan,nan,nan,nan,nan
96578248,96632600,0,10874232,3rd Street South,primary,True,False,104.455,"[1912, 441, 1915, 2832]",404,56.0,0.002,1.9800000190734863,1.0,"[7750.71, 3362.95, 2638.32, 2292.31]",16044.29,2,FL A1A,35 mph,nan,nan
96578249,96578250,0,122483550,2nd Avenue South,residential,False,True,105.664,219,200,44.0,0.002,2.0999999046325684,1.0,[9131.48],9131.48,nan,nan,nan,nan,nan
96578249,96755249,0,10882817,South 4th Street,residential,False,True,102.82499999999999,"[2681, 919]",819,44.0,0.002,2.309999942779541,1.0,"[3447.94, 7066.23]",10514.17,nan,nan,nan,nan,nan
96578249,96635105,0,10882817,South 4th Street,residential,False,False,106.38,"[2825, 1844, 509]",470,44.0,0.002,2.0999999046325684,1.0,"[1258.95, 3875.41, 4627.08]",9761.44,nan,nan,nan,nan,nan
96578250,96635107,0,10876469,South 5th Street,residential,False,False,105.0,513,474,44.0,0.002,1.3700000047683716,1.0,[7128.45],7128.45,nan,nan,nan,nan,nan
96578250,96578251,0,122483550,2nd Avenue South,residential,False,True,107.629,223,205,44.0,0.002,1.2699999809265137,1.0,[7261.94],7261.94,nan,nan,nan,nan,nan
96578250,96665467,0,10876469,South 5th Street,residential,False,True,103.06700000000001,"[675, 2685]",616,44.0,0.002,1.4199999570846558,1.0,"[4301.85, 2809.18]",7111.03,nan,nan,nan,nan,nan
96578251,96716413,0,10879843,South 6th Street,residential,False,True,104.823,812,739,44.0,0.002,1.2799999713897705,1.0,[7166.75],7166.75,nan,nan,nan,nan,nan
96578251,96635109,0,10879843,South 6th Street,residential,False,False,104.136,517,478,44.0,0.002,1.100000023841858,1.0,[5955.94],5955.94,nan,nan,nan,nan,nan
96578251,96578252,0,122483550,2nd Avenue South,residential,False,True,106.15,227,208,44.0,0.002,1.350000023841858,1.0,[7562.34],7562.34,nan,nan,nan,nan,nan
96578252,96772623,0,10884324,7th Street South,residential,False,True,103.719,996,890,44.0,0.002,1.350000023841858,1.0,[7402.42],7402.42,nan,nan,nan,nan,nan
96578252,96578253,0,122483550,2nd Avenue South,residential,False,True,105.481,231,213,44.0,0.002,1.3300000429153442,1.0,[6927.39],6927.39,nan,nan,nan,nan,nan
96578252,96635111,0,10884324,7th Street South,residential,False,False,106.827,"[1872, 521, 1870]",483,44.0,0.002,1.3300000429153442,1.0,"[1031.54, 1679.74, 4850.01]",7561.29,nan,nan,nan,nan,nan
96578253,96748245,0,10894908,South 8th Street,residential,False,True,50.76,868,785,44.0,0.001,0.8899999856948853,1.0,[2868.74],2868.74,nan,nan,nan,nan,nan
96578253,96635112,0,10894908,South 8th Street,residential,False,False,105.176,525,486,44.0,0.002,0.949999988079071,1.0,[6075.39],6075.39,nan,nan,nan,nan,nan
96578253,96578254,0,122483550,2nd Avenue South,residential,False,True,108.962,235,217,44.0,0.002,0.8799999952316284,1.0,[4519.53],4519.53,nan,nan,nan,nan,nan
96578254,96748248,0,10884136,South 9th Street,tertiary,False,True,52.423,871,788,50.0,0.001,0.25999999046325684,1.0,[791.26],791.26,2,nan,nan,nan,nan
96578254,96635115,0,10884136,South 9th Street,tertiary,False,False,106.432,529,490,50.0,0.002,0.33000001311302185,1.0,[2313.87],2313.87,2,nan,nan,nan,nan
96578254,96578255,0,122483550,2nd Avenue South,residential,False,True,105.393,239,221,44.0,0.002,0.25999999046325684,0.5830883760059363,[829.62],829.62,nan,nan,nan,nan,nan
96578255,96700805,0,10878786,10th Street South,residential,False,True,101.927,771,703,44.0,0.002,0.0,0.0,[nan],0.0,2,nan,nan,nan,nan
96578255,96635116,0,10878786,10th Street South,residential,False,False,106.078,533,494,44.0,0.002,0.0,0.0,[nan],0.0,2,nan,nan,nan,nan
96578255,96578256,0,122483550,2nd Avenue South,residential,False,True,55.538,242,222,44.0,0.001,0.0,0.0,[nan],0.0,nan,nan,nan,nan,nan
96578256,96635116,0,"[10886160, 288720070]","['1st Avenue South', '11th Street South']",residential,False,False,162.015,"[537, 535]",497,44.0,0.004,0.0,0.0,"[nan, nan]",0.0,nan,nan,nan,nan,nan
96578256,4332196521,0,"[10888741, 122483550]","['2nd Avenue South', 'South 11th Street']",residential,False,True,66.761,"[1961, 244]",1082,44.0,0.002,0.0,0.0,"[nan, nan]",0.0,nan,nan,nan,nan,nan
96615416,96615417,0,10872690,14th Avenue South,residential,False,True,102.515,251,229,44.0,0.002,1.1100000143051147,1.0,[4624.82],4624.82,nan,nan,nan,nan,nan
96615416,96770943,0,"[10887552, 10878787]","['10th Street South', '15th Avenue South']",residential,False,"[False, True]",201.761,"[971, 790, 2398, 1054]",867,44.0,0.005,1.190000057220459,1.0,"[165.45, 5781.59, 3710.09, 666.22]",10323.35,nan,nan,nan,nan,nan
96615417,96615418,0,10872690,14th Avenue South,residential,False,True,107.53,255,233,44.0,0.002,0.7400000095367432,1.0,[2854.92],2854.92,nan,nan,nan,nan,nan
96615417,96770943,0,10884136,South 9th Street,tertiary,False,True,104.276,970,865,50.0,0.002,0.3799999952316284,1.0,[2463.52],2463.52,2,nan,nan,nan,nan
96615417,96755022,0,10884136,South 9th Street,tertiary,False,False,105.262,883,790,50.0,0.002,0.6600000262260437,1.0,[4591.04],4591.04,2,nan,nan,nan,nan
96615418,96615419,0,10872690,14th Avenue South,residential,False,True,105.645,259,237,44.0,0.002,0.800000011920929,1.0,[3961.69],3961.69,nan,nan,nan,nan,nan
96615418,96808783,0,85691270,South 8th Street,residential,False,True,104.054,1053,922,44.0,0.002,0.7400000095367432,0.7911553309878812,[2105.4],2105.4,nan,nan,nan,nan,nan
96615418,96755023,0,85691270,South 8th Street,residential,False,False,102.493,888,795,44.0,0.002,1.1299999952316284,1.0,[5085.94],5085.94,nan,nan,nan,nan,nan
96615419,96615420,0,10872690,14th Avenue South,residential,False,True,107.025,263,240,44.0,0.002,1.5099999904632568,1.0,[7022.83],7022.83,nan,nan,nan,nan,nan
96615419,96772614,0,85691281,7th Street South,residential,False,True,104.638,990,885,44.0,0.002,1.0499999523162842,1.0,[4678.66],4678.66,nan,nan,nan,nan,nan
96615419,96755027,0,85691281,7th Street South,residential,False,False,102.989,892,799,44.0,0.002,0.9599999785423279,1.0,[5409.54],5409.54,nan,nan,nan,nan,nan
96615420,96716409,0,85691282,South 6th Street,residential,False,True,105.039,806,733,44.0,0.002,1.9800000190734863,1.0,[9075.37],9075.37,nan,nan,nan,nan,nan
96615420,96716408,0,85691282,South 6th Street,residential,False,False,103.909,801,727,44.0,0.002,1.7000000476837158,1.0,[8513.26],8513.26,nan,nan,nan,nan,nan
96615420,96615422,0,"[10872690, 707606486]",14th Avenue South,residential,False,True,212.072,"[2388, 269]",247,44.0,0.005,2.680000066757202,1.0,"[10508.56, 11828.64]",22337.2,nan,nan,nan,nan,nan
96615422,96755244,0,10882814,South 4th Street,residential,False,True,105.414,"[913, 1475]",815,44.0,0.002,2.6500000953674316,1.0,"[2537.23, 8854.85]",11392.08,nan,nan,nan,nan,nan
96615422,96755038,0,10882814,South 4th Street,residential,False,False,104.86200000000001,"[1536, 1529, 893, 2654]",800,44.0,0.002,2.7899999618530273,1.0,"[3809.0, 2800.02, 1990.73, 3252.92]",11852.67,nan,nan,nan,nan,nan
96615422,96615423,0,707606486,14th Avenue South,residential,False,True,105.631,"[272, 2844, 1532, 1480]",250,44.0,0.002,2.9100000858306885,1.0,"[810.45, 5313.47, 1402.1, 4440.87]",11966.89,nan,nan,nan,nan,nan
96615423,2922788751,0,707606486,14th Avenue South,residential,False,True,17.904,1284,1015,44.0,0.0,2.5999999046325684,1.0,[1957.8],1957.8,nan,nan,nan,nan,nan
96615423,96632616,0,10874232,3rd Street South,primary,True,False,105.71700000000001,"[1481, 1478, 270]",249,56.0,0.002,2.5999999046325684,1.0,"[7042.66, 4003.94, 7989.66]",19036.26,2,FL A1A,35 mph,nan,nan
96615423,96632615,0,10874232,3rd Street South,primary,True,False,104.00299999999999,"[1542, 1543, 467, 1533, 2847]",431,56.0,0.002,2.5999999046325684,1.0,"[3318.08, 3361.88, 1539.93, 8267.16, 2407.35]",18894.4,2,FL A1A,35 mph,nan,nan
96615424,96808777,0,444454367,1st Street South,tertiary,False,True,104.949,"[1144, 1049, 1146, 1632]",918,50.0,0.002,2.200000047683716,1.0,"[5339.8, 804.93, 833.21, 5176.77]",12154.71,2,nan,nan,nan,nan
96615424,96755052,0,444454367,1st Street South,tertiary,False,False,103.97099999999999,"[898, 1639, 1513, 1515, 1517, 1519, 1147]",805,50.0,0.002,2.490000009536743,1.0,"[2567.54, 1458.96, 1828.82, 2632.6, 1101.22, 2280.88, 793.86]",12663.88,2,nan,nan,nan,nan
96620159,96669949,0,10876762,Pablo Avenue,residential,False,True,106.425,682,621,44.0,0.002,1.899999976158142,1.0,[9910.3],9910.3,nan,nan,nan,nan,nan
96620159,96620160,0,10873111,North 4th Street,residential,False,True,105.07900000000001,"[2113, 283, 2132]",259,44.0,0.002,1.9900000095367432,1.0,"[3795.77, 4219.89, 2011.12]",10026.78,nan,nan,nan,nan,nan
96620159,2124932338,0,10873111,North 4th Street,residential,False,False,69.619,"[1240, 2785, 2771]",979,44.0,0.002,2.0199999809265137,1.0,"[1355.63, 1169.14, 4048.75]",6573.52,nan,nan,nan,nan,nan
96620159,2922706570,0,10876762,Pablo Avenue,residential,False,False,107.21700000000001,"[1252, 2121, 2123, 2126, 2128]",986,44.0,0.002,1.8899999856948853,1.0,"[1979.89, 1101.25, 1798.48, 1763.8, 3101.38]",9744.8,nan,nan,nan,nan,nan
96620160,96634592,0,10874354,1st Avenue North,residential,False,True,107.591,"[481, 2115, 2270, 2119]",445,44.0,0.002,1.9700000286102295,1.0,"[1152.84, 1274.9, 5954.92, 1259.26]",9641.92,nan,nan,nan,nan,nan
96620160,2922706572,0,10874354,1st Avenue North,residential,False,False,108.50900000000001,"[2303, 1255]",989,44.0,0.002,1.9700000286102295,1.0,"[6913.02, 3287.14]",10200.16,nan,nan,nan,nan,nan
96620163,96620164,0,10873111,North 4th Street,residential,False,True,105.19800000000001,"[291, 2294]",267,44.0,0.002,2.0299999713897705,1.0,"[5040.65, 5067.05]",10107.7,nan,nan,nan,nan,nan
96620163,96832597,0,444454418,3rd Avenue North,residential,False,True,106.33,"[2288, 1073, 2290]",938,44.0,0.002,2.009999990463257,1.0,"[1299.49, 1296.66, 6915.64]",9511.79,nan,nan,nan,nan,nan
96620163,2922706574,0,444454418,3rd Avenue North,residential,False,False,107.982,"[2309, 2018, 1261]",994,44.0,0.002,2.059999942779541,1.0,"[851.03, 5066.36, 4618.58]",10535.97,nan,nan,nan,nan,nan
96620164,96620166,0,10873111,North 4th Street,residential,False,True,104.706,"[2711, 2313, 2759, 295]",272,44.0,0.002,2.0,1.0,"[1900.43, 5160.06, 1007.91, 1979.51]",10047.91,nan,nan,nan,nan,nan
96620164,2922706575,0,83634153,4th Avenue North,residential,False,True,107.377,"[2315, 2317, 1263]",996,44.0,0.002,2.059999942779541,1.0,"[6281.87, 732.42, 3294.19]",10308.48,2,nan,nan,nan,nan
96620164,96624765,0,83634153,4th Avenue North,residential,False,False,106.427,"[2320, 337]",303,44.0,0.002,1.9500000476837158,1.0,"[5826.92, 3522.54]",9349.46,2,nan,nan,nan,nan
96620166,96824616,0,444563942,5th Avenue North,residential,False,True,105.888,1061,926,44.0,0.002,2.0199999809265137,1.0,[9951.35],9951.35,nan,nan,nan,nan,nan
96620166,96620167,0,10873111,North 4th Street,residential,False,True,104.12299999999999,"[299, 2324]",276,44.0,0.002,1.899999976158142,1.0,"[4271.51, 4844.31]",9115.82,nan,nan,nan,nan,nan
96620166,4420292085,0,444563942,5th Avenue North,residential,False,False,108.145,"[2241, 1234, 2330, 2318]",1106,44.0,0.002,2.0,1.0,"[1078.69, 3775.5, 4515.2, 971.75]",10341.14,nan,nan,nan,nan,nan
96620167,96661709,0,10876164,6th Avenue North,residential,False,True,106.638,589,540,44.0,0.002,1.6799999475479126,1.0,[9027.97],9027.97,nan,nan,nan,nan,nan
96620167,96620168,0,10873111,North 4th Street,residential,False,True,104.868,"[2729, 303]",280,44.0,0.002,1.590000033378601,1.0,"[4291.24, 4186.17]",8477.41,nan,nan,nan,nan,nan
96620167,2922706577,0,10876164,6th Avenue North,residential,False,False,107.713,"[2337, 2339, 1267, 2325, 2328]",1001,44.0,0.002,2.049999952316284,1.0,"[1751.63, 2442.06, 1808.4, 3356.23, 475.51]",9833.83,nan,nan,nan,nan,nan
96620168,96699059,0,10878701,7th Avenue North,residential,False,True,106.529,725,664,44.0,0.002,1.25,1.0,[7476.97],7476.97,nan,nan,nan,nan,nan
96620168,96620170,0,10873111,North 4th Street,residential,False,True,103.67599999999999,"[2344, 307]",284,44.0,0.002,1.2999999523162842,1.0,"[3592.61, 3463.56]",7056.17,nan,nan,nan,nan,nan
96620168,2922706578,0,10878701,7th Avenue North,residential,False,False,108.13799999999999,"[2332, 1270, 2335]",1004,44.0,0.002,1.909999966621399,1.0,"[5577.56, 1959.43, 1478.63]",9015.62,nan,nan,nan,nan,nan
96620170,4430763918,0,10873111,North 4th Street,residential,False,True,21.739,2353,1107,44.0,0.0,1.2999999523162842,1.0,[1503.09],1503.09,nan,nan,nan,nan,nan
96620170,96908608,0,83591046,8th Avenue North,residential,False,True,105.998,1106,953,44.0,0.002,1.2999999523162842,1.0,[6705.43],6705.43,2,nan,nan,nan,nan
96620170,2922706579,0,83591046,8th Avenue North,residential,False,False,107.21900000000001,"[1273, 2354]",1008,44.0,0.002,2.0199999809265137,1.0,"[2429.99, 5964.77]",8394.76,2,nan,nan,nan,nan
96624006,96624008,0,10873483,Upper 8th Avenue South,residential,False,True,198.593,320,289,44.0,0.005,2.2100000381469727,1.0,[19803.82],19803.82,nan,nan,nan,nan,nan
96624006,96755224,0,10882814,South 4th Street,residential,False,True,25.267,901,808,44.0,0.001,2.180000066757202,1.0,[2553.07],2553.07,nan,nan,nan,nan,nan
96624006,96699491,0,10882814,South 4th Street,residential,False,False,78.34,749,685,44.0,0.002,2.1600000858306885,1.0,[7551.98],7551.98,nan,nan,nan,nan,nan
96624008,96665460,0,10876468,South 5th Street,residential,False,True,76.552,668,607,44.0,0.002,2.1500000953674316,1.0,[7597.79],7597.79,nan,nan,nan,nan,nan
96624008,96665459,0,10876468,South 5th Street,residential,False,False,77.86,664,603,44.0,0.002,2.200000047683716,1.0,[7815.2],7815.2,nan,nan,nan,nan,nan
96624761,96624763,0,683228867,4th Avenue North,residential,False,False,106.44900000000001,"[2594, 332, 2228, 2616, 2205]",296,44.0,0.002,1.8799999952316284,1.0,"[982.5, 613.36, 1551.86, 5697.19, 619.19]",9464.1,2,nan,nan,nan,nan
96624763,96762605,0,351669850,North 2nd Street,residential,False,False,103.931,"[2592, 2573, 2230, 935]",832,40.0,0.003,1.9199999570846558,1.0,"[5105.03, 1005.58, 2889.87, 623.98]",9624.46,nan,nan,25 mph,nan,nan
96624763,96762604,0,683228866,2nd Street North,residential,False,True,104.60300000000001,"[2528, 2210, 2530, 932, 2566, 2544]",829,40.0,0.003,1.899999976158142,1.0,"[3772.3, 479.7, 657.98, 950.46, 797.66, 3040.57]",9698.67,nan,nan,25 mph,nan,nan
96624763,96624764,0,683228868,4th Avenue North,residential,False,False,109.00000000000001,"[1188, 2596, 2604, 2221, 336, 2236]",300,44.0,0.002,2.049999952316284,1.0,"[4486.96, 985.46, 759.58, 679.71, 1022.78, 2251.62]",10186.11,2,nan,nan,nan,nan
96624764,2922706575,0,83634153,4th Avenue North,residential,False,False,12.298,1262,995,44.0,0.0,2.059999942779541,1.0,[1205.51],1205.51,2,nan,nan,nan,nan
96624764,2922706576,0,351754104,3rd Street North,primary,True,False,105.338,335,299,56.0,0.002,1.9600000381469727,1.0,[16376.01],16376.01,2,FL A1A,35 mph,nan,nan
96624764,96632078,0,10874185,3rd Street North,primary,True,False,104.512,"[2219, 2220, 431]",394,56.0,0.002,2.0,1.0,"[2075.61, 6637.4, 7563.63]",16276.64,2,FL A1A,35 mph,nan,nan
96624765,96624766,0,83634153,4th Avenue North,residential,False,False,106.282,343,306,44.0,0.002,1.4800000190734863,1.0,[7897.82],7897.82,2,nan,nan,nan,nan
96624765,96824616,0,351669862,North 5th Street,residential,False,True,104.309,1059,924,44.0,0.002,1.6699999570846558,1.0,[8790.84],8790.84,nan,nan,nan,nan,nan
96624765,96832597,0,351669862,North 5th Street,residential,False,False,105.553,"[2291, 1070]",935,44.0,0.002,1.5499999523162842,1.0,"[4148.22, 4312.64]",8460.86,nan,nan,nan,nan,nan
96624766,96766576,0,10883745,North 6th Street,residential,False,True,104.697,945,842,44.0,0.002,1.0099999904632568,1.0,[6016.78],6016.78,nan,nan,nan,nan,nan
96624766,96624767,0,83634153,4th Avenue North,residential,False,False,106.272,347,311,44.0,0.002,1.3300000429153442,1.0,[7322.35],7322.35,2,nan,nan,nan,nan
96624766,96766572,0,10883745,North 6th Street,residential,False,False,105.739,"[2296, 940]",839,44.0,0.002,1.1200000047683716,1.0,"[3282.49, 3488.47]",6770.96,nan,nan,nan,nan,nan
96624767,96772159,0,10884265,7th Street North,residential,False,True,105.465,978,873,44.0,0.002,1.3300000429153442,1.0,[6701.25],6701.25,nan,nan,nan,nan,nan
96624767,96772158,0,10884265,7th Street North,residential,False,False,104.239,973,868,44.0,0.002,1.3300000429153442,1.0,[5896.4],5896.4,nan,nan,nan,nan,nan
96624767,96624770,0,83634153,4th Avenue North,residential,False,False,107.136,350,314,44.0,0.002,1.559999942779541,1.0,[8445.96],8445.96,2,nan,nan,nan,nan
96624770,96723852,0,10880336,North 8th Street,residential,False,False,104.287,838,765,44.0,0.002,1.5700000524520874,1.0,[8534.85],8534.85,nan,nan,nan,nan,nan
96624770,96624771,0,83634153,4th Avenue North,residential,False,False,106.637,354,317,44.0,0.002,1.559999942779541,1.0,[7275.42],7275.42,2,nan,nan,nan,nan
96624771,96631228,0,10874111,North 9th Street,residential,False,False,104.554,408,372,44.0,0.002,0.7400000095367432,1.0,[4716.51],4716.51,nan,nan,nan,nan,nan
96624771,96624773,0,83634153,4th Avenue North,residential,False,False,107.333,358,322,44.0,0.002,0.7400000095367432,1.0,[3656.99],3656.99,2,nan,nan,nan,nan
96624771,96631230,0,10874111,North 9th Street,residential,False,True,105.098,"[413, 2350]",379,44.0,0.002,0.75,0.8326959374097986,"[216.41, 2570.84]",2787.25,nan,nan,nan,nan,nan
96624773,4377180256,0,10886114,North 10th Street,residential,False,True,97.379,2052,1089,56.0,0.002,0.11999999731779099,0.15206630250767447,[122.17],122.17,2,nan,35 mph,nan,nan
96624773,96791302,0,10886114,North 10th Street,residential,False,False,104.292,1007,898,56.0,0.002,0.20999999344348907,0.7023785479205042,[785.63],785.63,2,nan,35 mph,nan,nan
96624773,96624774,0,83634153,4th Avenue North,residential,False,False,87.52799999999999,"[362, 2351]",326,44.0,0.002,0.11999999731779099,0.028834214567358102,"[nan, 20.83]",20.83,2,nan,nan,nan,nan
96624774,96791343,0,10886116,11th Street North,residential,False,False,95.453,1016,907,44.0,0.002,0.0,0.0,[nan],0.0,nan,nan,nan,nan,nan
96624774,96791360,0,10886116,11th Street North,residential,False,True,111.932,"[1024, 1026, 1028, 1030, 1032, 2381, 2383, 1020, 1022]",912,44.0,0.003,0.0,0.0,"[nan, nan, nan, nan, nan, nan, nan, nan, nan]",0.0,nan,nan,nan,nan,nan
96624774,96624775,0,83634153,4th Avenue North,residential,False,False,277.225,"[366, 2407]",330,44.0,0.006,0.5099999904632568,0.7016923619511466,"[3405.41, 2355.67]",5761.08,2,nan,nan,nan,nan
96624775,96653909,0,10875608,Palm Tree Road,residential,False,True,90.73,565,518,44.0,0.002,0.7099999785423279,1.0,[3911.37],3911.37,nan,nan,nan,nan,nan
96624775,96653908,0,10875608,Palm Tree Road,residential,False,False,96.405,"[2384, 561]",514,44.0,0.002,0.5099999904632568,0.8985432582795908,"[278.81, 1361.06]",1639.87,nan,nan,nan,nan,nan
96625121,96825463,0,444454367,1st Street South,tertiary,False,True,104.514,"[1064, 1168, 1701, 1087]",929,50.0,0.002,2.109999895095825,1.0,"[1376.63, 810.75, 4594.52, 4939.51]",11721.41,2,nan,nan,nan,nan
96625121,96832915,0,444454367,1st Street South,tertiary,False,False,106.445,"[1409, 1169, 1084, 1077]",942,50.0,0.002,2.4800000190734863,1.0,"[1255.24, 1063.12, 3988.84, 6453.93]",12761.13,2,nan,nan,nan,nan
96625122,2922788761,0,434963585,4th Avenue South,residential,False,False,17.488,1313,1045,44.0,0.0,2.119999885559082,1.0,[1720.82],1720.82,nan,nan,nan,nan,nan
96625122,96632604,0,10874232,3rd Street South,primary,True,False,105.36699999999999,"[1824, 370]",335,56.0,0.002,2.119999885559082,1.0,"[8398.86, 8615.1]",17013.96,2,FL A1A,35 mph,nan,nan
96625122,96625124,0,434963585,4th Avenue South,residential,False,True,105.33399999999999,"[1826, 1828, 1830, 1907, 2868, 376]",340,44.0,0.002,2.369999885559082,1.0,"[1553.54, 2255.39, 2115.8, 1330.37, 534.17, 2760.64]",10549.91,nan,nan,nan,nan,nan
96625122,96632602,0,10874232,3rd Street South,primary,True,False,104.593,"[1904, 1905, 443]",407,56.0,0.002,2.309999942779541,1.0,"[1685.75, 7277.68, 8889.81]",17853.24,2,FL A1A,35 mph,nan,nan
96625124,96755251,0,10882817,South 4th Street,residential,False,True,105.006,"[1832, 1834, 923]",823,44.0,0.002,2.359999895095825,1.0,"[5245.69, 2133.35, 3390.11]",10769.15,nan,nan,nan,nan,nan
96625124,96755249,0,10882817,South 4th Street,residential,False,False,104.535,"[1902, 918]",818,44.0,0.002,2.309999942779541,1.0,"[5465.7, 5264.52]",10730.22,nan,nan,nan,nan,nan
96625124,96625125,0,434963585,4th Avenue South,residential,False,True,104.756,"[380, 1909]",344,44.0,0.002,2.259999990463257,1.0,"[5889.32, 4263.99]",10153.31,nan,nan,nan,nan,nan
96625125,96665467,0,10876469,South 5th Street,residential,False,False,105.6,674,613,44.0,0.002,1.809999942779541,1.0,[8479.6],8479.6,nan,nan,nan,nan,nan
96625125,96625126,0,434963585,4th Avenue South,residential,False,True,107.973,384,347,44.0,0.002,1.809999942779541,1.0,[9069.73],9069.73,nan,nan,nan,nan,nan
96625125,96665468,0,10876469,South 5th Street,residential,False,True,104.387,"[2677, 679]",620,44.0,0.002,1.809999942779541,1.0,"[4642.73, 4691.97]",9334.7,nan,nan,nan,nan,nan
96625126,96716413,0,10879843,South 6th Street,residential,False,False,105.736,811,738,44.0,0.002,1.3700000047683716,1.0,[7327.5],7327.5,nan,nan,nan,nan,nan
96625126,96625127,0,434963585,4th Avenue South,residential,False,True,105.398,388,349,44.0,0.002,1.3799999952316284,1.0,[7858.55],7858.55,nan,nan,nan,nan,nan
96625126,96716416,0,10879843,South 6th Street,residential,False,True,104.38300000000001,"[816, 2675]",745,44.0,0.002,1.3899999856948853,1.0,"[3859.89, 3845.38]",7705.27,nan,nan,nan,nan,nan
96625127,96772625,0,10884324,7th Street South,residential,False,True,105.554,"[1000, 1891, 1893]",897,44.0,0.002,1.2400000095367432,1.0,"[893.62, 5666.52, 744.86]",7305.0,nan,nan,nan,nan,nan
96625127,96772623,0,10884324,7th Street South,residential,False,False,104.53,"[2672, 995, 2742]",893,44.0,0.002,1.2699999809265137,1.0,"[2334.6, 3422.03, 1339.38]",7096.01,nan,nan,nan,nan,nan
96625127,96625128,0,434963585,4th Avenue South,residential,False,True,106.608,"[392, 2671]",356,44.0,0.002,1.2400000095367432,1.0,"[2412.26, 4494.82]",6907.08,nan,nan,nan,nan,nan
96625128,96625129,0,434963585,4th Avenue South,residential,False,True,107.808,396,358,44.0,0.002,0.9200000166893005,1.0,[4541.3],4541.3,nan,nan,nan,nan,nan
96625128,96825465,0,10894908,South 8th Street,residential,False,True,104.93100000000001,"[1066, 2886]",932,44.0,0.002,0.9200000166893005,1.0,"[2921.37, 2831.44]",5752.81,nan,nan,nan,nan,nan
96625128,96832919,0,10894908,South 8th Street,residential,False,False,104.217,"[1080, 1112, 2668]",948,44.0,0.002,0.9200000166893005,1.0,"[1303.59, 1502.15, 2839.53]",5645.27,nan,nan,nan,nan,nan
96625129,96625130,0,434963585,4th Avenue South,residential,False,True,107.407,400,362,44.0,0.002,0.27000001072883606,0.8346183672314098,[1117.1],1117.1,nan,nan,nan,nan,nan
96625129,96770929,0,10884136,South 9th Street,tertiary,False,True,106.74199999999999,"[960, 2665]",858,50.0,0.002,0.4399999976158142,1.0,"[1826.3, 1083.26]",2909.56,2,nan,nan,nan,nan
96625129,96770925,0,10884136,South 9th Street,tertiary,False,False,103.89500000000001,"[2666, 955]",855,50.0,0.002,0.4099999964237213,1.0,"[1386.6, 1416.05]",2802.65,2,nan,nan,nan,nan
96625130,96625131,0,434963585,4th Avenue South,residential,False,True,76.648,403,366,44.0,0.002,0.2800000011920929,0.8851964982581808,[722.58],722.58,nan,nan,nan,nan,nan
96625130,96700806,0,10878786,10th Street South,residential,False,True,107.89,"[774, 2663]",709,44.0,0.002,0.27000001072883606,0.9266337816689121,"[970.39, 292.76]",1263.15,2,nan,nan,nan,nan
96625130,96700805,0,10878786,10th Street South,residential,False,False,105.176,"[1962, 770]",705,44.0,0.002,0.07999999821186066,0.08447885642319439,"[53.31, nan]",53.31,2,nan,nan,nan,nan
96625131,96661180,0,10886158,11th Street South,residential,False,True,105.843,576,527,44.0,0.002,0.12999999523162842,0.7077451871512125,[424.49],424.49,nan,nan,nan,nan,nan
96625131,96758648,0,10883108,South 4th Avenue,residential,False,True,26.258000000000003,"[1960, 926]",825,44.0,0.001,0.25,1.0,"[189.19, 142.68]",331.87,nan,nan,nan,nan,nan
96631227,96634599,0,10874354,1st Avenue North,residential,False,True,107.12,"[497, 2699, 2089]",461,44.0,0.002,0.6499999761581421,1.0,"[2069.45, 1121.01, 751.63]",3942.09,nan,nan,nan,nan,nan
96631227,96634597,0,10874354,1st Avenue North,residential,False,False,106.095,"[2648, 492]",455,44.0,0.002,1.1100000143051147,1.0,"[683.6, 5030.01]",5713.61,nan,nan,nan,nan,nan
96631228,96791302,0,444454418,3rd Avenue North,residential,False,True,106.85,1009,900,44.0,0.002,0.6600000262260437,1.0,[3477.97],3477.97,nan,nan,nan,nan,nan
96631228,96723852,0,444454418,3rd Avenue North,residential,False,False,106.023,840,767,44.0,0.002,1.4600000381469727,1.0,[6924.79],6924.79,nan,nan,nan,nan,nan
96631230,96791303,0,444563942,5th Avenue North,residential,False,True,108.666,1012,903,44.0,0.002,0.4300000071525574,1.0,[2287.42],2287.42,nan,nan,nan,nan,nan
96631230,96772159,0,444563942,5th Avenue North,residential,False,False,212.943,979,874,44.0,0.005,1.6100000143051147,1.0,[14934.0],14934.0,nan,nan,nan,nan,nan
96631230,96631231,0,10874111,North 9th Street,residential,False,True,104.417,"[417, 2348]",381,44.0,0.002,0.6399999856948853,1.0,"[3139.49, 222.33]",3361.82,nan,nan,nan,nan,nan
96631231,96631232,0,10874111,North 9th Street,residential,False,True,105.383,421,385,44.0,0.002,0.8700000047683716,1.0,[3775.55],3775.55,nan,nan,nan,nan,nan
96631231,96661714,0,10876164,6th Avenue North,residential,False,True,107.95400000000001,"[2377, 601]",554,44.0,0.002,0.6399999856948853,1.0,"[2768.33, 74.61]",2842.94,nan,nan,nan,nan,nan
96631231,96661711,0,10876164,6th Avenue North,residential,False,False,213.21699999999998,"[596, 2372]",549,44.0,0.005,1.3799999952316284,1.0,"[7538.11, 6271.44]",13809.55,nan,nan,nan,nan,nan
96631232,96631233,0,10874111,North 9th Street,residential,False,True,104.315,424,388,44.0,0.002,0.8700000047683716,0.8019080791897092,[2650.69],2650.69,nan,nan,nan,nan,nan
96631232,96699063,0,10878701,7th Avenue North,residential,False,True,108.571,736,675,44.0,0.002,0.8700000047683716,1.0,[4152.62],4152.62,nan,nan,nan,nan,nan
96631232,96699061,0,10878701,7th Avenue North,residential,False,False,212.97199999999998,"[2345, 732]",673,44.0,0.005,1.4600000381469727,1.0,"[5697.57, 8322.38]",14019.95,nan,nan,nan,nan,nan
96631233,96791305,0,83591046,8th Avenue North,residential,False,True,106.52199999999999,"[2369, 1015]",906,44.0,0.002,0.3799999952316284,0.7581725487159372,"[1119.67, 66.7]",1186.37,2,nan,nan,nan,nan
96631233,96772161,0,83591046,8th Avenue North,residential,False,False,214.274,"[1118, 982]",878,44.0,0.005,1.4299999475479126,1.0,"[3701.05, 8413.68]",12114.73,2,nan,nan,nan,nan
96632075,2922706572,0,10874354,1st Avenue North,residential,False,True,11.479,1256,988,44.0,0.0,1.6799999475479126,1.0,[1009.0],1009.0,nan,nan,nan,nan,nan
96632075,96634587,0,10874354,1st Avenue North,residential,False,False,108.134,"[2187, 2193, 2553, 476, 2559]",439,44.0,0.002,1.8600000143051147,1.0,"[3927.08, 1261.41, 771.12, 780.57, 2817.41]",9557.59,nan,nan,nan,nan,nan
96632075,2124932342,0,10874185,3rd Street North,primary,True,False,188.766,"[1248, 2144, 2760, 427, 2133, 2807, 1245, 1247]",983,56.0,0.003,1.8300000429153442,1.0,"[3244.5, 7105.21, 3754.47, 4454.12, 688.74, 3713.62, 2123.5, 2864.21]",27948.37,2,FL A1A,35 mph,nan,nan
96632078,96762604,0,10889302,3rd Avenue North,residential,False,False,109.20700000000001,"[1184, 929, 1186, 2563, 2212, 2214, 2217, 2226, 2557, 1182]",826,44.0,0.002,1.9800000190734863,1.0,"[714.52, 755.53, 2122.81, 1044.21, 1348.54, 1167.75, 1377.83, 286.53, 1137.33, 203.78]",10158.83,nan,nan,nan,nan,nan
96632083,2922706577,0,10876164,6th Avenue North,residential,False,True,12.272,1268,1000,44.0,0.0,2.0,1.0,[1191.0],1191.0,nan,nan,nan,nan,nan
96632083,96661706,0,10876164,6th Avenue North,residential,False,False,108.514,"[584, 2600, 2254, 2608, 2258, 2260]",535,44.0,0.002,2.119999885559082,1.0,"[817.61, 1033.59, 1039.01, 1431.02, 4410.08, 1716.8]",10448.11,nan,nan,nan,nan,nan
96632083,96632088,0,351754104,3rd Street North,primary,True,False,104.81200000000001,"[435, 2262]",398,56.0,0.002,2.0299999713897705,1.0,"[8389.57, 8162.25]",16551.82,2,FL A1A,35 mph,nan,nan
96632083,2922706576,0,351754104,3rd Street North,primary,True,False,100.875,1266,998,56.0,0.002,2.009999990463257,1.0,[15860.65],15860.65,2,FL A1A,35 mph,nan,nan
96632088,2922706578,0,10878701,7th Avenue North,residential,False,True,12.872,1271,1003,44.0,0.0,1.909999966621399,1.0,[1197.1],1197.1,nan,nan,nan,nan,nan
96632088,96699058,0,10878701,7th Avenue North,residential,False,False,105.565,"[720, 2610, 2602]",659,44.0,0.002,2.0,1.0,"[484.44, 8581.26, 691.08]",9756.78,nan,nan,nan,nan,nan
96632088,96632090,0,351754104,3rd Street North,primary,True,False,103.507,"[2362, 2363, 438]",401,56.0,0.002,1.9199999570846558,1.0,"[2730.94, 8054.02, 5187.92]",15972.88,2,FL A1A,35 mph,nan,nan
96632090,2922706579,0,83591046,8th Avenue North,residential,False,True,13.42,1274,1006,44.0,0.0,1.9199999570846558,1.0,[1276.24],1276.24,2,nan,nan,nan,nan
96632090,96762607,0,83591046,8th Avenue North,residential,False,False,105.881,"[2360, 937, 2626, 2628]",834,44.0,0.002,2.0299999713897705,1.0,"[2053.1, 523.97, 817.44, 6351.92]",9746.43,2,nan,nan,nan,nan
96632600,96635105,0,288720070,1st Avenue South,residential,False,True,106.68400000000001,"[512, 2824, 1839, 1843, 1914, 1917]",473,44.0,0.002,2.069999933242798,1.0,"[1797.47, 861.21, 4327.25, 1779.31, 309.55, 965.95]",10040.74,nan,nan,nan,nan,nan
96632602,2922788762,0,122483551,3rd Avenue South,residential,False,False,16.929,1315,1048,44.0,0.0,2.2699999809265137,1.0,[1720.41],1720.41,nan,nan,nan,nan,nan
96632602,96755249,0,122483551,3rd Avenue South,residential,False,True,105.808,"[1898, 1901, 2834, 1911, 921]",820,44.0,0.002,2.309999942779541,1.0,"[5050.42, 441.68, 856.65, 2898.27, 1381.35]",10628.37,nan,nan,nan,nan,nan
96632604,96632605,0,10874232,3rd Street South,primary,True,False,104.092,446,409,56.0,0.002,2.180000066757202,1.0,[16995.81],16995.81,2,FL A1A,35 mph,nan,nan
96632604,2922788760,0,83591037,5th Avenue South,residential,False,False,16.027,1309,1042,44.0,0.0,1.9800000190734863,1.0,[1516.15],1516.15,2,nan,nan,nan,nan
96632604,96755251,0,83591037,5th Avenue South,residential,False,True,106.811,"[1817, 2866, 925, 1823]",824,44.0,0.002,2.1500000953674316,1.0,"[834.1, 619.48, 6189.46, 2803.05]",10446.09,2,nan,nan,nan,nan
96632605,2922788759,0,122483553,6th Avenue South,residential,False,False,15.834,1306,1039,44.0,0.0,2.069999933242798,1.0,[1549.16],1549.16,nan,nan,nan,nan,nan
96632605,96632607,0,10874232,3rd Street South,primary,True,False,105.59100000000001,"[449, 1597]",413,56.0,0.002,2.069999933242798,1.0,"[8081.12, 8933.09]",17014.21,2,FL A1A,35 mph,nan,nan
96632605,96662035,0,122483553,6th Avenue South,residential,False,True,105.966,"[624, 2864, 1819, 1821, 1599]",565,44.0,0.002,2.140000104904175,1.0,"[2451.06, 705.41, 2231.73, 2647.02, 2150.34]",10185.56,nan,nan,nan,nan,nan
96632607,96632608,0,10874232,3rd Street South,primary,True,False,103.804,452,415,56.0,0.002,2.190000057220459,1.0,[16934.03],16934.03,2,FL A1A,35 mph,nan,nan
96632607,2922788758,0,10878731,7th Avenue South,residential,False,False,16.093,1303,1036,44.0,0.0,1.850000023841858,1.0,[1491.82],1491.82,nan,nan,nan,nan,nan
96632607,96699491,0,10878731,7th Avenue South,residential,False,True,46.538,"[746, 748, 2862, 1607]",686,44.0,0.001,2.0299999713897705,1.0,"[907.79, 1192.89, 754.14, 1569.59]",4424.41,nan,nan,nan,nan,nan
96632608,2922788757,0,122483554,8th Avenue South,residential,False,False,14.896,1300,1033,44.0,0.0,2.0899999141693115,1.0,[1470.79],1470.79,nan,nan,nan,nan,nan
96632608,96632610,0,10874232,3rd Street South,primary,True,False,105.162,"[1592, 455]",419,56.0,0.002,2.309999942779541,1.0,"[8327.18, 9630.75]",17957.93,2,FL A1A,35 mph,nan,nan
96632608,96755224,0,122483554,8th Avenue South,residential,False,True,63.85900000000001,"[1594, 2860, 902, 1591]",809,44.0,0.001,2.2100000381469727,1.0,"[1010.57, 835.93, 2914.43, 1541.87]",6302.8,nan,nan,nan,nan,nan
96632610,2922788756,0,122483555,9th Avenue South,residential,False,False,13.37,1297,1030,44.0,0.0,2.309999942779541,1.0,[1377.28],1377.28,nan,nan,nan,nan,nan
96632610,96632611,0,10874232,3rd Street South,primary,True,False,104.793,"[458, 1587]",422,56.0,0.002,2.309999942779541,1.0,"[9126.31, 8769.6]",17895.91,2,FL A1A,35 mph,nan,nan
96632610,96732169,0,122483555,9th Avenue South,residential,False,True,85.6,"[2858, 846, 848, 1586, 852]",775,44.0,0.002,2.3499999046325684,1.0,"[1029.47, 4723.66, 1095.3, 1105.0, 654.36]",8607.79,nan,nan,nan,nan,nan
96632611,2922788755,0,122483547,10th Avenue South,residential,False,False,13.012,1294,1027,44.0,0.0,2.2200000286102295,1.0,[1310.63],1310.63,nan,nan,nan,nan,nan
96632611,96632614,0,10874232,3rd Street South,primary,True,False,104.148,"[1571, 461, 1582]",425,56.0,0.002,2.359999895095825,1.0,"[8003.16, 7415.57, 2613.96]",18032.69,2,FL A1A,35 mph,nan,nan
96632611,96687747,0,122483547,10th Avenue South,residential,False,True,101.79299999999999,"[1568, 2856, 1577, 1581, 1589, 694]",633,44.0,0.002,2.4100000858306885,1.0,"[1838.27, 742.15, 1788.09, 1532.81, 814.65, 3938.39]",10654.36,nan,nan,nan,nan,nan
96632614,2922788754,0,10880199,11th Avenue South,residential,False,False,15.316,1291,1024,44.0,0.0,2.359999895095825,1.0,[1613.92],1613.92,nan,nan,nan,nan,nan
96632614,96721666,0,10880199,11th Avenue South,residential,False,True,107.61699999999999,"[1570, 1573, 2854, 1575, 1579, 823, 1561, 1566]",751,44.0,0.002,2.4200000762939453,1.0,"[3721.18, 648.6, 790.26, 1317.08, 1400.02, 1872.46, 332.56, 987.71]",11069.87,nan,nan,nan,nan,nan
96632615,2922788752,0,83591029,13th Avenue South,tertiary,False,True,16.831,1286,1018,50.0,0.0,2.4600000381469727,1.0,[2098.62],2098.62,2,nan,nan,nan,nan
96632615,96755038,0,83591029,13th Avenue South,tertiary,False,False,108.095,"[2849, 1538, 1540, 1551, 1556, 1534, 895]",802,50.0,0.002,2.6700000762939453,1.0,"[873.34, 1887.02, 2608.17, 1561.3, 1889.89, 2141.13, 2625.4]",13586.25,2,nan,nan,nan,nan
96632616,2922788750,0,10887552,15th Avenue South,residential,False,False,14.552,1279,1012,44.0,0.0,2.359999895095825,1.0,[1525.78],1525.78,nan,nan,nan,nan,nan
96632616,96632618,0,10874232,3rd Street South,primary,True,False,102.85199999999999,"[2838, 470, 1471]",434,56.0,0.002,2.619999885559082,1.0,"[1855.23, 9242.44, 7414.49]",18512.16,2,FL A1A,35 mph,nan,nan
96632616,96755244,0,10887552,15th Avenue South,residential,False,True,106.874,"[1473, 1477, 915, 1464, 2842, 1468]",816,44.0,0.002,2.6600000858306885,1.0,"[1142.08, 3940.99, 3440.38, 301.76, 659.02, 2024.67]",11508.9,nan,nan,nan,nan,nan
96632618,2922788749,0,83591065,16th Avenue South,tertiary,False,False,13.585,1276,1009,50.0,0.0,2.619999885559082,1.0,[1731.92],1731.92,2,nan,nan,nan,nan
96632618,96650996,0,83591065,16th Avenue South,tertiary,False,True,213.94899999999998,"[545, 1451, 1453, 1455, 2840, 1470]",501,50.0,0.004,2.619999885559082,1.0,"[5291.42, 9393.1, 4281.49, 3712.67, 1084.8, 3048.1]",26811.58,2,nan,nan,nan,nan
96634585,96634587,0,10874354,1st Avenue North,residential,False,True,106.804,"[1374, 1181, 1177, 1179, 477, 2526]",440,44.0,0.002,1.8600000143051147,1.0,"[1069.75, 2614.93, 1105.47, 2665.62, 591.71, 1381.08]",9428.56,nan,nan,nan,nan,nan
96634587,3574801804,0,683228866,2nd Street North,residential,False,True,189.57299999999998,"[928, 2146, 2148, 1349, 2154, 1204, 2135, 1175, 2137, 2139, 1207, 2143]",1071,40.0,0.005,2.140000104904175,1.0,"[2369.04, 1733.67, 334.9, 1690.01, 2169.78, 825.03, 2011.81, 456.36, 2243.71, 1759.21, 1057.78, 805.06]",17456.36,nan,nan,25 mph,nan,nan
96634592,96634594,0,10874354,1st Avenue North,residential,False,True,106.185,485,447,44.0,0.002,1.4900000095367432,1.0,[8183.25],8183.25,nan,nan,nan,nan,nan
96634592,96669949,0,351669862,North 5th Street,residential,False,False,104.207,"[683, 2116]",623,44.0,0.002,1.7799999713897705,1.0,"[5054.19, 3817.88]",8872.07,nan,nan,nan,nan,nan
96634594,96669951,0,10883745,North 6th Street,residential,False,False,105.254,685,624,44.0,0.002,1.4900000095367432,1.0,[8203.5],8203.5,nan,nan,nan,nan,nan
96634594,96634596,0,10874354,1st Avenue North,residential,False,True,105.914,"[489, 2107]",452,44.0,0.002,1.4500000476837158,1.0,"[3348.84, 4923.39]",8272.23,nan,nan,nan,nan,nan
96634596,96634597,0,10874354,1st Avenue North,residential,False,True,106.45499999999998,"[2651, 493]",456,44.0,0.002,1.399999976158142,1.0,"[6037.42, 1200.62]",7238.04,nan,nan,nan,nan,nan
96634599,96634605,0,10874354,1st Avenue North,residential,False,True,101.66600000000001,"[2081, 2695, 2697, 2703, 501, 503]",465,44.0,0.002,0.6499999761581421,1.0,"[672.36, 287.2, 760.15, 1465.55, 199.11, 331.07]",3715.44,nan,nan,nan,nan,nan
96634605,4377126987,0,10874354,1st Avenue North,residential,False,True,247.683,"[2025, 2027, 2033, 2036, 2037, 2039]",1084,44.0,0.006,0.8399999737739563,1.0,"[668.47, 1497.55, 3998.14, 3076.63, 876.11, 776.52]",10893.42,nan,nan,nan,nan,nan
96635103,4419335612,0,444454367,1st Street South,tertiary,False,False,103.831,"[1772, 1774, 1778, 2163, 1782, 1784]",1097,50.0,0.002,2.0299999713897705,1.0,"[6146.58, 456.41, 1017.85, 900.1, 1475.59, 1636.16]",11632.69,2,nan,nan,nan,nan
96635105,2124932338,0,10882817,South 4th Street,residential,False,False,145.595,"[2787, 1923, 1836, 1840, 916, 1241]",980,44.0,0.003,2.200000047683716,1.0,"[2447.87, 1026.82, 107.33, 4309.64, 4742.27, 1175.15]",13809.08,nan,nan,nan,nan,nan
96635105,96635107,0,288720070,1st Avenue South,residential,False,True,105.05,"[1928, 516, 2679]",477,44.0,0.002,2.049999952316284,1.0,"[5303.23, 1405.52, 2363.09]",9071.84,nan,nan,nan,nan,nan
96635107,96635109,0,288720070,1st Avenue South,residential,False,True,107.517,520,479,44.0,0.002,1.3700000047683716,1.0,[7374.59],7374.59,nan,nan,nan,nan,nan
96635107,96665463,0,10876469,South 5th Street,residential,False,False,103.417,"[1925, 1854, 671]",610,44.0,0.002,1.5499999523162842,1.0,"[1997.16, 4747.31, 1653.08]",8397.55,nan,nan,nan,nan,nan
96635109,96716412,0,10879843,South 6th Street,residential,False,False,103.953,"[1864, 1868, 807]",734,44.0,0.002,1.190000057220459,1.0,"[2897.45, 434.17, 3500.61]",6832.23,nan,nan,nan,nan,nan
96635109,96635111,0,288720070,1st Avenue South,residential,False,True,108.548,"[524, 1861, 1863]",485,44.0,0.002,1.1200000047683716,1.0,"[3653.64, 1785.34, 1119.07]",6558.05,nan,nan,nan,nan,nan
96635111,96772621,0,10884324,7th Street South,residential,False,False,102.326,991,886,44.0,0.002,1.190000057220459,1.0,[6925.42],6925.42,nan,nan,nan,nan,nan
96635111,96635112,0,288720070,1st Avenue South,residential,False,True,104.69,"[528, 1875]",489,44.0,0.002,1.1799999475479126,1.0,"[5121.24, 1652.34]",6773.58,nan,nan,nan,nan,nan
96635112,96635115,0,288720070,1st Avenue South,residential,False,True,106.828,532,492,44.0,0.002,0.949999988079071,1.0,[4732.48],4732.48,nan,nan,nan,nan,nan
96635112,96912619,0,10894908,South 8th Street,residential,False,False,104.595,"[1108, 1878]",955,44.0,0.002,1.149999976158142,1.0,"[3485.71, 3018.96]",6504.67,nan,nan,nan,nan,nan
96635115,96635116,0,288720070,1st Avenue South,residential,False,True,106.896,536,495,44.0,0.002,0.25999999046325684,0.49070045536856455,[612.59],612.59,nan,nan,nan,nan,nan
96635115,96770924,0,10884136,South 9th Street,tertiary,False,False,103.06,"[1880, 951]",848,50.0,0.002,0.4000000059604645,1.0,"[1186.52, 1554.31]",2740.83,2,nan,nan,nan,nan
96635116,96700804,0,10878786,10th Street South,residential,False,False,105.31199999999998,"[1882, 1966, 766]",699,44.0,0.002,0.0,0.0,"[nan, nan, nan]",0.0,2,nan,nan,nan,nan
96650991,1368581816,0,10875398,16th Avenue South,residential,False,True,36.288,1140,967,44.0,0.001,2.2899999618530273,1.0,[3691.85],3691.85,nan,nan,nan,nan,nan
96650996,96650998,0,83591065,16th Avenue South,tertiary,False,True,105.605,548,503,50.0,0.002,2.950000047683716,1.0,[13847.72],13847.72,2,nan,nan,nan,nan
96650996,96665450,0,91487795,South 5th Street,residential,False,False,103.802,656,595,44.0,0.002,2.640000104904175,1.0,[10893.22],10893.22,nan,nan,nan,nan,nan
96650998,96650999,0,83591065,16th Avenue South,tertiary,False,True,106.711,551,506,50.0,0.002,2.190000057220459,1.0,[9338.71],9338.71,2,nan,nan,nan,nan
96650998,96716409,0,85691282,South 6th Street,residential,False,False,104.678,805,732,44.0,0.002,2.190000057220459,1.0,[9979.03],9979.03,nan,nan,nan,nan,nan
96650999,96651000,0,83591065,16th Avenue South,tertiary,False,True,106.532,554,508,50.0,0.002,0.8500000238418579,1.0,[4973.48],4973.48,2,nan,nan,nan,nan
96650999,96772614,0,85691281,7th Street South,residential,False,False,106.729,989,884,44.0,0.002,0.9300000071525574,1.0,[5610.17],5610.17,nan,nan,nan,nan,nan
96651000,96808783,0,85691270,South 8th Street,residential,False,False,104.843,1052,921,44.0,0.002,0.46000000834465027,0.7909024718948426,[1523.66],1523.66,nan,nan,nan,nan,nan
96651000,96651001,0,83591065,16th Avenue South,tertiary,False,True,107.37700000000001,"[2753, 558]",513,50.0,0.002,0.7099999785423279,1.0,"[2127.8, 2270.76]",4398.56,2,nan,nan,nan,nan
96651001,96770943,0,10884136,South 9th Street,tertiary,False,False,104.513,969,864,50.0,0.002,0.6800000071525574,1.0,[3151.47],3151.47,2,nan,nan,nan,nan
96651001,1462034998,0,83591040,16th Avenue South,residential,False,True,76.116,1223,977,44.0,0.002,0.6800000071525574,1.0,[2392.46],2392.46,2,nan,nan,nan,nan
96653908,96791343,0,10889303,3rd Avenue North,residential,False,False,281.502,"[2403, 2405, 2409, 2411, 1018]",909,44.0,0.006,0.5600000023841858,0.7210756340999034,"[2121.64, 1026.42, 2796.59, 360.27, 89.44]",6394.36,nan,nan,nan,nan,nan
96653909,96653911,0,10875608,Palm Tree Road,residential,False,True,88.459,568,521,44.0,0.002,0.6800000071525574,1.0,[3759.33],3759.33,nan,nan,nan,nan,nan
96653909,96791360,0,10888757,5th Avenue North,residential,False,False,214.829,1033,910,44.0,0.005,0.8100000023841858,0.7062091331781777,[5392.18],5392.18,nan,nan,nan,nan,nan
96653911,96653912,0,10875608,Palm Tree Road,residential,False,True,89.256,571,523,44.0,0.002,0.47999998927116394,0.5557326202222025,[1413.67],1413.67,nan,nan,nan,nan,nan
96653911,96661721,0,10876164,6th Avenue North,residential,False,False,204.21300000000002,"[2386, 614]",556,44.0,0.005,0.5099999904632568,0.7039995822283516,"[3615.19, 866.11]",4481.3,nan,nan,nan,nan,nan
96653912,96699065,0,10878702,7th Avenue North,residential,False,False,188.979,739,678,44.0,0.004,0.3100000023841858,0.4638517417255776,[1392.57],1392.57,nan,nan,nan,nan,nan
96653912,96791361,0,"[10875608, 10887229]","['Palm Circle', 'Palm Tree Road']",residential,False,"[False, True]",269.956,"[1036, 573]",915,44.0,0.006,0.0,0.0,"[nan, nan]",0.0,nan,nan,nan,nan,nan
96661180,96661181,0,10876112,South 5th Avenue,residential,False,True,35.205,578,529,44.0,0.001,0.6499999761581421,1.0,[860.76],860.76,nan,nan,nan,nan,nan
96661180,96700806,0,83591018,5th Avenue South,residential,False,False,78.003,775,706,44.0,0.002,0.27000001072883606,0.3191498225697594,[322.07],322.07,nan,nan,nan,nan,nan
96661704,96661705,0,10876164,6th Avenue North,residential,False,True,70.868,"[2621, 581]",532,44.0,0.002,1.2400000095367432,1.0,"[4291.67, 547.79]",4839.46,nan,nan,nan,nan,nan
96661705,96661706,0,10876164,6th Avenue North,residential,False,True,105.815,"[2584, 585, 2613, 2247]",536,44.0,0.002,2.0199999809265137,1.0,"[542.19, 717.63, 3426.39, 4438.63]",9124.84,nan,nan,nan,nan,nan
96661705,96699057,0,687641943,1st Street North,tertiary,False,True,104.596,"[2576, 719]",658,50.0,0.002,1.2400000095367432,1.0,"[1043.32, 6945.85]",7989.17,2,nan,nan,nan,nan
96661705,6446330267,0,687641943,1st Street North,tertiary,False,False,92.46300000000002,"[2400, 2244, 2250, 1138, 2579, 2234]",1108,50.0,0.002,1.590000033378601,1.0,"[3304.65, 736.92, 558.02, 1169.8, 1035.31, 1684.57]",8489.27,2,nan,nan,nan,nan
96661706,96762605,0,351669850,North 2nd Street,residential,False,True,104.527,"[2243, 936, 2572, 2253, 2582]",833,40.0,0.003,2.0199999809265137,1.0,"[1189.65, 814.0, 875.62, 4600.22, 2209.44]",9688.93,nan,nan,25 mph,nan,nan
96661706,96699058,0,351669850,North 2nd Street,residential,False,False,104.86099999999999,"[2577, 722, 2263]",661,40.0,0.003,2.0199999809265137,1.0,"[932.08, 5106.81, 3988.47]",10027.36,nan,nan,25 mph,nan,nan
96661709,96661710,0,10876164,6th Avenue North,residential,False,True,106.11,593,544,44.0,0.002,1.5299999713897705,1.0,[8006.42],8006.42,nan,nan,nan,nan,nan
96661709,96824616,0,351669862,North 5th Street,residential,False,False,104.348,1058,923,44.0,0.002,1.659999966621399,1.0,[8721.89],8721.89,nan,nan,nan,nan,nan
96661709,96699059,0,351669862,North 5th Street,residential,False,True,104.318,"[2727, 727]",666,44.0,0.002,1.5299999713897705,1.0,"[4160.01, 3735.44]",7895.45,nan,nan,nan,nan,nan
96661710,96661711,0,10876164,6th Avenue North,residential,False,True,106.693,597,547,44.0,0.002,1.2000000476837158,1.0,[7157.18],7157.18,nan,nan,nan,nan,nan
96661710,96699060,0,10883745,North 6th Street,residential,False,True,104.521,731,670,44.0,0.002,1.1299999952316284,1.0,[6776.1],6776.1,nan,nan,nan,nan,nan
96661710,96766576,0,10883745,North 6th Street,residential,False,False,104.594,944,841,44.0,0.002,1.0399999618530273,1.0,[5551.29],5551.29,nan,nan,nan,nan,nan
96661711,96772159,0,10884265,7th Street North,residential,False,False,104.361,977,872,44.0,0.002,1.2300000190734863,1.0,[6728.15],6728.15,nan,nan,nan,nan,nan
96661711,96699061,0,10884265,7th Street North,residential,False,True,103.175,"[2371, 735]",674,44.0,0.002,1.2000000476837158,1.0,"[1517.73, 4201.61]",5719.34,nan,nan,nan,nan,nan
96661714,4377180264,0,10886114,North 10th Street,residential,False,True,99.317,2070,1095,56.0,0.002,0.12999999523162842,0.08935146318644045,[69.88],69.88,2,nan,35 mph,nan,nan
96661714,4377180251,0,10886114,North 10th Street,residential,False,False,95.559,2040,1085,56.0,0.002,0.12999999523162842,0.2457098300911368,[162.89],162.89,2,nan,35 mph,nan,nan
96661714,96661721,0,10876164,6th Avenue North,residential,False,True,131.906,"[609, 611, 613, 2375, 615, 605, 607]",557,44.0,0.003,0.12999999523162842,0.02275649192387542,"[nan, nan, nan, nan, nan, 24.0, nan]",24.0,nan,nan,nan,nan,nan
96661721,96699065,0,10886116,11th Street North,residential,False,True,90.647,741,680,44.0,0.002,0.0,0.0,[nan],0.0,nan,nan,nan,nan,nan
96661721,96791360,0,10886116,11th Street North,residential,False,False,91.081,"[2378, 1031]",911,44.0,0.002,0.0,0.0,"[nan, nan]",0.0,nan,nan,nan,nan,nan
96662032,96699488,0,444454367,1st Street South,tertiary,False,True,106.483,"[1699, 744, 1707, 1164, 1709, 1166, 1711, 1713]",683,50.0,0.002,2.0799999237060547,1.0,"[1380.92, 814.89, 1982.03, 1739.64, 2096.98, 536.75, 1422.73, 1941.22]",11915.16,2,nan,nan,nan,nan
96662032,96825463,0,444454367,1st Street South,tertiary,False,False,102.011,"[1704, 1724, 1063]",928,50.0,0.002,2.049999952316284,1.0,"[4153.16, 5779.93, 1079.44]",11012.53,2,nan,nan,nan,nan
96662035,96662047,0,10882817,South 4th Street,residential,False,True,22.55,643,580,44.0,0.001,2.109999895095825,1.0,[2210.46],2210.46,nan,nan,nan,nan,nan
96662035,96755251,0,10882817,South 4th Street,residential,False,False,103.726,922,821,44.0,0.002,2.140000104904175,1.0,[10234.98],10234.98,nan,nan,nan,nan,nan
96662035,1062545784,0,122483553,6th Avenue South,residential,False,True,27.74,1130,964,44.0,0.001,2.1700000762939453,1.0,[2783.29],2783.29,nan,nan,nan,nan,nan
96662036,96665468,0,10876469,South 5th Street,residential,False,False,103.5,678,617,44.0,0.002,2.0799999237060547,1.0,[9405.93],9405.93,nan,nan,nan,nan,nan
96662036,1062545784,0,122483553,6th Avenue South,residential,False,False,77.69,1129,963,44.0,0.002,2.1600000858306885,1.0,[7775.8],7775.8,nan,nan,nan,nan,nan
96662041,96662042,0,10876202,6th Avenue South,residential,False,True,108.908,635,573,44.0,0.002,1.0399999618530273,1.0,[6009.54],6009.54,nan,nan,nan,nan,nan
96662041,96699497,0,10894908,South 8th Street,residential,False,True,101.732,758,690,44.0,0.002,1.2799999713897705,1.0,[5726.65],5726.65,nan,nan,nan,nan,nan
96662041,96825465,0,10894908,South 8th Street,residential,False,False,107.218,1065,930,44.0,0.002,1.100000023841858,1.0,[6283.63],6283.63,nan,nan,nan,nan,nan
96662042,96662043,0,10876202,6th Avenue South,residential,False,True,106.41300000000001,"[2747, 638]",577,44.0,0.002,0.5099999904632568,1.0,"[989.29, 1807.44]",2796.73,nan,nan,nan,nan,nan
96662042,96699498,0,10884136,South 9th Street,tertiary,False,True,105.821,"[2689, 762, 2691]",695,50.0,0.002,0.6800000071525574,1.0,"[816.08, 3187.93, 874.39]",4878.4,2,nan,nan,nan,nan
96662042,96770929,0,10884136,South 9th Street,tertiary,False,False,102.185,"[2748, 959]",857,50.0,0.002,0.5099999904632568,1.0,"[2273.65, 1733.48]",4007.13,2,nan,nan,nan,nan
96662043,96699499,0,10878786,10th Street South,residential,False,True,108.189,"[2661, 765]",698,44.0,0.002,0.44999998807907104,1.0,"[2587.22, 328.89]",2916.11,2,nan,nan,nan,nan
96662043,96700806,0,10878786,10th Street South,residential,False,False,99.269,"[2658, 773, 2750]",708,44.0,0.002,0.27000001072883606,1.0,"[111.82, 614.35, 703.79]",1429.96,2,nan,nan,nan,nan
96662047,1062545784,0,10876203,6th Avenue South,residential,False,True,41.762,"[1128, 1237, 1134]",965,44.0,0.001,2.1500000953674316,1.0,"[1198.37, 1007.66, 1949.3]",4155.33,nan,nan,nan,nan,nan
96662047,96699491,0,"[10876203, 10882814]","['South 4th Street', '6th Avenue South']",residential,False,"[False, True]",139.44899999999998,"[1600, 1602, 1605, 1131, 750, 1136, 1596]",687,44.0,0.003,1.9500000476837158,1.0,"[2062.35, 881.24, 1576.21, 3433.48, 3910.55, 536.36, 595.76]",12995.95,nan,nan,nan,nan,nan
96665443,96665445,0,10876467,South 5th Street,residential,False,True,27.52,648,587,44.0,0.001,1.9500000476837158,1.0,[2592.38],2592.38,nan,nan,nan,nan,nan
96665443,96665457,0,10889535,10th Place South,residential,False,True,79.856,659,598,44.0,0.002,1.8600000143051147,1.0,[7213.39],7213.39,nan,nan,nan,nan,nan
96665443,96687749,0,10889535,10th Place South,residential,False,False,63.184000000000005,"[1095, 1097, 1099, 1101, 695]",636,44.0,0.001,2.0399999618530273,1.0,"[851.51, 445.97, 876.74, 2924.39, 914.92]",6013.53,nan,nan,nan,nan,nan
96665445,96665447,0,10876467,South 5th Street,residential,False,True,104.235,651,590,44.0,0.002,1.9500000476837158,1.0,[9388.37],9388.37,nan,nan,nan,nan,nan
96665445,96687750,0,122483547,10th Avenue South,residential,False,True,105.947,700,639,44.0,0.002,2.009999990463257,1.0,[10003.52],10003.52,nan,nan,nan,nan,nan
96665445,96687749,0,122483547,10th Avenue South,residential,False,False,47.1,696,634,44.0,0.001,2.0399999618530273,1.0,[4457.01],4457.01,nan,nan,nan,nan,nan
96665447,96716407,0,10880199,11th Avenue South,residential,False,True,105.795,798,725,44.0,0.002,1.840000033378601,1.0,[9210.51],9210.51,nan,nan,nan,nan,nan
96665447,96721666,0,10880199,11th Avenue South,residential,False,False,105.688,822,749,44.0,0.002,2.2100000381469727,1.0,[10175.49],10175.49,nan,nan,nan,nan,nan
96665450,96716409,0,10887552,15th Avenue South,residential,False,True,105.311,804,731,44.0,0.002,2.640000104904175,1.0,[10776.47],10776.47,nan,nan,nan,nan,nan
96665450,96755244,0,10887552,15th Avenue South,residential,False,False,106.586,914,813,44.0,0.002,2.700000047683716,1.0,[11823.05],11823.05,nan,nan,nan,nan,nan
96665457,96665458,0,10876468,South 5th Street,residential,False,True,77.36,661,600,44.0,0.002,2.1600000858306885,1.0,[7589.02],7589.02,nan,nan,nan,nan,nan
96665457,96772612,0,10889535,10th Place South,residential,False,True,134.441,986,880,44.0,0.003,1.809999942779541,1.0,[11022.57],11022.57,nan,nan,nan,nan,nan
96665458,96665459,0,10876468,South 5th Street,residential,False,True,74.649,665,604,44.0,0.002,2.200000047683716,1.0,[7547.01],7547.01,nan,nan,nan,nan,nan
96665458,96732169,0,122483555,9th Avenue South,residential,False,False,203.14000000000001,"[857, 851, 853, 855]",774,44.0,0.005,2.2300000190734863,1.0,"[17651.66, 917.92, 425.63, 645.77]",19640.98,nan,nan,nan,nan,nan
96665459,96755227,0,10886049,Lower 8th Avenue South,residential,False,False,196.782,"[905, 2740]",812,44.0,0.004,2.309999942779541,1.0,"[4601.89, 15391.09]",19992.98,nan,nan,nan,nan,nan
96665460,96699491,0,10878731,7th Avenue South,residential,False,False,198.018,747,684,44.0,0.005,2.140000104904175,1.0,[19341.62],19341.62,nan,nan,nan,nan,nan
96665463,96716412,0,10897442,Shetter Avenue,residential,False,True,106.33500000000001,"[1952, 1857, 1859, 810, 1948]",737,44.0,0.002,1.5499999523162842,1.0,"[2475.9, 2714.62, 1348.1, 1109.22, 264.76]",7912.6,nan,nan,nan,nan,nan
96665467,96716413,0,122483551,3rd Avenue South,residential,False,True,107.049,814,741,44.0,0.002,1.4199999570846558,1.0,[8066.14],8066.14,nan,nan,nan,nan,nan
96665467,96755249,0,122483551,3rd Avenue South,residential,False,False,107.071,920,817,44.0,0.002,2.309999942779541,1.0,[9792.71],9792.71,nan,nan,nan,nan,nan
96665468,96716416,0,83591037,5th Avenue South,residential,False,True,105.675,818,744,44.0,0.002,1.7200000286102295,1.0,[8582.77],8582.77,2,nan,nan,nan,nan
96665468,96755251,0,83591037,5th Avenue South,residential,False,False,106.612,924,822,44.0,0.002,2.140000104904175,1.0,[9914.92],9914.92,2,nan,nan,nan,nan
96669949,96669951,0,351669863,Pablo Avenue,residential,False,True,105.955,687,625,44.0,0.002,1.7799999713897705,1.0,[9150.27],9150.27,nan,nan,nan,nan,nan
96687746,96721662,0,444454367,1st Street South,tertiary,False,True,105.237,"[1650, 1154, 821, 1615]",748,50.0,0.002,2.1700000762939453,1.0,"[719.68, 803.77, 5904.45, 4480.49]",11908.39,2,nan,nan,nan,nan
96687746,96732155,0,444454367,1st Street South,tertiary,False,False,104.507,"[1666, 1155, 1668, 1157, 843]",770,50.0,0.002,2.1600000858306885,1.0,"[2215.54, 804.31, 2864.88, 5110.91, 787.74]",11783.38,2,nan,nan,nan,nan
96687747,96687749,0,122483547,10th Avenue South,residential,False,True,64.567,697,635,44.0,0.001,2.2899999618530273,1.0,[6490.6],6490.6,nan,nan,nan,nan,nan
96687747,96721666,0,10882814,South 4th Street,residential,False,True,108.434,"[825, 909, 911]",752,44.0,0.002,2.2899999618530273,1.0,"[8944.92, 964.94, 1008.18]",10918.04,nan,nan,nan,nan,nan
96687747,96732169,0,10882814,South 4th Street,residential,False,False,98.48200000000001,"[849, 906, 1583]",773,44.0,0.002,2.2899999618530273,1.0,"[3938.98, 1287.12, 4656.77]",9882.87,nan,nan,nan,nan,nan
96687750,96716407,0,10879842,South 6th Street,residential,False,True,102.669,796,723,44.0,0.002,1.7699999809265137,1.0,[8894.29],8894.29,nan,nan,nan,nan,nan
96687750,96687751,0,122483547,10th Avenue South,residential,False,True,107.257,704,643,44.0,0.002,1.7599999904632568,1.0,[8455.5],8455.5,nan,nan,nan,nan,nan
96687751,96721669,0,10884323,7th Street South,residential,False,True,103.999,829,756,44.0,0.002,1.090000033378601,1.0,[5976.66],5976.66,nan,nan,nan,nan,nan
96687751,96772612,0,10884323,7th Street South,residential,False,False,61.758,984,879,44.0,0.001,1.2999999523162842,1.0,[4143.65],4143.65,nan,nan,nan,nan,nan
96687751,96687752,0,122483547,10th Avenue South,residential,False,True,106.603,707,646,44.0,0.002,1.090000033378601,1.0,[5769.99],5769.99,nan,nan,nan,nan,nan
96687752,96721670,0,91487775,South 8th Street,residential,False,True,104.913,833,759,44.0,0.002,0.5600000023841858,1.0,[2808.44],2808.44,nan,nan,nan,nan,nan
96687752,96687753,0,122483547,10th Avenue South,residential,False,True,105.666,711,650,44.0,0.002,1.0099999904632568,1.0,[4749.26],4749.26,nan,nan,nan,nan,nan
96687753,96721671,0,10884136,South 9th Street,tertiary,False,True,105.204,837,763,50.0,0.002,1.1100000143051147,1.0,[7769.32],7769.32,2,nan,nan,nan,nan
96687753,96732180,0,10884136,South 9th Street,tertiary,False,False,105.252,864,781,50.0,0.002,1.0099999904632568,1.0,[7060.57],7060.57,2,nan,nan,nan,nan
96687753,96687754,0,122483547,10th Avenue South,residential,False,True,106.359,714,652,44.0,0.002,1.0099999904632568,1.0,[4610.45],4610.45,nan,nan,nan,nan,nan
96687754,96700810,0,10878786,10th Street South,residential,False,False,103.898,780,713,44.0,0.002,1.0399999618530273,1.0,[5527.45],5527.45,2,nan,nan,nan,nan
96687754,96700813,0,10878786,10th Street South,residential,False,True,104.673,"[784, 2721, 2755, 2719]",717,44.0,0.002,1.2200000286102295,1.0,"[1227.25, 2755.86, 234.05, 1244.91]",5462.07,2,nan,nan,nan,nan
96699056,96699057,0,10878701,7th Avenue North,residential,False,True,71.304,"[2357, 717, 2623]",656,44.0,0.002,1.4500000476837158,1.0,"[3227.54, 439.88, 1520.46]",5187.88,nan,nan,nan,nan,nan
96699057,96699058,0,10878701,7th Avenue North,residential,False,True,108.304,"[721, 2586, 2615]",660,44.0,0.002,2.0,1.0,"[754.27, 500.85, 7675.75]",8930.87,nan,nan,nan,nan,nan
96699057,96832632,0,687641943,1st Street North,tertiary,False,True,104.174,"[1076, 2359]",941,50.0,0.002,1.4299999475479126,1.0,"[3937.46, 4839.76]",8777.22,2,nan,nan,nan,nan
96699058,96762607,0,351669850,North 2nd Street,residential,False,False,104.502,"[939, 2364]",836,40.0,0.003,2.059999942779541,1.0,"[5009.53, 5024.27]",10033.8,nan,nan,25 mph,nan,nan
96699059,96699060,0,10878701,7th Avenue North,residential,False,True,106.171,729,668,44.0,0.002,1.2699999809265137,1.0,[7508.63],7508.63,nan,nan,nan,nan,nan
96699059,96908608,0,351669862,North 5th Street,residential,False,True,104.196,"[1107, 2342]",954,44.0,0.002,1.2200000286102295,1.0,"[3414.33, 3597.24]",7011.57,nan,nan,nan,nan,nan
96699060,96699061,0,10878701,7th Avenue North,residential,False,True,106.449,733,671,44.0,0.002,1.3700000047683716,1.0,[7517.22],7517.22,nan,nan,nan,nan,nan
96699060,96766577,0,10883745,North 6th Street,residential,False,True,104.472,948,845,44.0,0.002,1.2100000381469727,1.0,[6819.93],6819.93,nan,nan,nan,nan,nan
96699061,96772161,0,10884265,7th Street North,residential,False,True,105.486,981,876,44.0,0.002,1.2400000095367432,1.0,[6280.56],6280.56,nan,nan,nan,nan,nan
96699063,4377180257,0,10886114,North 10th Street,residential,False,True,6.739,2055,1092,56.0,0.0,0.30000001192092896,1.0,[124.67],124.67,2,nan,35 mph,nan,nan
96699063,4377180264,0,10886114,North 10th Street,residential,False,False,6.885,2069,1094,56.0,0.0,0.2199999988079071,0.6528275105990667,[74.16],74.16,2,nan,35 mph,nan,nan
96699065,96791361,0,10886116,11th Street North,residential,False,True,88.819,1035,913,44.0,0.002,0.0,0.0,[nan],0.0,nan,nan,nan,nan,nan
96699488,96833136,0,444454367,1st Street South,tertiary,False,True,104.51599999999999,"[1089, 1092, 1162, 2639, 2641, 2643, 2645, 1687]",951,50.0,0.002,2.259999990463257,1.0,"[657.95, 2628.01, 715.19, 1656.24, 2453.37, 1621.94, 1194.02, 1073.07]",11999.79,2,nan,nan,nan,nan
96699497,96699498,0,10878732,7th Avenue South,residential,False,True,107.802,760,692,44.0,0.002,0.6700000166893005,1.0,[4148.87],4148.87,nan,nan,nan,nan,nan
96699497,96912621,0,10894908,South 8th Street,residential,False,True,106.194,1115,960,44.0,0.002,0.6700000166893005,1.0,[4264.68],4264.68,nan,nan,nan,nan,nan
96699498,96770934,0,10884136,South 9th Street,tertiary,False,True,104.444,964,861,50.0,0.002,0.7599999904632568,1.0,[5850.55],5850.55,2,nan,nan,nan,nan
96699498,96699499,0,10878732,7th Avenue South,residential,False,True,106.456,"[2657, 763, 2693]",696,44.0,0.002,0.6700000166893005,1.0,"[2086.07, 947.52, 1094.76]",4128.35,nan,nan,nan,nan,nan
96699499,96700808,0,10878786,10th Street South,residential,False,True,102.18,"[778, 2402]",712,44.0,0.002,0.44999998807907104,1.0,"[1824.02, 984.14]",2808.16,2,nan,nan,nan,nan
96700804,96715468,0,10897442,Shetter Avenue,residential,False,True,168.79,"[2001, 1969, 2003, 1971, 794]",721,44.0,0.004,0.49000000953674316,0.4715993710884554,"[309.45, nan, 167.34, nan, 835.54]",1312.33,nan,nan,nan,nan,nan
96700804,96770924,0,10897442,Shetter Avenue,residential,False,False,107.862,"[953, 1986, 1884, 1886]",850,44.0,0.002,0.28999999165534973,0.44506034819405477,"[379.88, 78.34, nan, 40.83]",499.05,nan,nan,nan,nan,nan
96700805,96770925,0,122483551,3rd Avenue South,residential,False,False,105.869,957,853,44.0,0.002,0.2199999988079071,0.6532776261488652,[797.53],797.53,nan,nan,nan,nan,nan
96700806,96770929,0,83591037,5th Avenue South,residential,False,False,107.055,961,856,44.0,0.002,0.49000000953674316,1.0,[2815.55],2815.55,2,nan,nan,nan,nan
96700808,96770934,0,10896800,8th Avenue South,residential,False,False,106.469,965,862,44.0,0.002,0.7699999809265137,1.0,[4647.8],4647.8,nan,nan,nan,nan,nan
96700808,96700810,0,10878786,10th Street South,residential,False,True,109.78200000000001,"[781, 1717]",715,44.0,0.002,0.5,1.0,"[1827.31, 1261.56]",3088.87,2,nan,nan,nan,nan
96700810,96732180,0,10880864,9th Avenue South,residential,False,False,106.698,862,779,44.0,0.002,0.8899999856948853,1.0,[5100.38],5100.38,nan,nan,nan,nan,nan
96700813,96721671,0,10880199,11th Avenue South,residential,False,False,108.874,"[2632, 834, 2756, 2634]",764,44.0,0.002,1.1100000143051147,1.0,"[675.54, 1855.25, 555.09, 599.55]",3685.43,nan,nan,nan,nan,nan
96715468,1371728482,0,"[10897442, 122885310]",Shetter Avenue,residential,False,True,266.589,"[1193, 1201, 1965]",969,44.0,0.006,0.5600000023841858,1.0,"[2056.1, 2457.72, 1054.54]",5568.36,nan,nan,nan,nan,nan
96716407,96721669,0,10880199,11th Avenue South,residential,False,True,105.927,827,754,44.0,0.002,1.6200000047683716,1.0,[7841.14],7841.14,nan,nan,nan,nan,nan
96716408,96755027,0,83591029,13th Avenue South,tertiary,False,False,107.65,890,797,50.0,0.002,1.5,1.0,[8737.95],8737.95,2,nan,nan,nan,nan
96716408,3564514093,0,85691282,South 6th Street,residential,False,False,37.293,1325,1058,44.0,0.001,1.649999976158142,1.0,[2882.75],2882.75,nan,nan,nan,nan,nan
96716408,96755038,0,83591029,13th Avenue South,tertiary,False,True,210.624,"[896, 2391]",803,50.0,0.004,2.6700000762939453,1.0,"[13237.15, 10953.98]",24191.13,2,nan,nan,nan,nan
96716409,96772614,0,10887552,15th Avenue South,residential,False,True,107.262,988,883,44.0,0.002,1.8600000143051147,1.0,[8163.07],8163.07,nan,nan,nan,nan,nan
96716412,96772621,0,10897442,Shetter Avenue,residential,False,True,106.797,"[994, 1867, 1946]",889,44.0,0.002,1.2000000476837158,1.0,"[4565.3, 1388.28, 1119.29]",7072.87,nan,nan,nan,nan,nan
96716413,96772623,0,122483551,3rd Avenue South,residential,False,True,105.792,998,892,44.0,0.002,1.2400000095367432,1.0,[7297.53],7297.53,nan,nan,nan,nan,nan
96716416,1062548254,0,10879843,South 6th Street,residential,False,True,42.817,1137,966,44.0,0.001,1.3600000143051147,1.0,[3156.68],3156.68,nan,nan,nan,nan,nan
96716416,96772625,0,83591037,5th Avenue South,residential,False,True,106.782,1002,895,44.0,0.002,1.3600000143051147,1.0,[7490.76],7490.76,2,nan,nan,nan,nan
96721669,96721670,0,10880199,11th Avenue South,residential,False,True,108.38,831,758,44.0,0.002,0.9100000262260437,1.0,[4418.0],4418.0,nan,nan,nan,nan,nan
96721670,96721671,0,10880199,11th Avenue South,residential,False,True,104.171,835,761,44.0,0.002,1.1100000143051147,1.0,[5631.28],5631.28,nan,nan,nan,nan,nan
96723852,96772158,0,444454418,3rd Avenue North,residential,False,False,107.38,975,869,44.0,0.002,1.590000033378601,1.0,[7853.77],7853.77,nan,nan,nan,nan,nan
96732155,96833136,0,444454367,1st Street South,tertiary,False,False,103.888,"[1091, 1159, 2394, 1684, 2392, 2714]",950,50.0,0.002,2.2899999618530273,1.0,"[5146.38, 518.98, 2148.16, 1240.28, 2274.64, 1046.66]",12375.1,2,nan,nan,nan,nan
96732169,96755227,0,10882814,South 4th Street,residential,False,False,65.855,903,810,44.0,0.001,2.0899999141693115,1.0,[6398.91],6398.91,nan,nan,nan,nan,nan
96732177,96732180,0,10880864,9th Avenue South,residential,False,True,105.853,863,780,44.0,0.002,0.8299999833106995,1.0,[3657.22],3657.22,nan,nan,nan,nan,nan
96732177,96912621,0,10894908,South 8th Street,residential,False,False,102.182,1114,959,44.0,0.002,0.5799999833106995,1.0,[2152.21],2152.21,nan,nan,nan,nan,nan
96732180,96770934,0,10884136,South 9th Street,tertiary,False,False,104.95,963,860,50.0,0.002,0.8299999833106995,1.0,[5725.18],5725.18,2,nan,nan,nan,nan
96748245,96748248,0,10882149,Lincoln Court South,residential,False,True,108.225,869,786,44.0,0.002,0.8399999737739563,1.0,[3728.69],3728.69,nan,nan,nan,nan,nan
96748245,96832919,0,10894908,South 8th Street,residential,False,True,53.355,1081,945,44.0,0.001,0.8399999737739563,1.0,[2766.61],2766.61,nan,nan,nan,nan,nan
96748248,96770925,0,10884136,South 9th Street,tertiary,False,True,52.086,956,852,50.0,0.001,0.30000001192092896,1.0,[1028.7],1028.7,2,nan,nan,nan,nan
96755022,96755023,0,83591029,13th Avenue South,tertiary,False,True,107.21,887,794,50.0,0.002,1.1299999952316284,1.0,[6765.74],6765.74,2,nan,nan,nan,nan
96755023,96755027,0,83591029,13th Avenue South,tertiary,False,True,106.79,891,798,50.0,0.002,1.1299999952316284,1.0,[7124.71],7124.71,2,nan,nan,nan,nan
96755023,3625754271,0,85691270,South 8th Street,residential,False,False,52.241,1406,1080,44.0,0.001,1.5399999618530273,1.0,[3500.74],3500.74,nan,nan,nan,nan,nan
96755224,96755227,0,10882814,South 4th Street,residential,False,True,49.801,904,811,44.0,0.001,2.130000114440918,1.0,[4906.82],4906.82,nan,nan,nan,nan,nan
96755244,3587045926,0,10882814,South 4th Street,residential,False,True,54.714,"[1466, 1403, 1229]",1077,44.0,0.001,2.680000066757202,1.0,"[3604.48, 1032.46, 1414.6]",6051.54,nan,nan,nan,nan,nan
96762604,96832596,0,10889302,3rd Avenue North,residential,False,False,105.32499999999999,"[2545, 2203, 1069, 2207]",934,44.0,0.002,1.850000023841858,1.0,"[482.58, 5142.67, 1582.14, 2204.38]",9411.77,nan,nan,nan,nan,nan
96762605,2922706576,0,10888754,5th Avenue North,residential,False,True,107.872,"[1191, 2599, 2607, 1265, 2257, 2239]",999,44.0,0.002,1.9800000190734863,1.0,"[3034.31, 979.66, 629.01, 959.72, 3560.13, 874.78]",10037.61,nan,nan,nan,nan,nan
96762605,4419335792,0,10888754,5th Avenue North,residential,False,False,127.106,"[2624, 1056, 2248, 2223, 2232, 2618, 2590]",1104,44.0,0.003,1.9500000476837158,1.0,"[546.01, 787.07, 4985.47, 1066.02, 509.89, 482.8, 2941.87]",11319.13,nan,nan,nan,nan,nan
96762607,96832632,0,83591046,8th Avenue North,residential,False,False,107.73099999999998,"[1074, 2587, 2724, 2630]",940,44.0,0.002,1.8899999856948853,1.0,"[528.83, 3650.09, 4385.73, 713.36]",9278.01,2,nan,nan,nan,nan
96766572,96772158,0,444454418,3rd Avenue North,residential,False,True,105.54,976,870,44.0,0.002,1.090000033378601,1.0,[6322.48],6322.48,nan,nan,nan,nan,nan
96766572,96832597,0,444454418,3rd Avenue North,residential,False,False,107.047,"[1072, 2281, 2279]",937,44.0,0.002,1.4900000095367432,1.0,"[2768.7, 1617.33, 3574.76]",7960.79,nan,nan,nan,nan,nan
96766576,96772159,0,444563942,5th Avenue North,residential,False,True,106.985,980,875,44.0,0.002,1.2200000286102295,1.0,[6895.83],6895.83,nan,nan,nan,nan,nan
96766576,96824616,0,444563942,5th Avenue North,residential,False,False,106.436,1060,925,44.0,0.002,1.659999966621399,1.0,[7995.05],7995.05,nan,nan,nan,nan,nan
96766577,96772161,0,83591046,8th Avenue North,residential,False,True,107.151,983,877,44.0,0.002,1.2400000095367432,1.0,[6711.48],6711.48,2,nan,nan,nan,nan
96766577,96908608,0,83591046,8th Avenue North,residential,False,False,106.61,1105,952,44.0,0.002,1.1699999570846558,1.0,[7026.88],7026.88,2,nan,nan,nan,nan
96770924,96912619,0,10897442,Shetter Avenue,residential,False,False,107.09,"[1888, 1110]",957,44.0,0.002,1.0499999523162842,1.0,"[2375.49, 2586.86]",4962.35,nan,nan,nan,nan,nan
96770925,96832919,0,122483551,3rd Avenue South,residential,False,False,108.039,1082,946,44.0,0.002,0.8299999833106995,1.0,[4375.17],4375.17,nan,nan,nan,nan,nan
96770929,96825465,0,83591037,5th Avenue South,residential,False,False,107.001,"[1067, 2887]",933,44.0,0.002,0.8500000238418579,1.0,"[2744.97, 2025.97]",4770.94,2,nan,nan,nan,nan
96770934,96912621,0,10896800,8th Avenue South,residential,False,False,106.813,1116,961,44.0,0.002,0.7599999904632568,1.0,[3868.16],3868.16,nan,nan,nan,nan,nan
96770943,96808783,0,10887552,15th Avenue South,residential,False,False,107.552,1050,919,44.0,0.002,0.3499999940395355,0.4875500827666615,[712.81],712.81,nan,nan,nan,nan,nan
96772614,96808783,0,10887552,15th Avenue South,residential,False,True,105.756,1051,920,44.0,0.002,0.6899999976158142,1.0,[3784.55],3784.55,nan,nan,nan,nan,nan
96772621,96912619,0,10897442,Shetter Avenue,residential,False,True,105.953,"[1877, 1934, 1111]",958,44.0,0.002,1.149999976158142,1.0,"[1335.09, 1464.86, 3891.76]",6691.71,nan,nan,nan,nan,nan
96772623,96832919,0,122483551,3rd Avenue South,residential,False,True,106.604,1083,947,44.0,0.002,1.0700000524520874,1.0,[6580.13],6580.13,nan,nan,nan,nan,nan
96772625,96825465,0,83591037,5th Avenue South,residential,False,True,105.39,1068,931,44.0,0.002,1.149999976158142,1.0,[6803.98],6803.98,2,nan,nan,nan,nan
96791303,4377180251,0,10886114,North 10th Street,residential,False,True,7.036,2041,1086,56.0,0.0,0.18000000715255737,1.0,[65.96],65.96,2,nan,35 mph,nan,nan
96791303,4377180256,0,10886114,North 10th Street,residential,False,False,7.263,2051,1088,56.0,0.0,0.18000000715255737,1.0,[81.71],81.71,2,nan,35 mph,nan,nan
96791305,4377180257,0,10886114,North 10th Street,residential,False,False,100.49,2054,1091,56.0,0.002,0.30000001192092896,1.0,[1312.65],1312.65,2,nan,35 mph,nan,nan
96791305,96791361,0,"[10886116, 83591046]","['11th Street North', '8th Avenue North']",residential,False,"[False, True]",148.314,"[1034, 1037, 1039, 1041, 1043, 1046, 2367]",914,44.0,0.003,0.07999999821186066,0.06155201812064161,"[nan, nan, nan, nan, nan, 6.59, 45.68]",52.27,2,nan,nan,nan,nan
96832632,6720692849,0,687641943,1st Street North,tertiary,False,True,11.734,2589,1109,50.0,0.0,1.4199999570846558,1.0,[1084.02],1084.02,2,nan,nan,nan,nan
1371728481,1371728482,0,"[122885307, 122885311]",nan,residential,False,False,53.063,"[2889, 1194, 1196]",970,44.0,0.001,0.2800000011920929,1.0,"[19.06, 282.36, 394.2]",695.62,nan,nan,nan,nan,private
1371728482,1371728485,0,"[122885308, 122885311]",nan,residential,False,False,50.862,"[1200, 1199]",972,44.0,0.001,0.20999999344348907,0.36937454505396805,"[85.47, 120.26]",205.73,nan,nan,nan,nan,private
1374387579,4419335614,0,444454368,1st Street North,tertiary,False,False,141.719,"[1792, 2149, 2151, 1172, 2165, 276, 2140]",1099,50.0,0.003,2.0299999713897705,1.0,"[1438.21, 448.49, 3862.87, 4579.62, 900.97, 1327.6, 1985.15]",14542.91,2,nan,nan,nan,nan
1375396018,4377126895,0,123282843,Beach Boulevard,primary,True,False,105.07600000000001,"[2021, 2022, 2023, 1239, 1208]",974,56.0,0.002,0.8399999737739563,1.0,"[2042.33, 1870.92, 1278.11, 2261.91, 1405.57]",8858.84,2,US 90,35 mph,nan,nan
1375396018,1401686494,0,126448299,Beach Boulevard,primary,True,False,49.795,1222,976,56.0,0.001,0.8399999737739563,1.0,[4073.59],4073.59,2,US 90,35 mph,nan,nan
2124932338,2922706568,0,1126937650,Beach Boulevard,primary,True,False,106.447,"[2120, 1249, 1244, 2806]",985,56.0,0.002,2.009999990463257,1.0,"[3008.34, 1667.74, 10463.32, 1606.65]",16746.05,2,US 90,35 mph,nan,nan
2124932342,2922706568,0,202526445,Beach Boulevard,primary,True,False,17.302,1246,982,56.0,0.0,1.7699999809265137,1.0,[2578.0],2578.0,2,US 90,35 mph,nan,nan
2124932342,2922788766,0,683228869,3rd Street North,primary,True,False,12.217,1324,1056,56.0,0.0,1.7699999809265137,1.0,[1826.44],1826.44,2,FL A1A,35 mph,nan,nan
2124932342,3574801802,0,683228862,Beach Boulevard,tertiary,True,False,100.598,"[1346, 1347, 1789]",1069,50.0,0.002,2.0999999046325684,1.0,"[1189.93, 8903.19, 1121.22]",11214.34,nan,nan,nan,nan,nan
2922706568,2922706570,0,1311372008,3rd Street North,primary,True,False,80.882,"[2808, 1251, 2125, 1253]",987,56.0,0.001,1.8600000143051147,1.0,"[2461.04, 4850.38, 1601.93, 3488.24]",12401.59,2,FL A1A,35 mph,nan,nan
2922706570,2922706572,0,288716648,3rd Street North,primary,True,False,105.38999999999999,"[1257, 2130, 1254]",990,56.0,0.002,1.899999976158142,1.0,"[8808.07, 3067.19, 4139.15]",16014.41,2,FL A1A,35 mph,nan,nan
2922706572,2922706573,0,288716648,3rd Street North,primary,True,False,103.604,"[2305, 1258, 2300]",992,56.0,0.002,2.009999990463257,1.0,"[4800.89, 3422.32, 7737.11]",15960.32,2,FL A1A,35 mph,nan,nan
2922706573,2922706574,0,288716648,3rd Street North,primary,True,False,104.875,"[1260, 2308]",993,56.0,0.002,2.0399999618530273,1.0,"[7980.34, 8702.48]",16682.82,2,FL A1A,35 mph,nan,nan
2922706574,2922706575,0,288716648,3rd Street North,primary,True,False,104.64999999999999,"[1264, 2020, 2295]",997,56.0,0.002,2.059999942779541,1.0,"[8300.75, 3562.33, 4753.22]",16616.3,2,FL A1A,35 mph,nan,nan
2922706575,4420292085,0,288716648,3rd Street North,primary,True,False,105.763,"[2240, 2311]",1105,56.0,0.002,2.059999942779541,1.0,"[8190.88, 8651.44]",16842.32,2,FL A1A,35 mph,nan,nan
2922706577,4420292085,0,288716648,3rd Street North,primary,True,False,103.768,"[2322, 1269, 2327]",1002,56.0,0.002,2.0199999809265137,1.0,"[7869.51, 5844.11, 2710.5]",16424.12,2,FL A1A,35 mph,nan,nan
2922706577,2922706578,0,288716648,3rd Street North,primary,True,False,104.014,"[1272, 2334]",1005,56.0,0.002,2.0199999809265137,1.0,"[7459.34, 9226.43]",16685.77,2,FL A1A,35 mph,nan,nan
2922706578,2922706579,0,288716648,3rd Street North,primary,True,False,104.557,1275,1007,56.0,0.002,1.9199999570846558,1.0,[15530.74],15530.74,2,FL A1A,35 mph,nan,nan
2922788749,2922788750,0,434303813,3rd Street South,primary,True,False,102.74600000000001,"[1490, 2837, 1278, 1495]",1011,56.0,0.002,2.509999990463257,1.0,"[10773.08, 2204.4, 1806.09, 3374.77]",18158.34,2,FL A1A,35 mph,nan,nan
2922788750,2922788751,0,434303813,3rd Street South,primary,True,False,105.295,"[1281, 1506, 1628]",1014,56.0,0.002,2.569999933242798,1.0,"[7588.77, 1757.2, 9431.45]",18777.42,2,FL A1A,35 mph,nan,nan
2922788751,2922788752,0,434303813,3rd Street South,primary,True,False,104.527,"[1528, 1521, 1282, 2845]",1016,56.0,0.002,2.6600000858306885,1.0,"[2208.57, 7721.36, 7417.02, 1585.24]",18932.19,2,FL A1A,35 mph,nan,nan
2922788752,2922788753,0,434303813,3rd Street South,primary,True,False,106.208,"[1544, 2846, 1287]",1020,56.0,0.002,2.6500000953674316,1.0,"[4681.98, 12962.6, 1453.3]",19097.88,2,FL A1A,35 mph,nan,nan
2922788753,2922788754,0,434303813,3rd Street South,primary,True,False,102.326,"[1616, 1617, 1290]",1023,56.0,0.002,2.559999942779541,1.0,"[3932.11, 9366.02, 5018.18]",18316.31,2,FL A1A,35 mph,nan,nan
2922788754,2922788755,0,434303813,3rd Street South,primary,True,False,104.292,"[1651, 1293]",1026,56.0,0.002,2.359999895095825,1.0,"[8515.66, 9345.42]",17861.08,2,FL A1A,35 mph,nan,nan
2922788755,2922788756,0,434303813,3rd Street South,primary,True,False,104.83500000000001,"[1296, 1672, 1662, 1663]",1029,56.0,0.002,2.2699999809265137,1.0,"[4166.86, 6001.23, 5044.14, 2209.9]",17422.13,2,FL A1A,35 mph,nan,nan
2922788756,2922788757,0,434303813,3rd Street South,primary,True,False,106.164,"[1299, 1675]",1032,56.0,0.002,2.2300000190734863,1.0,"[3880.55, 13962.85]",17843.4,2,FL A1A,35 mph,nan,nan
2922788757,2922788758,0,434303813,3rd Street South,primary,True,False,103.88,"[1690, 1302]",1035,56.0,0.002,2.0999999046325684,1.0,"[8281.83, 8485.73]",16767.56,2,FL A1A,35 mph,nan,nan
2922788758,2922788759,0,434303813,3rd Street South,primary,True,False,103.787,"[1305, 1695]",1038,56.0,0.002,2.0999999046325684,1.0,"[8009.44, 8514.95]",16524.39,2,FL A1A,35 mph,nan,nan
2922788759,2922788760,0,434303813,3rd Street South,primary,True,False,104.689,"[1721, 1308, 1718]",1041,56.0,0.002,2.009999990463257,1.0,"[7824.42, 6680.17, 1958.86]",16463.45,2,FL A1A,35 mph,nan,nan
2922788760,2922788761,0,434303813,3rd Street South,primary,True,False,105.177,"[1735, 1732, 1311]",1044,56.0,0.002,2.0999999046325684,1.0,"[1480.31, 8424.02, 6707.17]",16611.5,2,FL A1A,35 mph,nan,nan
2922788761,2922788762,0,434303813,3rd Street South,primary,True,False,104.325,"[1312, 1740, 1744, 1743]",1046,56.0,0.002,2.309999942779541,1.0,"[3399.72, 1304.86, 8935.82, 4056.88]",17697.28,2,FL A1A,35 mph,nan,nan
2922788762,2922788763,0,683228851,3rd Street South,primary,True,False,103.986,"[1316, 2827, 1751, 1756, 1759]",1049,56.0,0.002,2.190000057220459,1.0,"[3855.18, 1106.29, 7080.97, 3364.13, 1362.03]",16768.6,2,FL A1A,35 mph,nan,nan
2922788763,2922788764,0,683228855,3rd Street South,primary,True,False,104.95,"[1320, 1806, 2831, 1809, 1810]",1053,56.0,0.002,1.75,1.0,"[2216.0, 3022.78, 964.16, 3312.43, 5838.11]",15353.48,2,FL A1A,35 mph,nan,nan
2922788764,2922788766,0,683228855,3rd Street South,primary,True,False,119.66,"[2809, 1322, 1811]",1055,56.0,0.002,1.8700000047683716,1.0,"[2144.03, 3577.88, 12316.35]",18038.26,2,FL A1A,35 mph,nan,nan
2922788766,3574801186,0,683228865,Beach Boulevard,tertiary,True,False,99.39699999999999,"[1794, 1323, 1788]",1057,50.0,0.002,2.119999885559082,1.0,"[1302.62, 1106.09, 8750.62]",11159.33,nan,nan,nan,nan,nan
3574801186,3574801187,0,683228861,nan,tertiary,True,False,1.366,1326,1059,50.0,0.0,2.119999885559082,1.0,[159.69],159.69,nan,nan,nan,roundabout,nan
3574801186,3574801802,0,683228861,nan,tertiary,True,False,12.918,"[1345, 1358, 1359, 2811, 2812, 2813]",1068,50.0,0.0,2.119999885559082,1.0,"[193.07, 265.0, 326.74, 166.47, 264.66, 291.4]",1507.34,nan,nan,nan,roundabout,nan
3574801187,3574801809,0,683228860,North 2nd Street,residential,True,False,19.11,"[1360, 1787, 1327]",1060,44.0,0.0,2.240000009536743,1.0,"[360.46, 694.05, 865.73]",1920.24,nan,nan,nan,nan,nan
3574801187,3574801189,0,683228864,nan,tertiary,True,False,11.312999999999999,"[2820, 2821, 2822, 1328, 1329]",1061,50.0,0.0,2.2200000286102295,1.0,"[297.5, 252.2, 249.9, 246.31, 297.98]",1343.89,nan,nan,nan,roundabout,nan
3574801189,3574801190,0,683228859,nan,tertiary,True,False,1.193,1330,1062,50.0,0.0,2.2200000286102295,1.0,[142.59],142.59,nan,nan,nan,roundabout,nan
3574801189,3574801809,0,10883932,North 2nd Street,residential,True,False,18.329,"[1353, 1354, 1786]",1072,44.0,0.0,2.240000009536743,1.0,"[961.86, 698.04, 220.21]",1880.11,nan,nan,nan,nan,nan
3574801190,4419335615,0,351669848,Beach Boulevard,tertiary,True,False,98.795,"[1796, 1331, 1333, 1334, 1335, 1336, 1337, 1338]",1063,50.0,0.002,2.2300000190734863,1.0,"[4133.68, 1445.96, 882.75, 1010.76, 936.8, 1440.02, 644.75, 429.55]",10924.27,nan,nan,nan,nan,nan
3574801190,3574801799,0,683228859,nan,tertiary,True,False,11.869,"[2817, 2818, 2819, 1351, 1352, 1332]",1064,50.0,0.0,2.2300000190734863,1.0,"[109.9, 268.56, 296.95, 304.01, 272.15, 154.24]",1405.81,nan,nan,nan,roundabout,nan
3574801799,3574801800,0,683228859,nan,tertiary,True,False,1.657,1341,1065,50.0,0.0,2.130000114440918,1.0,[194.14],194.14,nan,nan,nan,roundabout,nan
3574801799,4419335616,0,351669849,Beach Boulevard,tertiary,True,False,95.127,"[1795, 1797, 2168, 1339, 1340]",1102,50.0,0.002,2.1700000762939453,1.0,"[1304.72, 424.17, 243.65, 563.95, 8015.64]",10552.13,nan,nan,nan,nan,nan
3574801800,3574801804,0,683228858,North 2nd Street,residential,True,False,16.349,"[1350, 1342, 1791]",1066,44.0,0.0,2.240000009536743,1.0,"[172.31, 1168.78, 312.22]",1653.31,nan,nan,nan,nan,nan
3574801800,3574801811,0,683228863,nan,tertiary,True,False,10.369,"[2816, 1344, 1343, 2814, 2815]",1067,50.0,0.0,2.130000114440918,1.0,"[283.77, 228.79, 282.01, 135.11, 281.76]",1211.44,nan,nan,nan,roundabout,nan
3574801802,3574801811,0,683228861,nan,tertiary,True,False,1.653,1357,1074,50.0,0.0,2.0999999046325684,1.0,[192.37],192.37,nan,nan,nan,roundabout,nan
3574801804,3574801811,0,351669851,North 2nd Street,residential,True,False,14.514,"[1348, 1790, 1356]",1070,44.0,0.0,2.140000104904175,1.0,"[315.84, 346.14, 795.29]",1457.27,nan,nan,nan,nan,nan
3574801815,3574801815,0,351669853,Beach Boulevard,residential,True,False,66.60499999999999,"[1171, 1456, 1457, 1458, 1459, 1460, 1461, 1462, 1362, 1363, 1364, 1365, 1366, 1367, 1368, 1369, 1370, 1371, 1372]",1076,44.0,0.002,1.9600000381469727,1.0,"[278.57, 277.8, 286.83, 296.72, 272.83, 281.07, 406.1, 478.9, 572.05, 385.59, 288.49, 288.49, 283.62, 277.38, 264.09, 262.57, 266.5, 271.5, 271.32]",6010.42,nan,nan,nan,nan,nan
3587045926,3587045926,0,352916197,South 4th Street,residential,False,False,57.043000000000006,"[1379, 1381, 1383, 1385, 1387, 1389, 1391, 1393, 1395, 1397, 1399, 1401, 1404]",1078,44.0,0.001,2.8499999046325684,1.0,"[296.57, 287.08, 305.33, 286.98, 305.54, 286.18, 318.72, 290.07, 329.66, 291.85, 291.96, 1481.61, 1362.54]",6134.09,nan,nan,nan,nan,nan
3587045926,3587045926,1,352916197,South 4th Street,residential,False,True,57.043000000000006,"[1380, 1382, 1384, 1386, 1388, 1390, 1392, 1394, 1396, 1398, 1400, 1402, 1405]",1079,44.0,0.001,2.8499999046325684,1.0,"[305.33, 296.57, 305.54, 287.08, 318.72, 286.98, 329.66, 286.18, 1362.54, 290.07, 291.85, 291.96, 1481.61]",6134.09,nan,nan,nan,nan,nan
4377180251,4377180256,0,440018001,nan,residential,False,True,94.31400000000001,"[2048, 2050, 2053, 2044, 2046]",1090,44.0,0.002,0.11999999731779099,0.2172181032883122,"[nan, nan, 21.86, 79.98, nan]",101.84,nan,nan,nan,nan,nan
4377180257,4377180264,0,440018002,nan,residential,False,True,84.36699999999999,"[2058, 2060, 2062, 2064, 2066, 2068, 2071]",1096,44.0,0.002,0.30000001192092896,0.31887098790036145,"[357.94, nan, nan, nan, nan, nan, nan]",357.94,nan,nan,nan,nan,nan
4419335612,4419335615,0,444454369,nan,tertiary,True,False,4.726,"[2171, 2179, 2167]",1101,50.0,0.0,1.9700000286102295,1.0,"[128.14, 200.1, 197.79]",526.03,nan,nan,nan,roundabout,nan
4419335614,4419335616,0,444454369,nan,tertiary,True,False,6.281000000000001,"[2170, 2174, 2173, 2166]",1100,50.0,0.0,1.9299999475479126,1.0,"[199.12, 99.7, 199.78, 199.06]",697.66,nan,nan,nan,roundabout,nan
4419335615,4419335616,0,444454369,nan,tertiary,True,False,8.086,"[2176, 2177, 2178, 2169, 2175]",1103,50.0,0.0,1.899999976158142,1.0,"[198.23, 198.34, 197.9, 99.89, 197.13]",891.49,nan,nan,nan,roundabout,nan
